subject_id,trial_id,condition,correct,rt_ms,ern_uv
sub-001,1,correct,1,436.862990027445,-1.7118660760243074
sub-001,2,correct,1,521.3339743504278,-0.3924832099792952
sub-001,3,correct,1,314.8921068400139,0.031007828170335622
sub-001,4,correct,1,463.0659589935644,-1.5198879604723283
sub-001,5,correct,1,501.38024858766096,4.275714820293303
sub-001,6,correct,1,491.3311490621151,-4.626904256475349
sub-001,7,error,0,437.0097449027979,-2.8429618804071586
sub-001,8,correct,1,467.56233323922777,0.89892930897379
sub-001,9,correct,1,459.17202429449895,-0.39155938444031524
sub-001,10,correct,1,510.27276310611546,0.3144380993525111
sub-001,11,correct,1,621.4814826831239,-1.593263794775154
sub-001,12,correct,1,726.7599783462706,-3.9831011260160034
sub-001,13,correct,1,532.9898540108608,2.2722875037722545
sub-001,14,correct,1,451.51614820504034,0.12258145180838242
sub-001,15,correct,1,599.0303468469526,-0.37362631551602976
sub-001,16,correct,1,481.8794365580786,-1.3450815888039935
sub-001,17,correct,1,523.0327589032088,-2.0103214949109534
sub-001,18,error,0,465.6019453345745,2.6564998443251815
sub-001,19,error,0,498.41002834474165,-4.0457223551317085
sub-001,20,correct,1,367.82689321386334,-3.1179535616929144
sub-001,21,correct,1,463.52130752380657,-0.5210989917721919
sub-001,22,correct,1,433.9974073988097,-2.8684672784693674
sub-001,23,correct,1,469.8709448372143,-1.1821437641445587
sub-001,24,correct,1,421.34193447938173,1.8500114131900587
sub-001,25,correct,1,559.0876068172281,-0.9861474380592697
sub-001,26,correct,1,397.19937643033893,-3.3015801147850334
sub-001,27,correct,1,443.8699496267151,-0.057109925237813
sub-001,28,correct,1,306.1403689833376,1.3797146590078702
sub-001,29,correct,1,442.56216416945057,-1.9934991566541937
sub-001,30,correct,1,583.4780068701367,1.0678256047382917
sub-001,31,correct,1,480.8559665962553,-1.562030809153337
sub-001,32,error,0,548.7253083880352,-2.168122104742895
sub-001,33,correct,1,486.34998310735074,2.1409828123078842
sub-001,34,correct,1,386.4842316214582,0.1899933931120414
sub-001,35,correct,1,627.243950690367,-0.44032684455015214
sub-001,36,correct,1,493.83779395066796,-4.917208005787545
sub-001,37,correct,1,425.3203268092939,-0.2679143609924822
sub-001,38,error,0,533.2578015029092,-4.555314751800836
sub-001,39,correct,1,411.14890873269803,-1.8471292779549373
sub-001,40,correct,1,487.7686149283013,-3.6235350695693054
sub-001,41,correct,1,577.2599662717423,-0.9248970159272213
sub-001,42,correct,1,480.8478383754304,-1.4555936864564283
sub-001,43,correct,1,463.3313339598772,1.0936450915312392
sub-001,44,error,0,251.16881085395408,-5.090592446102324
sub-001,45,correct,1,391.1040237535426,4.385971304624941
sub-001,46,correct,1,451.9473406459636,1.5129171958410057
sub-001,47,correct,1,519.2404279561015,-0.38524558848662627
sub-001,48,error,0,541.180292043375,-2.8112972791616437
sub-001,49,correct,1,560.6308403680557,0.394473832001038
sub-001,50,error,0,440.86207030041135,-1.1459655081315376
sub-001,51,correct,1,478.9207775338698,3.94713561328144
sub-001,52,correct,1,446.2828168414823,-1.745986414170846
sub-001,53,error,0,516.8273514967574,-4.586888163372045
sub-001,54,correct,1,362.26964110125675,-1.3721752896355868
sub-001,55,correct,1,401.82583410383484,2.3402400332350624
sub-001,56,correct,1,395.6471719689904,-2.1410727534241247
sub-001,57,correct,1,476.8434850835457,0.9153307894320422
sub-001,58,correct,1,480.14179960708236,0.8550155659207785
sub-001,59,correct,1,493.6784850527891,-2.261306709217627
sub-001,60,error,0,427.5026868658185,-4.078339094531381
sub-001,61,error,0,371.65196169768603,-3.0320053082555054
sub-001,62,correct,1,432.92347237192865,-0.17773672014621136
sub-001,63,correct,1,612.0601519152356,-1.8463734904372102
sub-001,64,correct,1,445.5050958640194,-0.7885321477710959
sub-001,65,correct,1,545.4203456327323,-0.9104148965635824
sub-001,66,correct,1,531.7259791793729,4.5462093785923345
sub-001,67,correct,1,331.70325972791545,-1.5752690284733846
sub-001,68,correct,1,532.5322134002172,-0.3970382554089331
sub-001,69,correct,1,571.373360475436,-2.0700439615378086
sub-001,70,correct,1,489.6403276706773,-0.48288595624462943
sub-001,71,correct,1,513.6828038986463,-3.429973428194729
sub-001,72,correct,1,565.7326483921904,3.9492535738726344
sub-001,73,correct,1,422.539549582329,-1.301820268063097
sub-001,74,correct,1,333.0363916051431,-2.753838339998347
sub-001,75,correct,1,546.1523912514638,-1.5569492307254262
sub-001,76,error,0,594.0310957544444,-4.314258232318036
sub-001,77,error,0,484.8094067954094,-5.875519107924912
sub-001,78,correct,1,351.3368516513042,2.4765779471324993
sub-001,79,error,0,320.706766386577,-4.276188539903487
sub-001,80,correct,1,607.6782657156014,0.020219560202496767
sub-001,81,correct,1,566.3429434532452,-0.49416402637534906
sub-001,82,correct,1,402.65456213757795,-4.283811668866139
sub-001,83,correct,1,514.968728302332,0.4119599688236444
sub-001,84,correct,1,624.1778555075427,0.00138470116152134
sub-001,85,correct,1,506.6218436780663,-1.7513047227151934
sub-001,86,correct,1,400.9319199528235,-0.2300216856133383
sub-001,87,correct,1,481.22751497615036,2.906134004455688
sub-001,88,correct,1,290.85431880999386,1.9139407815475271
sub-001,89,correct,1,620.1323186136337,-0.8754434320899324
sub-001,90,correct,1,428.4407206279635,-0.10032992128509122
sub-001,91,correct,1,461.07306010788017,0.7232871698616342
sub-001,92,correct,1,469.55841850653724,-1.7905891246993473
sub-001,93,error,0,612.9238989023258,-9.010454440042999
sub-001,94,correct,1,514.851142042387,-3.058036119445129
sub-001,95,correct,1,440.8738521299489,-1.449287367587761
sub-001,96,correct,1,496.54172557586094,-3.300834460085315
sub-001,97,correct,1,387.36275402462593,3.0135267288055614
sub-001,98,correct,1,559.0256337659962,0.49490325171292937
sub-001,99,correct,1,468.07637225533864,0.6863428447375435
sub-001,100,correct,1,423.2080372441211,-2.1685478070633453
sub-001,101,correct,1,537.466175229232,1.6876313622122163
sub-001,102,correct,1,468.0136660733931,1.5916436447502706
sub-001,103,correct,1,385.9355786256608,-2.465605280505925
sub-001,104,error,0,458.0439237389145,-1.6556197696601744
sub-001,105,correct,1,468.7781522433526,1.4632386793174517
sub-001,106,error,0,419.14481995608594,-0.9742532186056412
sub-001,107,correct,1,489.85003645081633,-1.0762663449890724
sub-001,108,correct,1,442.84929462766246,-0.7488005423246479
sub-001,109,correct,1,487.7164243650361,-2.6079975484618867
sub-001,110,correct,1,540.5866643816296,5.763071043702284
sub-001,111,correct,1,361.2328031944625,-3.525348280625879
sub-001,112,correct,1,501.1235019055949,1.5150863073681269
sub-001,113,correct,1,524.7133441437221,-3.8492401269661256
sub-001,114,correct,1,584.750010089531,-1.9867814351917084
sub-001,115,correct,1,396.72146528632265,-0.5392757191490836
sub-001,116,correct,1,467.93677781445285,-3.718697620490574
sub-001,117,correct,1,533.8592761251517,-3.193315010580985
sub-001,118,correct,1,410.2529648088764,-1.7410807707314973
sub-001,119,correct,1,425.8919496293724,-0.2177269795926378
sub-001,120,correct,1,478.21626650927124,1.6713885612987804
sub-001,121,correct,1,468.52124822636785,-2.711722378829996
sub-001,122,correct,1,599.8381010035971,-3.127994207808883
sub-001,123,error,0,423.177175025966,-1.4575714462251315
sub-001,124,error,0,460.09229627201483,-0.0798283989676647
sub-001,125,correct,1,351.9715461276325,-3.179539643157951
sub-001,126,correct,1,546.1127902160225,-2.453199323890556
sub-001,127,correct,1,469.7546183663941,-0.8085764792047755
sub-001,128,correct,1,429.41887470770905,-1.180045329064065
sub-001,129,correct,1,483.3990053013903,0.8973286223312922
sub-001,130,correct,1,510.7474096428156,-1.4162916153592457
sub-001,131,correct,1,589.007486036128,-0.7341366973725232
sub-001,132,correct,1,587.3124350631616,2.0342962081923126
sub-001,133,correct,1,506.9596900700271,-0.22320934038493548
sub-001,134,correct,1,374.62117234412773,0.4405237043679756
sub-001,135,error,0,330.6846274717415,-2.3691716628673847
sub-001,136,error,0,448.6023524380799,-4.734017310476966
sub-001,137,correct,1,408.5721877491392,3.8395901690531806
sub-001,138,correct,1,413.9619142496661,-2.1916847705362943
sub-001,139,error,0,411.94676335060416,-1.4135104144561348
sub-001,140,correct,1,388.57692070823765,0.32230471112187487
sub-001,141,correct,1,471.337101569341,0.9734760949230343
sub-001,142,error,0,512.5458852644657,-3.930727685245471
sub-001,143,correct,1,387.0003342224516,-2.2250615615790457
sub-001,144,correct,1,403.60830002864986,2.4489583072166416
sub-001,145,error,0,408.9816000000972,-1.0802155905494564
sub-001,146,correct,1,530.3531704204394,-2.820388515429645
sub-001,147,correct,1,389.490648600717,-4.3527779637521755
sub-001,148,correct,1,400.41597902458716,0.7516905076328396
sub-001,149,error,0,555.1903447634709,-5.5543181455363735
sub-001,150,correct,1,513.6480688056187,0.3642243967949288
sub-001,151,correct,1,538.1915218739699,-3.276334467173152
sub-001,152,correct,1,423.6283794902604,0.772653037785466
sub-001,153,correct,1,464.16301407686274,-0.19647282203375938
sub-001,154,correct,1,403.79663770198755,-1.293648605330361
sub-001,155,error,0,461.2328573198313,-2.4918482134868993
sub-001,156,correct,1,484.9036150080344,-0.42816239740957485
sub-001,157,correct,1,514.6381929516018,3.3832101234534964
sub-001,158,correct,1,541.4134715854588,1.09259724646958
sub-001,159,correct,1,556.0459920439108,1.169978413953638
sub-001,160,correct,1,374.71491740367935,-1.567616149369256
sub-002,1,correct,1,574.0115340850898,-1.8405001250017035
sub-002,2,correct,1,513.7649557324844,-3.637890083368686
sub-002,3,correct,1,535.6218708696476,-4.47980103777989
sub-002,4,correct,1,568.2440609997358,-2.345445389106775
sub-002,5,correct,1,419.5660755662263,-3.6897284080791826
sub-002,6,correct,1,424.73583290299166,0.5552627763390956
sub-002,7,error,0,464.61844190229016,-1.1903772475486454
sub-002,8,correct,1,407.6539591170609,0.6067036684529978
sub-002,9,error,0,367.80317110421163,-3.9631719392392313
sub-002,10,correct,1,435.00210161989185,0.9630285600170845
sub-002,11,correct,1,662.8095052406646,-1.6020318728653233
sub-002,12,correct,1,424.9972409030827,-1.8126431076495118
sub-002,13,correct,1,458.8696105470427,-4.511899606632404
sub-002,14,error,0,367.0078586295603,-4.369954691259874
sub-002,15,correct,1,542.8244326837731,-0.5113304472331539
sub-002,16,correct,1,461.3510870159649,-3.132088965983318
sub-002,17,correct,1,450.23650179588003,-1.3433430564726132
sub-002,18,correct,1,554.6381701334174,-1.0742130783548374
sub-002,19,correct,1,497.72796368821525,-3.73922608816515
sub-002,20,correct,1,323.9403468439548,-0.6215413292293679
sub-002,21,error,0,320.08833446883017,1.2452297265679475
sub-002,22,error,0,384.8340204326619,-1.8376220646092885
sub-002,23,correct,1,367.55042096275315,0.39426571148614564
sub-002,24,correct,1,423.16466202384765,-1.6042940400726553
sub-002,25,correct,1,461.9290993726714,-2.44146457490716
sub-002,26,correct,1,409.92025126929684,-0.2234118210926046
sub-002,27,correct,1,406.7202995463633,-2.668497909227532
sub-002,28,correct,1,347.85329348218306,-1.3625977078339533
sub-002,29,correct,1,479.3375727991356,-1.0311837138652145
sub-002,30,correct,1,488.1038324233928,-1.4608709780855755
sub-002,31,correct,1,366.5923218742504,-2.003301308823205
sub-002,32,correct,1,364.03001973948767,-3.6864595941505267
sub-002,33,error,0,360.3137280131835,-2.172968838555983
sub-002,34,correct,1,413.92313941528994,1.6977296479668764
sub-002,35,correct,1,516.9141369447321,-2.6472862687933914
sub-002,36,correct,1,274.662455806843,2.502636766147519
sub-002,37,correct,1,417.89224719632654,0.24519063521527262
sub-002,38,correct,1,452.69044011746394,-2.5659094026291096
sub-002,39,correct,1,365.0114897737429,-2.1548314606386905
sub-002,40,correct,1,414.7341628625068,-0.8140355754592554
sub-002,41,error,0,450.85926717061824,-4.153022580564353
sub-002,42,correct,1,582.2700173650439,-2.9111172041641913
sub-002,43,correct,1,569.9318993049912,-1.8516212724251397
sub-002,44,error,0,474.99695973126524,-1.0663353101786743
sub-002,45,correct,1,375.0167240552788,4.15596657911917
sub-002,46,correct,1,479.92798990543275,0.8917353285552638
sub-002,47,correct,1,633.7044470726767,0.15143811188498513
sub-002,48,error,0,410.61714463380457,-3.8357763114303873
sub-002,49,correct,1,372.5834175842342,0.7166734990009249
sub-002,50,correct,1,401.28080867288946,0.7923580105562225
sub-002,51,correct,1,396.46063657272816,1.761163856963925
sub-002,52,correct,1,453.0905438214582,-0.8762045295075644
sub-002,53,correct,1,466.9716036752246,0.1761486260422177
sub-002,54,error,0,362.23695979228154,-2.3737235674762247
sub-002,55,correct,1,392.6845225236417,-0.2375939847705441
sub-002,56,correct,1,476.0001433327675,-0.7118486355523601
sub-002,57,correct,1,396.71349765475634,-0.15104832065946044
sub-002,58,correct,1,420.1310829800797,-0.8040562001653309
sub-002,59,correct,1,421.22848681856163,0.7352374202806216
sub-002,60,correct,1,449.7730476156725,0.7242991260079155
sub-002,61,correct,1,485.1416695195528,-0.3182448397344072
sub-002,62,correct,1,538.8177654286696,0.6806821302723625
sub-002,63,correct,1,421.3989217914643,-0.22684529729812897
sub-002,64,correct,1,380.45709568804284,-1.1716818208026596
sub-002,65,error,0,443.6286000635288,-2.189998145939139
sub-002,66,correct,1,356.88894407550754,1.1422030482091812
sub-002,67,correct,1,470.3257195226345,0.7648885411429098
sub-002,68,correct,1,481.69976734750816,-0.4688964826991823
sub-002,69,correct,1,361.6106877195092,0.908637125614105
sub-002,70,correct,1,410.6375910609513,-1.954837892175047
sub-002,71,correct,1,572.4917949651706,0.3605564604439917
sub-002,72,correct,1,507.7031823361959,0.7748808204061546
sub-002,73,error,0,438.845292279376,-2.259483146399684
sub-002,74,correct,1,465.90318220490275,-1.8939737100543685
sub-002,75,correct,1,391.6814233593735,-0.41111820211380923
sub-002,76,correct,1,688.3532771872999,-0.4338153393275443
sub-002,77,correct,1,468.91250006163375,-1.7522397317848486
sub-002,78,error,0,542.9430252282567,-0.776620244557068
sub-002,79,correct,1,488.29064886253303,-0.6405800823535257
sub-002,80,correct,1,418.26035820029176,-0.7258944665940996
sub-002,81,correct,1,496.6594237391069,-1.904192766299014
sub-002,82,correct,1,429.21257768744704,-1.61424047411324
sub-002,83,error,0,425.6245843020118,-0.7426284344303801
sub-002,84,correct,1,330.08504810763293,0.4492125470977344
sub-002,85,correct,1,379.6631531121398,-5.761145489725989
sub-002,86,correct,1,392.9117344107193,-0.2603587392686974
sub-002,87,correct,1,663.9423310478318,-4.0425920386439405
sub-002,88,correct,1,645.738396073115,-1.4477659110225964
sub-002,89,correct,1,422.928004826519,-4.543677846079017
sub-002,90,correct,1,397.2081764917086,-2.4504037407600725
sub-002,91,correct,1,438.50368369609293,0.48794780470590626
sub-002,92,correct,1,483.2746453880395,-6.676943767436448
sub-002,93,correct,1,305.7064849008616,-1.6978664836835848
sub-002,94,correct,1,447.4926865006491,0.7579852467729267
sub-002,95,error,0,420.9260987758364,-2.4028235399560716
sub-002,96,correct,1,517.8214242640298,-0.530792108402182
sub-002,97,correct,1,444.5254971251992,-1.6008333661307317
sub-002,98,correct,1,486.49828397189094,-1.9252426973594376
sub-002,99,error,0,371.0905773403973,-2.377573051068875
sub-002,100,correct,1,308.36894792120006,0.12625628066658534
sub-002,101,correct,1,408.9407287650973,4.3508181597874245
sub-002,102,error,0,496.13576514886256,0.720160022555574
sub-002,103,correct,1,487.0654057620482,2.5995951516689844
sub-002,104,correct,1,341.23409147155246,-3.8543845361354387
sub-002,105,error,0,428.4153334905638,-0.7558150941985308
sub-002,106,error,0,465.4224255199145,-2.911050465291866
sub-002,107,correct,1,378.4833274168031,-2.4541198129491644
sub-002,108,correct,1,477.0279807802614,-1.3227601776455251
sub-002,109,correct,1,498.64420185323115,-3.8059500045487606
sub-002,110,correct,1,470.8381054731521,0.40171420564215266
sub-002,111,correct,1,312.503191045575,-1.7546837147761418
sub-002,112,error,0,486.38199948351956,-3.2164729669177956
sub-002,113,correct,1,475.21842471568675,-1.9650765168807707
sub-002,114,correct,1,420.0163206980035,-2.2085766598255234
sub-002,115,correct,1,481.38812174058285,-3.2385012984308794
sub-002,116,correct,1,528.926938500177,0.6869635192279913
sub-002,117,error,0,353.45672018758694,-1.599905727061344
sub-002,118,correct,1,550.8082502057134,-1.41909726803659
sub-002,119,correct,1,524.4831908543102,-1.620915481180749
sub-002,120,correct,1,428.1836919621373,-2.611912928360931
sub-002,121,error,0,518.0191506412252,-0.9126534633268638
sub-002,122,correct,1,383.5893045414798,-2.5529678337616866
sub-002,123,correct,1,575.5045419408832,1.7976099874697162
sub-002,124,correct,1,527.8708211883278,0.18839755282604131
sub-002,125,correct,1,494.46358745932156,-2.357595035679966
sub-002,126,correct,1,437.1333347086405,-1.6292526161070096
sub-002,127,correct,1,395.52491976108195,-3.4772717074885837
sub-002,128,correct,1,529.4444038330764,3.2799287678680495
sub-002,129,correct,1,467.18100322339,-2.550576129892073
sub-002,130,correct,1,498.9551653245408,0.7991517383092868
sub-002,131,correct,1,540.2493396502638,-3.18111308428488
sub-002,132,correct,1,490.3607132503232,0.6774635532950073
sub-002,133,correct,1,340.6045907744324,-1.8099387452213236
sub-002,134,error,0,566.4010406665864,-0.5635055242614407
sub-002,135,correct,1,447.083877253288,-0.41682900689296826
sub-002,136,correct,1,454.7991853715405,-1.9431191751477568
sub-002,137,error,0,378.5270613689444,-0.7869103182711497
sub-002,138,correct,1,385.9250630724144,-1.849277792684345
sub-002,139,correct,1,462.16341657864626,2.285798108576723
sub-002,140,correct,1,616.8436238527725,-3.053708065091225
sub-002,141,correct,1,445.3278017886616,-2.1239728936430033
sub-002,142,correct,1,418.53364520745237,0.20766295161887716
sub-002,143,correct,1,458.06377175329516,-0.07421119996007142
sub-002,144,correct,1,723.3498385542192,0.06369732019514862
sub-002,145,correct,1,496.29339720700693,-3.276272103715257
sub-002,146,correct,1,490.37300580063607,0.32229066540406526
sub-002,147,correct,1,611.1626648081959,-3.0277195654356506
sub-002,148,correct,1,453.57798864261156,-0.511561356621218
sub-002,149,error,0,515.8884616162029,1.7844651796572106
sub-002,150,error,0,399.9193002468996,-0.36689761496428064
sub-002,151,correct,1,447.1689785696105,-1.631503620995343
sub-002,152,correct,1,539.7044270159672,0.9707366491744724
sub-002,153,correct,1,481.3347177729062,3.728859598585426
sub-002,154,correct,1,343.8485052022869,-1.695056343397588
sub-002,155,correct,1,573.5292963359567,2.2105413786161523
sub-002,156,correct,1,556.5017754055697,0.7480367331377169
sub-002,157,correct,1,478.4143223069462,-1.404648091405301
sub-002,158,correct,1,371.32867997840526,2.6137358678292455
sub-002,159,correct,1,487.9324592951808,0.8048828853415753
sub-002,160,correct,1,558.6621639777857,-5.862012343355429
sub-003,1,error,0,396.84466935577876,-1.8605218151221723
sub-003,2,correct,1,444.6860635681323,2.91652408404398
sub-003,3,correct,1,446.03473992385074,1.1747658534377547
sub-003,4,correct,1,561.6222125190191,-0.7939688890077905
sub-003,5,correct,1,509.92948187032994,0.9092534643445445
sub-003,6,correct,1,507.39954922796124,3.2826393467815
sub-003,7,correct,1,427.0475538971198,1.4542080315664223
sub-003,8,correct,1,453.1070519028965,-1.5298789730174074
sub-003,9,correct,1,547.5323835162835,1.909509502881589
sub-003,10,correct,1,442.74892655340943,-1.410420288208492
sub-003,11,correct,1,506.57031272853334,-1.6913508046019583
sub-003,12,correct,1,457.2681128093918,-0.9860101473927507
sub-003,13,correct,1,434.64118277782427,-1.198061202841293
sub-003,14,correct,1,532.6606506317652,-2.91828577252396
sub-003,15,correct,1,427.35191523087167,-0.04089622403584103
sub-003,16,correct,1,490.72125542055136,3.002865784961288
sub-003,17,correct,1,394.0989679614425,-0.35280403123863535
sub-003,18,correct,1,379.0619622743165,-2.673454069016848
sub-003,19,correct,1,406.31588592433855,-2.066338243036917
sub-003,20,error,0,572.9959716668766,-4.485424218628957
sub-003,21,correct,1,494.1071089242915,-1.941135200220139
sub-003,22,correct,1,448.4856490192577,-4.533873319366046
sub-003,23,correct,1,483.35502753118624,-1.8246587069349909
sub-003,24,correct,1,462.81348023342366,-0.638476572157608
sub-003,25,correct,1,396.6685801087568,3.0543966154726916
sub-003,26,correct,1,519.1332855830295,-1.1934616742110886
sub-003,27,correct,1,546.832609667103,-4.200449411279971
sub-003,28,correct,1,410.5487327148814,2.461970117014184
sub-003,29,correct,1,535.5478195580777,1.5527474252478932
sub-003,30,correct,1,389.3820118289646,0.3633564146804464
sub-003,31,correct,1,292.2688558150786,-2.9522411254771113
sub-003,32,correct,1,437.303850334385,-0.3182267910281128
sub-003,33,correct,1,451.2879497126184,-3.6163439142789118
sub-003,34,correct,1,404.08806733850656,0.06579239502747458
sub-003,35,correct,1,399.4823355623612,-3.354260752388005
sub-003,36,correct,1,481.9695957550517,1.2705910143539823
sub-003,37,correct,1,384.87619329437234,-4.513771749901251
sub-003,38,correct,1,407.30630962914927,4.035599240320187
sub-003,39,correct,1,508.74289229880384,-0.4678013147128046
sub-003,40,correct,1,571.6620575345654,-2.1431714995290867
sub-003,41,correct,1,450.5137474894189,0.5243145480638554
sub-003,42,correct,1,498.21583860757687,5.4475644649893225
sub-003,43,correct,1,484.0733645300824,-2.1777998341702927
sub-003,44,correct,1,455.4988555940795,-0.1421674418195385
sub-003,45,error,0,442.77664815919707,-1.5339966046511748
sub-003,46,correct,1,599.5298035029984,-0.5910479901067097
sub-003,47,correct,1,435.5565854126108,4.109597416330008
sub-003,48,correct,1,579.9344923266183,-0.7627933953365962
sub-003,49,error,0,509.5657470054613,-4.068063190997721
sub-003,50,error,0,387.2884402764909,-4.180059970341456
sub-003,51,correct,1,440.16511530063764,-0.4977215302175896
sub-003,52,correct,1,408.4804284577286,-1.7749449524757088
sub-003,53,correct,1,414.51441940207457,-2.7476331702880716
sub-003,54,error,0,313.53046603944176,-3.9518844826393735
sub-003,55,error,0,571.6966809107842,-3.452749467610788
sub-003,56,correct,1,513.1271357355233,0.5923879784348753
sub-003,57,correct,1,605.2176036843797,0.32835744327715494
sub-003,58,correct,1,472.03470909592573,-0.06694032453207982
sub-003,59,error,0,458.58411911067697,-1.9215996681263692
sub-003,60,correct,1,533.1808403061973,-0.8789172079380972
sub-003,61,correct,1,472.3789578239448,-1.4784081667650173
sub-003,62,correct,1,534.0359677126278,-0.16465148437129568
sub-003,63,correct,1,433.2997202378023,0.33852568840069225
sub-003,64,correct,1,382.11716346164985,-2.018085950193816
sub-003,65,correct,1,514.637749558695,-2.165912691062241
sub-003,66,correct,1,470.99545521895516,-1.8888905565541507
sub-003,67,correct,1,424.61862737868256,-0.9934540594114689
sub-003,68,correct,1,522.4891798664567,0.34966548814172865
sub-003,69,correct,1,523.8332496305959,0.35172089529278755
sub-003,70,correct,1,483.50345115308323,1.6064963073976604
sub-003,71,correct,1,401.0280712398379,-1.7372027975210556
sub-003,72,correct,1,345.70606560631484,0.28157020306575214
sub-003,73,correct,1,518.2772960476668,-2.4616620702301857
sub-003,74,correct,1,452.4047535638889,0.6588559379608561
sub-003,75,correct,1,429.2900974586015,-3.451679067362023
sub-003,76,correct,1,471.8520620602335,0.7735073713820622
sub-003,77,correct,1,476.90703826479523,1.6064380187336893
sub-003,78,correct,1,461.5386129174615,3.0917786348898986
sub-003,79,correct,1,549.4653503347088,-0.5869803972115979
sub-003,80,correct,1,519.909449714254,-2.506518235347678
sub-003,81,correct,1,327.76873625173647,-2.675565544519852
sub-003,82,correct,1,358.8600800539595,-2.48062815368895
sub-003,83,correct,1,622.405768420946,4.238084483152076
sub-003,84,correct,1,528.3963105643821,-2.0442684382326894
sub-003,85,correct,1,591.4203933101703,0.8969107134251999
sub-003,86,correct,1,559.5752137056537,-0.7759545404728176
sub-003,87,error,0,363.21599961105386,-3.4886819543177814
sub-003,88,correct,1,501.4839412131883,0.16956760707073065
sub-003,89,error,0,387.9352683386261,-0.9143136316937635
sub-003,90,correct,1,460.65049644304224,-0.22643719908226548
sub-003,91,correct,1,288.2490350402303,-0.05287084913532236
sub-003,92,correct,1,437.1001471761382,-1.4022796013162833
sub-003,93,error,0,539.5682253081959,-4.237352028085588
sub-003,94,correct,1,500.35031708634324,0.9422504165322914
sub-003,95,correct,1,433.113540009865,-0.9690899563845377
sub-003,96,correct,1,551.9083013046829,3.358722916340699
sub-003,97,correct,1,442.17712933555833,-1.7534127620311568
sub-003,98,correct,1,367.27524860874365,2.174706330165892
sub-003,99,error,0,506.04840702264573,-3.0094032315368575
sub-003,100,correct,1,464.7214304858838,-0.8724751884533177
sub-003,101,correct,1,513.208149062382,-0.8451382789053798
sub-003,102,correct,1,445.7518312520318,-2.7087190299252297
sub-003,103,correct,1,537.8601130838007,0.519152213043772
sub-003,104,correct,1,442.9216184247477,-3.0664605907037825
sub-003,105,correct,1,497.6877767914159,-1.7362554483793393
sub-003,106,correct,1,537.2971496398459,1.5635284333766262
sub-003,107,correct,1,583.572148723641,-1.5923340084334898
sub-003,108,correct,1,538.1317292210001,-0.28775146490011994
sub-003,109,correct,1,271.13325662540086,-1.027378113609792
sub-003,110,correct,1,419.11905590219,1.6927254632877433
sub-003,111,correct,1,397.5883850176555,4.062044619845617
sub-003,112,correct,1,387.7684624835251,-1.051847450891897
sub-003,113,correct,1,440.9726737506491,-0.7605537578053122
sub-003,114,correct,1,479.41036822391357,-0.887707062985877
sub-003,115,correct,1,510.6403631828418,0.6653510934323486
sub-003,116,correct,1,532.2246058928775,1.0815625373378803
sub-003,117,correct,1,425.1957966623743,1.5793359999935521
sub-003,118,correct,1,508.42595326856707,2.216862699932267
sub-003,119,correct,1,455.8650197584798,-1.9630351847219694
sub-003,120,error,0,543.9665388730598,-5.748299653462441
sub-003,121,correct,1,489.142352626244,0.258883719328909
sub-003,122,error,0,496.69883862497204,-6.29511052994205
sub-003,123,correct,1,616.9254329907768,-1.1844836817754978
sub-003,124,correct,1,525.6520822359844,-2.1894844551621846
sub-003,125,correct,1,538.5648427187816,0.5358233814653017
sub-003,126,correct,1,480.9782613410174,1.4099292141796549
sub-003,127,correct,1,534.8277158493826,-2.7516094508169258
sub-003,128,correct,1,386.4838121934954,4.9917265818565495
sub-003,129,correct,1,497.9665162514097,1.5638077971772493
sub-003,130,correct,1,452.7317144683503,3.9181707815859235
sub-003,131,correct,1,279.4748836386015,0.48837681093634705
sub-003,132,correct,1,271.365762808273,-2.590171295943603
sub-003,133,correct,1,574.2142054676859,-0.216272928123301
sub-003,134,correct,1,421.02589395096743,-0.7309551408349702
sub-003,135,correct,1,400.8752872673482,1.5902671187477735
sub-003,136,correct,1,429.16773997781917,-2.5950530186643532
sub-003,137,correct,1,404.5789217832312,-1.449359242048474
sub-003,138,correct,1,355.56130081536645,-0.2704175904232463
sub-003,139,correct,1,485.5410793585909,1.1852766718632874
sub-003,140,correct,1,349.32846835920634,3.3691366082186605
sub-003,141,correct,1,389.6906960189001,2.948833722727546
sub-003,142,correct,1,414.15535514855776,-3.150983170630264
sub-003,143,correct,1,297.5616654787211,1.6303886858968923
sub-003,144,correct,1,572.7344735446277,2.3314836250043767
sub-003,145,correct,1,322.48606900708955,1.054947021905052
sub-003,146,correct,1,366.7382891163609,-1.5286202536735325
sub-003,147,error,0,373.03700671919853,-1.2174323148984705
sub-003,148,correct,1,437.5314637809127,-2.9306579857249653
sub-003,149,correct,1,410.9012781978858,1.058588554789844
sub-003,150,correct,1,435.42188925155665,0.605436995307697
sub-003,151,correct,1,504.45960652424475,-0.2841569289006567
sub-003,152,correct,1,496.6315428840919,-2.6876636583577764
sub-003,153,correct,1,522.3636558777082,1.001526622020237
sub-003,154,error,0,337.0051036250718,-1.3343779913907658
sub-003,155,correct,1,490.0704513436681,2.170277590581317
sub-003,156,error,0,465.3100218432061,-8.637103763762687
sub-003,157,error,0,443.34577643319864,-5.599868178488529
sub-003,158,correct,1,382.2992747257257,-0.2452534354647929
sub-003,159,error,0,463.8708945619417,-0.5503581993464794
sub-003,160,error,0,354.0871592288513,-1.307411244689471
sub-004,1,correct,1,538.7317396662908,-0.1651198750523104
sub-004,2,error,0,387.092722381748,-3.6844344183192526
sub-004,3,correct,1,486.029795624204,-2.2418360558611212
sub-004,4,error,0,462.1004500053975,-0.9238579966346192
sub-004,5,correct,1,610.7164951267273,1.1912033189701594
sub-004,6,error,0,430.79616760638527,-0.8337041033912052
sub-004,7,correct,1,423.7502567924141,-0.1998826929889176
sub-004,8,error,0,517.9078024289163,-0.5099360697340398
sub-004,9,correct,1,515.6858827022872,-0.30719394588208365
sub-004,10,correct,1,511.6587399688309,-1.2655810932386529
sub-004,11,correct,1,526.0636667076508,-1.4764009285231419
sub-004,12,correct,1,436.6997129962835,-1.1016547989791352
sub-004,13,correct,1,521.3684032526276,-0.7019705924382641
sub-004,14,correct,1,402.5946489723143,0.057589614497154384
sub-004,15,correct,1,376.24518027516774,-0.7138322932401502
sub-004,16,correct,1,325.2161258842979,-1.5563983711881064
sub-004,17,correct,1,398.27490340257566,-3.6934152189875102
sub-004,18,correct,1,575.7487708976436,3.0104927293953683
sub-004,19,correct,1,388.8220765812501,2.521099951616604
sub-004,20,correct,1,519.2685206855913,3.7014715842771473
sub-004,21,correct,1,541.8515058477763,-3.1704434212231885
sub-004,22,correct,1,335.1194536116129,-1.6258800625772474
sub-004,23,correct,1,472.9759038556107,-4.324977534450771
sub-004,24,correct,1,287.2311212202496,2.907411404368465
sub-004,25,correct,1,586.8380971607613,-2.763925290759165
sub-004,26,correct,1,454.2099249744725,-0.9195290750159736
sub-004,27,correct,1,507.6747595178232,1.882531423593933
sub-004,28,correct,1,506.71102252515055,0.718176772676031
sub-004,29,correct,1,310.5331617669516,-0.32994120461976884
sub-004,30,correct,1,390.30118382152193,-2.5035417166947957
sub-004,31,correct,1,497.6558709482516,-0.4285406522806151
sub-004,32,correct,1,393.19819994601295,-0.1955611178681163
sub-004,33,correct,1,418.7413025597465,-0.9139892537429417
sub-004,34,correct,1,490.23816152377617,-2.9468582768109934
sub-004,35,error,0,374.13768115755715,-0.6223263127895922
sub-004,36,correct,1,469.86662900638225,1.507983162074411
sub-004,37,correct,1,445.9686537101494,-1.2816433410792039
sub-004,38,error,0,436.6160311116859,2.419415509186232
sub-004,39,correct,1,388.23936280489994,0.2426970184235342
sub-004,40,correct,1,468.8247706961638,-1.910312153689505
sub-004,41,correct,1,412.17849692962693,1.3117162224342396
sub-004,42,correct,1,458.2522327619871,3.3068104384971773
sub-004,43,error,0,355.24693082906333,1.9373425674036047
sub-004,44,correct,1,440.3370468396115,-0.1797013740064945
sub-004,45,correct,1,416.567789093424,-1.9647102992818146
sub-004,46,correct,1,599.6275255126577,0.3090801073037822
sub-004,47,error,0,556.3776775766883,-2.5316205780012515
sub-004,48,correct,1,419.77110199283663,1.5750582848588763
sub-004,49,correct,1,431.1878844900697,0.29186821046535083
sub-004,50,correct,1,401.8975653811271,-0.4236464309012675
sub-004,51,correct,1,472.5324489474894,-0.3632930339010867
sub-004,52,correct,1,474.10002262379595,0.764692187957856
sub-004,53,correct,1,451.5111270113717,-1.8965288632293609
sub-004,54,correct,1,566.3546542217484,-1.0170523795842903
sub-004,55,correct,1,466.8556009474517,3.5706519044760343
sub-004,56,correct,1,409.3853472672445,-2.3082829191842826
sub-004,57,correct,1,589.598135583745,1.4398729327764817
sub-004,58,correct,1,487.5665556347498,-1.1202104430836208
sub-004,59,correct,1,521.6650035102346,1.8503692955369715
sub-004,60,error,0,245.9770132409146,-2.3280598468609806
sub-004,61,error,0,376.8466090318138,-0.7300905597453731
sub-004,62,error,0,456.25815676703763,-2.884710328863945
sub-004,63,error,0,300.2851165869047,-4.8017866587903315
sub-004,64,correct,1,358.2076346168361,0.4732652237903848
sub-004,65,correct,1,399.6743651145699,0.22052743276376408
sub-004,66,correct,1,352.25325592173704,-5.566344301808874
sub-004,67,correct,1,608.8281203549924,-1.5400751273552102
sub-004,68,error,0,545.5245556943855,-3.1267139830217845
sub-004,69,correct,1,445.38392737693573,-2.508771313214004
sub-004,70,correct,1,319.63580134360154,-1.8683696599987871
sub-004,71,correct,1,327.5250394598518,-0.9130038094728687
sub-004,72,correct,1,488.3812534056785,-2.621731619886307
sub-004,73,correct,1,404.4448994717966,-2.8832805315390475
sub-004,74,correct,1,504.28429432653536,-0.3707767960544152
sub-004,75,correct,1,535.3063238476748,0.5814630586614545
sub-004,76,correct,1,378.25927761159426,1.8290913427230295
sub-004,77,correct,1,339.51607918291006,-0.7331514522151631
sub-004,78,correct,1,530.1719375550687,2.613569594141489
sub-004,79,error,0,369.2908596777619,-0.659765822209559
sub-004,80,correct,1,378.9162974414288,-1.8112949924964763
sub-004,81,correct,1,490.8517098119978,-0.08659794362697082
sub-004,82,error,0,450.27093885873376,-0.0653566637843952
sub-004,83,correct,1,385.22183069348205,-1.8201960553924739
sub-004,84,correct,1,510.23449086282466,0.5492296485230715
sub-004,85,correct,1,549.2538686626433,-0.5300159271276177
sub-004,86,correct,1,556.6688634389014,2.1325766013310035
sub-004,87,correct,1,389.52472052861987,-3.9188023034543957
sub-004,88,error,0,509.1180617589199,-2.036545321466879
sub-004,89,correct,1,405.66696201475304,-0.7105626937415406
sub-004,90,correct,1,574.0368222949523,0.5148900507730899
sub-004,91,error,0,520.3097811383502,-0.09480732592337704
sub-004,92,correct,1,375.97162819216237,-4.077016626001536
sub-004,93,correct,1,413.0305020765083,-2.9649391267094924
sub-004,94,correct,1,679.9452932252784,-1.7027358696820727
sub-004,95,correct,1,539.4678327385709,-0.07560967846522404
sub-004,96,error,0,509.30859726093644,-3.9432933718408125
sub-004,97,correct,1,542.2484339316158,0.9222123619290495
sub-004,98,correct,1,570.9013043356318,-1.2632614494330239
sub-004,99,correct,1,485.13505723270526,-5.18693350056954
sub-004,100,correct,1,546.955964318041,-3.721878697692416
sub-004,101,error,0,425.83851949949155,-4.628139918490739
sub-004,102,error,0,352.6874126528046,-4.1337824588696765
sub-004,103,correct,1,531.2807390177704,0.25344459160032984
sub-004,104,correct,1,317.50129299189615,-0.928490060346884
sub-004,105,error,0,449.49584809753503,-2.4041567270538766
sub-004,106,correct,1,522.38833662046,1.6586313164200468
sub-004,107,correct,1,470.77748563894124,-3.41236737420451
sub-004,108,correct,1,500.7055152392695,-0.36265522837630726
sub-004,109,correct,1,483.9148895642677,-1.6135539006852502
sub-004,110,correct,1,560.2470500310992,0.032956663781661066
sub-004,111,error,0,344.3156169304799,2.328112752745055
sub-004,112,correct,1,455.45732243571365,2.591282279781708
sub-004,113,correct,1,459.8811882319595,-2.699061021770111
sub-004,114,error,0,296.6165822877764,-5.017185846388292
sub-004,115,correct,1,420.01815675104945,-3.0149243776404924
sub-004,116,correct,1,512.4854038168969,-0.6697653761187784
sub-004,117,correct,1,401.0983158556163,-3.5891247816846414
sub-004,118,error,0,443.071940386038,-4.0558870409465095
sub-004,119,correct,1,514.7109112190064,-3.245845663169502
sub-004,120,correct,1,450.34107911836816,-1.6866379689660338
sub-004,121,error,0,470.87259319107824,-1.9792708373615286
sub-004,122,correct,1,390.14587633494483,-0.8348284775599881
sub-004,123,correct,1,646.493592880221,-2.514259039411573
sub-004,124,correct,1,390.3404894080171,-2.7342304515596774
sub-004,125,correct,1,575.6873990243618,4.098948781488794
sub-004,126,correct,1,492.5463255634643,-0.08679332110854487
sub-004,127,correct,1,639.7182032236095,0.15450322711169184
sub-004,128,correct,1,353.2402636575232,-0.7412919798605484
sub-004,129,correct,1,262.59385278340005,-0.5624805423747442
sub-004,130,correct,1,475.7954500198895,0.7178908429738745
sub-004,131,error,0,414.07179208340597,-3.649417040412326
sub-004,132,correct,1,378.809584521675,-2.227227451657866
sub-004,133,correct,1,462.2471757418649,-4.102493666548761
sub-004,134,correct,1,373.65087501290066,0.529895290627444
sub-004,135,correct,1,493.07600064050365,-0.36509353607032746
sub-004,136,correct,1,439.1002414486903,-0.7024630360728081
sub-004,137,correct,1,413.51068934023914,-0.2896775123106457
sub-004,138,correct,1,432.6416473431755,-0.5013402431788291
sub-004,139,correct,1,475.27616889039666,2.5035726455080383
sub-004,140,error,0,509.73118779157994,-3.4162017985248836
sub-004,141,correct,1,366.7954535332203,-0.3419161727422031
sub-004,142,correct,1,489.5744802454744,1.5351960678213787
sub-004,143,error,0,537.4738286712661,-0.9727391607224276
sub-004,144,correct,1,414.29606288724426,0.1640050826264533
sub-004,145,error,0,549.3927469622619,0.3094161468349599
sub-004,146,correct,1,566.043837174319,0.7641823292073439
sub-004,147,correct,1,495.50671609624925,-2.8312851396598457
sub-004,148,correct,1,437.40890790333304,-1.754205685551958
sub-004,149,correct,1,307.80312678835537,-1.2413777322395294
sub-004,150,correct,1,376.2369163725646,-0.08507198957990958
sub-004,151,correct,1,484.8000288642933,1.8205820051466461
sub-004,152,correct,1,535.1084883234589,0.7381060031554142
sub-004,153,correct,1,473.72028509647805,-0.7959933939946934
sub-004,154,correct,1,511.68331170424705,-3.4739744169614046
sub-004,155,correct,1,373.12343257338404,-1.464992737119127
sub-004,156,correct,1,491.554337747245,2.3571074233134013
sub-004,157,correct,1,609.4659214305871,-2.566807089515757
sub-004,158,correct,1,597.0800282337531,-1.2146155819667497
sub-004,159,correct,1,473.76132573664756,0.33074823490663796
sub-004,160,correct,1,418.3905574236704,0.5963328623016658
sub-005,1,correct,1,518.1701961978065,-0.3959649711665572
sub-005,2,correct,1,521.8373884899571,-0.7921090415622504
sub-005,3,correct,1,639.9827665825565,-0.04218175193692986
sub-005,4,error,0,395.21032328621277,-1.268847109063492
sub-005,5,correct,1,505.3478937785455,-0.9525260883583452
sub-005,6,correct,1,588.4427339546195,-3.4718814998570577
sub-005,7,correct,1,584.4719043549496,-0.4932792171575364
sub-005,8,correct,1,548.9611168077208,-4.483470412916762
sub-005,9,correct,1,673.5167854099095,-0.2997089890921986
sub-005,10,error,0,412.2855799692484,-0.5304467758743678
sub-005,11,correct,1,374.4942469104785,3.4408962684136624
sub-005,12,correct,1,442.3815519283903,-4.0698713151498165
sub-005,13,error,0,356.368959637422,-2.8111022832586157
sub-005,14,correct,1,502.16967106828577,-0.9920897010334375
sub-005,15,correct,1,383.03734733878963,-0.8225096243280177
sub-005,16,correct,1,459.42824251598717,-3.3129532631076053
sub-005,17,correct,1,434.47093226593995,-2.198747394949762
sub-005,18,error,0,463.6054444599819,-5.486955283490615
sub-005,19,error,0,365.4656083436111,-2.1001234540665
sub-005,20,correct,1,391.5308040055142,-2.6680056453837717
sub-005,21,correct,1,481.870957497519,-1.2614761652883755
sub-005,22,correct,1,436.520717504314,-2.806870203083787
sub-005,23,correct,1,430.83049137620856,-1.542925440529025
sub-005,24,error,0,435.1621256796816,1.1823398645444776
sub-005,25,correct,1,255.80497454482781,1.8264754352124468
sub-005,26,correct,1,505.63238353148284,-1.3569008115753791
sub-005,27,correct,1,438.42685944042927,-1.7432056680546375
sub-005,28,correct,1,462.31255187562647,-0.121683430324803
sub-005,29,error,0,460.8045749097564,-5.754487228637169
sub-005,30,correct,1,490.78703894494475,-1.5514239429004348
sub-005,31,correct,1,494.97415656802724,-1.2440262732209408
sub-005,32,correct,1,456.5939016804913,-3.415201899531155
sub-005,33,correct,1,465.6097358530207,0.3880273116091334
sub-005,34,correct,1,315.514721473963,0.3556898880206564
sub-005,35,correct,1,621.3516091080446,-0.3985663553625754
sub-005,36,correct,1,531.0374470261316,-5.488309183141175
sub-005,37,correct,1,436.2448284241118,0.8731586732095108
sub-005,38,correct,1,468.6807453559018,0.8115979020385934
sub-005,39,correct,1,393.8384686739672,1.346931266671758
sub-005,40,correct,1,401.45800425304026,1.0804046305848578
sub-005,41,error,0,389.37009010599627,-4.002895358916806
sub-005,42,correct,1,273.96475603497055,-0.3517208011104257
sub-005,43,correct,1,534.4152671772863,0.6312329577986423
sub-005,44,correct,1,404.6624073881935,-2.768856814567825
sub-005,45,correct,1,414.2822404139547,-2.2362282078495266
sub-005,46,correct,1,528.7961474738419,-2.0999626576829065
sub-005,47,correct,1,676.674296947381,0.25548953769619065
sub-005,48,correct,1,547.638230844277,3.3514804800408813
sub-005,49,correct,1,539.8230118035302,-3.3023907621862922
sub-005,50,correct,1,520.4629632787633,0.5487408958925076
sub-005,51,error,0,487.3963981575282,-1.9646676960196392
sub-005,52,correct,1,412.3580277040415,1.6812747878012035
sub-005,53,correct,1,380.15350003328336,-1.8553417548419633
sub-005,54,correct,1,383.7586632964251,-2.147640085444275
sub-005,55,correct,1,418.5212000462709,-1.39894817580931
sub-005,56,error,0,428.8429250292904,-5.072362169603808
sub-005,57,correct,1,398.68903298047553,1.0679963154135947
sub-005,58,correct,1,603.0436558529245,0.18007317824612235
sub-005,59,correct,1,469.9042043714034,-0.6515693344294797
sub-005,60,correct,1,569.0550158853455,-5.647965921391332
sub-005,61,error,0,372.14359286642343,-2.428672785882248
sub-005,62,correct,1,552.1014474536322,-2.698841147659212
sub-005,63,error,0,448.643360561598,-2.9500006167747204
sub-005,64,correct,1,379.88585231643424,-0.1516778537232778
sub-005,65,correct,1,536.5012993531601,-0.9530045192665983
sub-005,66,correct,1,472.1290490537183,-2.4784116005763153
sub-005,67,correct,1,505.25163639332123,0.14582241172663313
sub-005,68,correct,1,472.73855835764795,-2.5589737930635166
sub-005,69,correct,1,427.6958691282638,-4.289728009122592
sub-005,70,correct,1,452.27408164685403,1.1347692668612077
sub-005,71,correct,1,622.7205714928408,-4.784425190969477
sub-005,72,correct,1,466.2547280512309,-0.32246687677387714
sub-005,73,error,0,374.90454918273036,-2.8096033944015124
sub-005,74,correct,1,460.4919131102458,2.0874285130332004
sub-005,75,correct,1,432.47068078472176,-2.848700169357937
sub-005,76,correct,1,588.3053185333497,1.6339787524451794
sub-005,77,error,0,489.1256791845417,-3.783563432511211
sub-005,78,correct,1,417.9740745941093,-1.0369920221773934
sub-005,79,error,0,444.54148932111275,-3.627334842682673
sub-005,80,correct,1,543.5505904576446,0.7615046617622446
sub-005,81,correct,1,579.0565626829621,2.71543763279563
sub-005,82,correct,1,464.5542830316133,1.3670420107550614
sub-005,83,correct,1,437.9943051954785,-1.9645170914993906
sub-005,84,correct,1,479.72637629726194,0.36685904301342764
sub-005,85,correct,1,505.21564325301466,-0.4260889887906302
sub-005,86,correct,1,438.2926339019108,-1.2971571379412894
sub-005,87,error,0,449.53665100234673,-2.921488613192236
sub-005,88,error,0,398.91742670481653,-2.9669814873346696
sub-005,89,correct,1,430.0115095039689,-3.673885018946383
sub-005,90,correct,1,434.1491448188479,-2.6564322896183947
sub-005,91,correct,1,501.0277058704055,-1.7653654817991953
sub-005,92,correct,1,430.6517036810147,0.5409703458240783
sub-005,93,error,0,291.19573345325307,-4.981401441882168
sub-005,94,correct,1,501.00747279701136,-1.3516871755619064
sub-005,95,correct,1,493.6285538589387,-2.870529409888871
sub-005,96,error,0,385.2077860363698,-5.1637807253720185
sub-005,97,correct,1,533.1819410087878,-0.5750033633121334
sub-005,98,correct,1,518.4430031796708,-2.688967722531973
sub-005,99,correct,1,356.4945116921714,1.993157068707868
sub-005,100,correct,1,512.2576266045281,-1.2343891168327605
sub-005,101,error,0,413.16894476415087,-1.8463045298581515
sub-005,102,correct,1,543.9905319512326,-4.0578674951943405
sub-005,103,correct,1,527.3467773414815,-2.987513627802587
sub-005,104,error,0,440.8041295056021,-3.7888566625245144
sub-005,105,correct,1,274.2305600167357,0.9340108804094484
sub-005,106,correct,1,479.15066935752475,0.9699008279340379
sub-005,107,correct,1,505.73433621770045,-2.3541847546771977
sub-005,108,correct,1,457.12927031381906,-0.48718427826709365
sub-005,109,correct,1,620.2966630398749,-6.615678215418042
sub-005,110,correct,1,443.98946095057516,-2.690564018078842
sub-005,111,correct,1,591.1207582510149,-0.4734629208319049
sub-005,112,correct,1,474.24680440398555,-1.0543428288426666
sub-005,113,correct,1,326.7012258682794,1.8946386133649367
sub-005,114,correct,1,492.52592589088033,1.3360187497643046
sub-005,115,correct,1,491.5204814917873,-0.6562809191007931
sub-005,116,correct,1,546.9786168437005,-3.085535227980243
sub-005,117,error,0,370.84618491150104,-4.081245791077449
sub-005,118,correct,1,407.7407795795563,-2.610201174915861
sub-005,119,correct,1,348.3941538934562,-1.8301876659076903
sub-005,120,error,0,324.7330476306058,-1.203993001979789
sub-005,121,error,0,389.32713665536073,-3.2215018478681214
sub-005,122,error,0,487.52799429105073,0.3335278207897412
sub-005,123,error,0,378.3594737215489,-3.9378180079417096
sub-005,124,correct,1,403.39239642517157,-1.1615984496169935
sub-005,125,correct,1,549.9887711659052,-3.1471280157882315
sub-005,126,correct,1,407.4230661227243,-4.362486203034461
sub-005,127,correct,1,441.9650952318512,0.12458396788760107
sub-005,128,correct,1,571.0507096261025,-1.6457818913760622
sub-005,129,correct,1,475.2673433426153,1.477898042553258
sub-005,130,correct,1,622.877180964303,-0.2593584776440094
sub-005,131,correct,1,378.7407202444714,-1.9465724033765115
sub-005,132,correct,1,483.0895989450971,2.9706984267938723
sub-005,133,correct,1,409.5095697505645,-1.1936939778375615
sub-005,134,correct,1,402.5673688250943,-0.43758889303289406
sub-005,135,correct,1,370.8892533566795,-2.521631320918249
sub-005,136,correct,1,302.9207150675975,-3.2606182925701135
sub-005,137,correct,1,596.9014571917322,-0.3519375976078926
sub-005,138,correct,1,388.89142300318474,-3.1539285976769467
sub-005,139,correct,1,369.09411941704764,-4.794785266172979
sub-005,140,correct,1,392.65465429942134,-0.9516104720175299
sub-005,141,correct,1,535.6026307353758,1.8778591576865455
sub-005,142,correct,1,576.3209939425376,0.7041463515496652
sub-005,143,correct,1,409.77104211613107,-2.833460401679005
sub-005,144,correct,1,327.75545436991706,-2.6729961378525444
sub-005,145,error,0,376.24543060288744,-2.4502393512668736
sub-005,146,correct,1,472.088371630005,-2.3535750506599635
sub-005,147,correct,1,313.44057532627903,-3.836354877435222
sub-005,148,correct,1,458.6251813153732,-1.7792874592656216
sub-005,149,correct,1,541.9591521730682,1.2378539068756331
sub-005,150,correct,1,393.4665722905621,2.674387485887784
sub-005,151,error,0,595.8654454546988,-3.9545322069686764
sub-005,152,correct,1,386.2781027070946,-1.1772250564994797
sub-005,153,correct,1,426.9672146750704,-0.8800688220054587
sub-005,154,correct,1,549.5796589301463,-1.2952304694127457
sub-005,155,error,0,391.5283474593275,-0.8212598886019118
sub-005,156,correct,1,370.60855338057,-1.7416650174540371
sub-005,157,correct,1,460.55599385137856,0.13329923382606612
sub-005,158,correct,1,422.0785337461657,-0.9559854734353861
sub-005,159,correct,1,567.340362787361,-2.3300602815248417
sub-005,160,correct,1,491.18671466952225,-2.353606237158145
sub-006,1,correct,1,384.8744016808141,0.6113193892991242
sub-006,2,correct,1,520.0422109057769,-4.557955496274517
sub-006,3,correct,1,426.1801065267231,0.836340994300792
sub-006,4,correct,1,449.0662251661365,0.46543561878229434
sub-006,5,correct,1,360.3283407411539,-2.3145760685654095
sub-006,6,error,0,461.23087204571783,-0.5216390435395508
sub-006,7,correct,1,413.6020408338592,-2.630888388011882
sub-006,8,correct,1,539.2150976426783,-0.9184205310811024
sub-006,9,error,0,357.182195652477,2.459172014333449
sub-006,10,correct,1,528.3071026314226,-1.5348545842051182
sub-006,11,error,0,419.4257328687611,3.149904650962365
sub-006,12,correct,1,435.7835595522362,1.693163299007706
sub-006,13,correct,1,443.570997546428,0.8605902867297117
sub-006,14,correct,1,485.5226367629471,2.1684240619163595
sub-006,15,correct,1,448.78015078533616,-2.2299670299594085
sub-006,16,error,0,369.2635676577013,-0.03477353227273916
sub-006,17,correct,1,423.4838580043023,-2.451539047202645
sub-006,18,correct,1,453.85031198616434,1.5673811875347003
sub-006,19,correct,1,452.9454314796426,-1.285973580104042
sub-006,20,correct,1,485.6623014435548,-2.9321588470608386
sub-006,21,correct,1,579.6309926909076,0.00024768542547648487
sub-006,22,correct,1,548.1254178087135,-0.16280394019107558
sub-006,23,correct,1,530.6959220698416,2.399831744711046
sub-006,24,correct,1,517.6674002220933,-1.5575315616204537
sub-006,25,correct,1,469.72411182274607,-4.726269912210217
sub-006,26,correct,1,410.1680839859708,-2.2350694316942166
sub-006,27,correct,1,463.5495952325169,-0.19110358342414208
sub-006,28,error,0,602.8798252947511,-0.6807001714348745
sub-006,29,correct,1,490.01119584555744,-3.0361516480908373
sub-006,30,error,0,427.16410683761006,0.7628741212719008
sub-006,31,correct,1,535.518776592165,-4.859630166993654
sub-006,32,error,0,531.9826905582473,1.9431604746013222
sub-006,33,error,0,426.3849936493909,-1.106413335709521
sub-006,34,error,0,311.1510205747294,-1.6556771506117676
sub-006,35,correct,1,361.47581431443894,-0.42152426470168847
sub-006,36,correct,1,491.99805396282227,-0.5034655155932929
sub-006,37,correct,1,476.8480882955511,-0.677731112829089
sub-006,38,error,0,608.6329560417288,-1.6431713329149376
sub-006,39,correct,1,445.68477672018736,0.8346408421962077
sub-006,40,error,0,455.22694651498415,-2.950051790883344
sub-006,41,correct,1,485.19426122547725,-1.4728951105933108
sub-006,42,correct,1,471.79550077404315,0.4207216391980976
sub-006,43,correct,1,498.1466714952794,-1.2272788866537958
sub-006,44,correct,1,466.66114293504955,-1.1885478041041346
sub-006,45,error,0,482.490222743805,-1.029974834596377
sub-006,46,correct,1,601.4733556187537,-0.47022704808401644
sub-006,47,correct,1,527.9034445689474,-3.3826213634844216
sub-006,48,correct,1,437.9919671167616,-0.3050995426035118
sub-006,49,error,0,451.03728770262643,-3.1888111668756434
sub-006,50,correct,1,569.4457848763701,-1.6765982739463892
sub-006,51,correct,1,327.23654631410415,1.0789064773396222
sub-006,52,correct,1,591.2820069379386,-1.8813798704685007
sub-006,53,correct,1,565.1054441355744,0.43205011910407265
sub-006,54,correct,1,545.4817743013639,3.481672571011461
sub-006,55,error,0,318.96369362690876,-0.22923958667247613
sub-006,56,correct,1,581.3567308968233,-1.5277825739684316
sub-006,57,correct,1,419.18945443015355,3.0356764322865013
sub-006,58,correct,1,420.1052754362909,0.12570808414053014
sub-006,59,correct,1,374.92394499053785,-4.91278695088296
sub-006,60,correct,1,520.5985821846837,2.316713226709155
sub-006,61,correct,1,537.6721109608466,-0.3341775425182928
sub-006,62,correct,1,506.39340348141997,-1.7855154005991247
sub-006,63,error,0,419.8105304414485,-0.3230366623699866
sub-006,64,correct,1,589.7077988374001,-1.2125577583145133
sub-006,65,correct,1,391.83986470838465,-2.121838017848044
sub-006,66,correct,1,573.047454841294,1.8876705060881793
sub-006,67,correct,1,480.7795740782118,0.6158464938470021
sub-006,68,correct,1,567.9008370745483,-2.546403949580264
sub-006,69,correct,1,524.7393907050458,2.29680366597715
sub-006,70,correct,1,376.56274938288743,0.08007436263588719
sub-006,71,correct,1,395.8850697282651,-2.071695814746172
sub-006,72,correct,1,485.7185005836432,-1.9144088193402955
sub-006,73,correct,1,575.3394310993708,0.34095203659354867
sub-006,74,correct,1,493.33980100385156,-0.14842534639569221
sub-006,75,error,0,456.7757350971743,-4.194592409875839
sub-006,76,correct,1,474.81874402833716,-3.4496026360304763
sub-006,77,error,0,313.1497781017374,-1.5128381433734353
sub-006,78,correct,1,391.4649814300862,-2.3313577814783497
sub-006,79,correct,1,427.5184076034954,-2.21550541867681
sub-006,80,error,0,520.9213885471277,-1.0120638601625482
sub-006,81,correct,1,428.7953719563091,-2.565655186602221
sub-006,82,error,0,388.8003281846293,2.1852594872339326
sub-006,83,error,0,364.6350688422605,-1.8665898267281298
sub-006,84,correct,1,504.354484604031,-0.480940266432598
sub-006,85,correct,1,349.17943585938895,3.2174489747693498
sub-006,86,error,0,466.36400275318357,-5.7095320123567435
sub-006,87,correct,1,521.1469555031522,-1.6376663374554656
sub-006,88,correct,1,419.7108532268172,-1.730119902546903
sub-006,89,correct,1,305.0591999115574,-0.43622233617177403
sub-006,90,correct,1,386.4133423565937,1.4039878525679743
sub-006,91,correct,1,428.6283974993054,-3.564586594989128
sub-006,92,correct,1,418.78444984355883,-2.4823014508734804
sub-006,93,correct,1,612.5420593595874,-2.801731621609852
sub-006,94,correct,1,583.1336901445998,-2.5103437340350334
sub-006,95,correct,1,334.15323374132083,1.2866230122739135
sub-006,96,correct,1,525.9363140612938,-3.051271992414175
sub-006,97,correct,1,320.9194588863951,2.1708204758965457
sub-006,98,error,0,530.520199972984,-3.0915063700224987
sub-006,99,error,0,443.8049084428325,-0.8595282668538115
sub-006,100,error,0,392.20337058692536,0.30242759472171366
sub-006,101,correct,1,376.97421696174723,-0.210212920350709
sub-006,102,correct,1,643.7530004107757,0.7194583696287495
sub-006,103,correct,1,522.5633630213173,-4.014283795426957
sub-006,104,correct,1,473.185903452563,1.7524107962337512
sub-006,105,correct,1,500.859301253305,-2.2864608887776354
sub-006,106,correct,1,526.3361340425803,-4.105242280873172
sub-006,107,error,0,386.2745512977775,2.018419056185186
sub-006,108,correct,1,530.655904763114,3.4135341071101606
sub-006,109,error,0,492.70886173404557,-0.7170883237714737
sub-006,110,correct,1,638.2990855519445,3.4668032033135585
sub-006,111,correct,1,617.8690311534677,-1.63963329606291
sub-006,112,correct,1,468.1743542143273,-0.7008177052307103
sub-006,113,correct,1,531.2076046646318,-3.6664232042009375
sub-006,114,correct,1,521.0185328343471,-0.09243337415767727
sub-006,115,error,0,413.1287737439505,0.6679599057311101
sub-006,116,correct,1,493.8180747013501,1.639077699839269
sub-006,117,correct,1,471.05637373045977,-1.9690198520864262
sub-006,118,error,0,331.97450138299075,-0.44409932693742726
sub-006,119,correct,1,589.2439252642957,-3.182940258581365
sub-006,120,error,0,411.8458155282185,-4.572934977270044
sub-006,121,correct,1,407.09166831028784,0.4612640121599687
sub-006,122,correct,1,539.0208556485832,-1.9365699535350758
sub-006,123,error,0,426.2214717572811,-1.478998567630129
sub-006,124,error,0,399.82698848918034,1.167292178711061
sub-006,125,correct,1,518.0875541149533,1.3813896953900815
sub-006,126,correct,1,468.1372999304127,-3.0825486521667043
sub-006,127,correct,1,420.25203092720574,-1.5135992975324484
sub-006,128,correct,1,429.6348361746089,-1.5108348919711108
sub-006,129,correct,1,442.26980275418777,-0.05636489728837141
sub-006,130,error,0,379.36889709333036,-0.9345867551179926
sub-006,131,correct,1,414.1555170377197,-0.28600955328561556
sub-006,132,correct,1,507.51852043157686,1.2865476082526541
sub-006,133,correct,1,426.10552976374,-1.7232448936847469
sub-006,134,correct,1,416.2253706489622,-2.8471148771685924
sub-006,135,correct,1,328.3545967637862,0.10753328838663379
sub-006,136,correct,1,419.9132138337295,1.5322132306622458
sub-006,137,correct,1,330.69485616653856,3.270333240845678
sub-006,138,correct,1,450.359051377989,4.330574551083445
sub-006,139,correct,1,383.07932744372357,-0.29868834213819884
sub-006,140,error,0,475.6858712631146,-1.0351328720287203
sub-006,141,correct,1,561.4909572987401,-0.8878903415113615
sub-006,142,correct,1,440.93567882589264,0.22551890438148015
sub-006,143,error,0,403.11338916007116,-3.2572246258879423
sub-006,144,error,0,584.6524815744781,-1.216939186797388
sub-006,145,correct,1,443.0975497700932,-2.7573202905048646
sub-006,146,correct,1,566.9413360865146,-4.576878442048116
sub-006,147,correct,1,348.3609324051687,-0.3434071756583092
sub-006,148,error,0,315.0846926675777,-0.7744511613018282
sub-006,149,error,0,326.87213913140613,-0.9385171204829122
sub-006,150,correct,1,505.0723886276984,-0.8634842714134545
sub-006,151,correct,1,535.1514993596005,-1.781935763887211
sub-006,152,correct,1,381.86110406622066,0.6068197870043872
sub-006,153,error,0,455.0794044379496,-1.5192244446871137
sub-006,154,correct,1,404.76690141063386,2.539886534529752
sub-006,155,correct,1,489.4443848794057,-1.153994307979755
sub-006,156,correct,1,535.847630378991,-2.9814376506109683
sub-006,157,correct,1,530.7458896284343,-1.206425182979681
sub-006,158,correct,1,566.4241329029704,-4.306554330316317
sub-006,159,correct,1,313.3364051942833,-2.262626286722878
sub-006,160,correct,1,473.7674069112394,-0.6726990554460245
sub-007,1,correct,1,502.3962196573856,-0.8848255742676694
sub-007,2,error,0,529.0361348524432,-4.683060573115203
sub-007,3,correct,1,476.2006514327208,-0.5187638210966189
sub-007,4,correct,1,384.75929083914883,-2.623045852263594
sub-007,5,correct,1,303.2271539485552,-1.6075390819818662
sub-007,6,correct,1,391.7506345851532,1.436150899274627
sub-007,7,correct,1,418.7303484244816,-1.3647461818271205
sub-007,8,correct,1,479.92481682697036,2.2296215369032737
sub-007,9,correct,1,286.5423773239627,0.3829121022756583
sub-007,10,correct,1,426.758611069154,-1.2281007515681628
sub-007,11,correct,1,281.2104939217147,-1.5165228970086915
sub-007,12,correct,1,630.8847995707378,-0.03482378703208677
sub-007,13,correct,1,475.907460715008,1.7720687086559443
sub-007,14,correct,1,465.27142332187174,-0.8976974930135174
sub-007,15,correct,1,521.547712575211,-1.9667324209258616
sub-007,16,correct,1,616.2528798075524,0.8678450218812208
sub-007,17,correct,1,476.03433159032176,1.6814290081563013
sub-007,18,correct,1,455.66223542877304,-0.5836355780952937
sub-007,19,correct,1,516.2311059307847,0.5605027016961561
sub-007,20,correct,1,521.0676946079773,-2.168795611860663
sub-007,21,error,0,481.0823682400236,-2.6816287580924674
sub-007,22,correct,1,516.3627266408279,-0.8198472665035238
sub-007,23,error,0,480.372893402498,-2.7638243560598696
sub-007,24,correct,1,476.6889711692468,0.9046298860128752
sub-007,25,correct,1,498.60163385321096,-0.21573403276817082
sub-007,26,error,0,465.30286418642237,-1.3037402741972328
sub-007,27,correct,1,582.4147360593419,-1.0916730906025194
sub-007,28,error,0,369.70102441643695,1.7831534675253966
sub-007,29,correct,1,536.8512293609948,-2.7644743117786694
sub-007,30,correct,1,526.4469765524997,-1.5722212413230454
sub-007,31,error,0,474.7056781303206,-2.749097496054273
sub-007,32,correct,1,589.400917544152,0.7680042849897748
sub-007,33,correct,1,405.60645978105515,1.2865397031010606
sub-007,34,correct,1,399.05324289707903,-1.8005332198750683
sub-007,35,correct,1,505.97122594560716,-3.6407190200242043
sub-007,36,correct,1,548.7732787963953,0.16109783016526025
sub-007,37,correct,1,489.4450311257496,-2.0872088341666784
sub-007,38,correct,1,557.8735225709386,0.5093099905655794
sub-007,39,correct,1,485.56779969271713,1.6049723915271785
sub-007,40,correct,1,470.24031881253893,-4.239434002745169
sub-007,41,correct,1,349.8467096152642,-3.392457551051211
sub-007,42,correct,1,418.0645457677751,-0.9504861025653943
sub-007,43,correct,1,592.122232208407,1.9405706422861349
sub-007,44,correct,1,434.03551878105907,-2.554206729981149
sub-007,45,correct,1,552.4664437217685,-5.037712158931354
sub-007,46,error,0,544.8190501925304,-5.273722633235554
sub-007,47,correct,1,481.73076949260354,-1.85872710367499
sub-007,48,correct,1,397.9466134165987,2.6074655518439975
sub-007,49,correct,1,365.3266218011962,-1.136871612432004
sub-007,50,correct,1,250.1101540977896,-0.9948562558234328
sub-007,51,correct,1,693.967270414468,-0.6295635482067906
sub-007,52,correct,1,446.5270452430692,-3.320503697419788
sub-007,53,error,0,410.54803529854496,-2.063559363922926
sub-007,54,error,0,381.5678200747733,-2.260373746403287
sub-007,55,correct,1,508.05489237893306,-1.9067058783471835
sub-007,56,correct,1,587.2430729426904,2.7926717771117806
sub-007,57,correct,1,502.8587897538065,-4.526237079314598
sub-007,58,correct,1,559.0945817508808,1.1597026622123412
sub-007,59,correct,1,386.21020456935923,-0.448185464081023
sub-007,60,correct,1,585.4499345960238,0.7161757744753732
sub-007,61,correct,1,538.007991029037,1.2221081801014648
sub-007,62,correct,1,515.6246368267336,4.116267526743139
sub-007,63,correct,1,463.54482237730184,0.8741681934268073
sub-007,64,correct,1,553.6330433608605,-2.352507308826791
sub-007,65,correct,1,504.7551292473074,-0.1145764484410362
sub-007,66,correct,1,375.89932840019054,-0.31429340943058676
sub-007,67,correct,1,446.6550733436534,-1.4175277708124074
sub-007,68,correct,1,518.7862093635791,-2.779801817580487
sub-007,69,correct,1,432.78501277555904,-0.15937521262909826
sub-007,70,error,0,506.40364479149923,-6.4346255621807735
sub-007,71,correct,1,503.94604378289614,-0.9986110326002015
sub-007,72,correct,1,394.9342659217588,-3.9349362643261676
sub-007,73,correct,1,530.2249145309818,-1.2064434514040534
sub-007,74,correct,1,664.4403806204441,-0.08788545520330093
sub-007,75,correct,1,508.428929817232,-0.3082668539629704
sub-007,76,correct,1,507.96500428545477,1.0906300192029796
sub-007,77,correct,1,578.7259896533583,1.201298378531697
sub-007,78,correct,1,397.0489916566893,-3.356937452901202
sub-007,79,correct,1,573.0987919600194,-0.8642663954088915
sub-007,80,correct,1,564.5857602206846,-2.7533946474666005
sub-007,81,correct,1,472.10495036632096,-0.6631745141283624
sub-007,82,correct,1,536.3481970917856,1.606144604717518
sub-007,83,correct,1,525.9196514838609,0.4811809054489111
sub-007,84,correct,1,382.5668200561545,0.6516635430798463
sub-007,85,correct,1,309.92937047998873,0.14244564624241385
sub-007,86,correct,1,581.927141551762,-2.0492572439835497
sub-007,87,error,0,409.0282630562547,-4.209138193135459
sub-007,88,correct,1,406.5233159704271,-1.4012831466122702
sub-007,89,correct,1,593.6410228444577,-5.376688571556404
sub-007,90,error,0,511.06063028848905,-1.9272754874574773
sub-007,91,correct,1,522.501658884384,1.3873837290639421
sub-007,92,error,0,552.05128696485,-3.75900229470591
sub-007,93,correct,1,305.11154259989155,0.15211746953323857
sub-007,94,error,0,403.4012200092012,-1.7653256890781721
sub-007,95,correct,1,320.4249337771096,-0.31792681746679047
sub-007,96,correct,1,456.6366514768942,-4.917150041801669
sub-007,97,correct,1,455.71014535315027,-1.8704436596908487
sub-007,98,correct,1,420.57714679300875,-2.3770009752576944
sub-007,99,correct,1,499.6446497442516,-0.6518127335420725
sub-007,100,correct,1,395.82170176721104,-0.530052460104218
sub-007,101,correct,1,408.0316307224358,-0.1028385173247367
sub-007,102,error,0,350.3252233667546,-1.9277936314160224
sub-007,103,correct,1,418.5505721724982,-2.2936663134628557
sub-007,104,correct,1,297.10305303168093,-2.410107012949446
sub-007,105,correct,1,514.5046033485419,-1.75085330531953
sub-007,106,correct,1,427.8826045883727,-1.3535789903955258
sub-007,107,correct,1,477.24493288973275,0.9583402254636013
sub-007,108,correct,1,531.9571911766905,-0.7666965500456577
sub-007,109,correct,1,379.1214900877916,3.257346636169572
sub-007,110,correct,1,449.5348300387334,0.4694870135176461
sub-007,111,correct,1,438.8894929013391,-0.44694874584703453
sub-007,112,correct,1,442.8226821168313,1.8460604273742722
sub-007,113,correct,1,572.2211363395195,-0.33389708090167164
sub-007,114,error,0,499.11372145357706,-3.9857234700770485
sub-007,115,correct,1,413.8609686105906,-2.647189265222779
sub-007,116,correct,1,373.5053490356232,-1.678302803589209
sub-007,117,correct,1,391.6464878040882,2.302836700550648
sub-007,118,correct,1,610.4754487363821,2.820139047527902
sub-007,119,error,0,537.2551658839312,-5.482514523636937
sub-007,120,correct,1,302.6145186628599,-0.6324106313053105
sub-007,121,correct,1,337.18806944863996,0.24187983073201225
sub-007,122,correct,1,661.8455897788726,-3.9753681013816156
sub-007,123,correct,1,412.5195243382941,0.10804536794913278
sub-007,124,correct,1,504.51062311487465,0.5707561361382043
sub-007,125,error,0,245.17648007341336,-4.081020132059361
sub-007,126,correct,1,513.4128200327275,-1.7432932367569713
sub-007,127,error,0,462.7729823075149,-0.6474653844699385
sub-007,128,correct,1,405.0168616340113,-1.2925516656416307
sub-007,129,correct,1,539.0665901266427,1.8519643789400153
sub-007,130,correct,1,456.73366652583,-2.245135742875412
sub-007,131,correct,1,451.08476150294854,1.838966365483934
sub-007,132,correct,1,417.2344237099619,-3.919937849314792
sub-007,133,correct,1,533.840193016828,-4.36478960623158
sub-007,134,correct,1,448.00651084340205,-1.3839162038058708
sub-007,135,correct,1,360.97102936906253,1.6056030826286707
sub-007,136,correct,1,492.3863476077867,-0.2605685138216963
sub-007,137,correct,1,489.52004755291347,-5.245146153440729
sub-007,138,correct,1,515.4952335362455,-3.519043301670486
sub-007,139,correct,1,527.2961977327526,0.4382076574234275
sub-007,140,correct,1,471.24353616129014,-0.6935331048240573
sub-007,141,error,0,440.70851650318,-4.236420646497234
sub-007,142,error,0,281.3735286928355,1.669210042032546
sub-007,143,correct,1,406.8082642272985,-0.7134147361852855
sub-007,144,correct,1,479.3898182089535,-1.1230832663707
sub-007,145,correct,1,618.1569913052437,-6.58784798111672
sub-007,146,error,0,480.5577515598352,-2.8182673728146814
sub-007,147,error,0,465.4735198018124,-4.962898198380914
sub-007,148,correct,1,492.8419874538327,-3.6814023492801553
sub-007,149,error,0,399.46673018229006,-5.104467328374399
sub-007,150,error,0,662.2861418500554,-1.6112421826821368
sub-007,151,correct,1,324.07870533986994,0.9435184497818974
sub-007,152,correct,1,504.07455235905786,-0.8812053038826488
sub-007,153,correct,1,515.4541246833885,-0.6051176387579862
sub-007,154,correct,1,394.1928510096451,-1.178897654412002
sub-007,155,correct,1,621.0319892668107,1.6096374592931244
sub-007,156,correct,1,455.8438764366649,3.1132602547479715
sub-007,157,correct,1,408.8038647533456,-4.0678593673871335
sub-007,158,correct,1,488.57795293892366,1.7136846826719323
sub-007,159,error,0,516.5806670392421,-1.1617510950486507
sub-007,160,error,0,411.24001582251964,-1.227117456133025
sub-008,1,correct,1,495.46620679467907,0.9418012031170779
sub-008,2,correct,1,370.0824792658063,-1.8384361015320876
sub-008,3,correct,1,411.4021291506797,0.8757999990596226
sub-008,4,correct,1,499.4393964530424,-2.3730158615656514
sub-008,5,correct,1,414.2506985173071,-1.9750589651046637
sub-008,6,correct,1,497.90006415462557,-1.765782944525694
sub-008,7,correct,1,520.8905096956836,-0.36995379872533996
sub-008,8,correct,1,510.72890395199533,-0.6043519868947098
sub-008,9,correct,1,468.54242971552566,-2.2451402871610613
sub-008,10,correct,1,426.0448741370627,0.05366943108322553
sub-008,11,correct,1,551.611935014011,0.003281411615877583
sub-008,12,correct,1,403.7241363591556,2.5663290667079472
sub-008,13,correct,1,370.36561806795476,0.8316239664748444
sub-008,14,correct,1,485.1890138148005,0.4179594402310408
sub-008,15,error,0,375.0527571212064,-3.720659412561017
sub-008,16,correct,1,537.679616327385,-1.1402890024946877
sub-008,17,error,0,464.33939075726386,-0.7405995339218865
sub-008,18,error,0,251.32557392681355,-1.9382688067554459
sub-008,19,correct,1,298.5390062056249,-0.9801551879913107
sub-008,20,correct,1,352.2876301113502,-1.1256404121034786
sub-008,21,error,0,447.95882770346725,0.28171563596484006
sub-008,22,correct,1,466.44316928867886,-2.0847704370384075
sub-008,23,error,0,408.8008591182319,0.8662578863795036
sub-008,24,correct,1,440.47421674811915,-2.1836847611944066
sub-008,25,correct,1,451.5029787314324,-0.10754913298585037
sub-008,26,error,0,484.32575654118693,-1.861830283303952
sub-008,27,correct,1,455.1912721826316,-1.736054575057464
sub-008,28,correct,1,307.1975188811151,1.1621056922607829
sub-008,29,correct,1,407.9562816282736,2.704453253579877
sub-008,30,error,0,495.245875599394,-4.427281579008842
sub-008,31,correct,1,467.99615225679975,2.2851461850881867
sub-008,32,correct,1,494.6337617233896,0.8912787223470353
sub-008,33,correct,1,440.9421935485211,1.6740690340862936
sub-008,34,error,0,451.7200644302178,-5.619063075391027
sub-008,35,correct,1,472.3708113880415,1.8384159265991358
sub-008,36,correct,1,434.8845247991625,1.1510096452051155
sub-008,37,error,0,345.8570331115139,-6.830239281846682
sub-008,38,correct,1,370.02745913167934,1.2401067587940817
sub-008,39,correct,1,363.43035250962964,-1.8341777063044806
sub-008,40,correct,1,376.3087790573967,-1.7105856916513855
sub-008,41,correct,1,496.679836250802,-0.5355750215356068
sub-008,42,error,0,434.81802833022914,-0.0789032522811195
sub-008,43,correct,1,455.4056443797148,2.1950572358803857
sub-008,44,correct,1,564.8513602468624,-0.5448795699195343
sub-008,45,error,0,456.70748585834855,-0.1739298798399016
sub-008,46,error,0,490.6232128126562,-1.4559280223977673
sub-008,47,correct,1,498.2528269727615,-0.04400503470652259
sub-008,48,correct,1,508.1544711304843,-2.954015869091288
sub-008,49,correct,1,455.8461541972904,4.5147648657906165
sub-008,50,correct,1,420.4381521067091,2.494698737331653
sub-008,51,correct,1,391.06114508664484,0.45609678409092547
sub-008,52,correct,1,470.9193760934259,-2.365194793592374
sub-008,53,correct,1,479.0025679533412,0.6887821739966892
sub-008,54,correct,1,581.9312790059296,-1.6048439448432206
sub-008,55,error,0,587.0862282320245,-0.7734929366219332
sub-008,56,correct,1,522.6072067598482,-1.8923277580314144
sub-008,57,correct,1,420.33335492282185,0.3255486168820131
sub-008,58,correct,1,524.2651849397923,-1.2515041296020815
sub-008,59,correct,1,598.1302825348919,0.8030414249796216
sub-008,60,correct,1,632.7541997788984,3.509487119398151
sub-008,61,correct,1,491.0665895879047,-0.6691256164305437
sub-008,62,correct,1,449.7331386687271,-1.5721142133988737
sub-008,63,correct,1,467.3585056731523,0.26917032422232445
sub-008,64,correct,1,404.49210192372686,-3.3617761622990985
sub-008,65,error,0,492.9642403404788,-1.922558859966788
sub-008,66,correct,1,582.057960140595,-2.1723879989883503
sub-008,67,correct,1,572.8949683750211,-2.221888306649597
sub-008,68,correct,1,466.3758353082075,-2.7463957763419593
sub-008,69,correct,1,523.2154210967512,-2.1630100107814294
sub-008,70,correct,1,460.37582843809423,-0.7682359894056665
sub-008,71,correct,1,403.0688467457556,2.3342465178395315
sub-008,72,correct,1,575.0489115171756,2.001469957786364
sub-008,73,correct,1,597.77480594962,-0.6878865137480314
sub-008,74,correct,1,557.8351959048733,-1.897596764497986
sub-008,75,correct,1,341.0892755669913,-1.4330650928705422
sub-008,76,correct,1,457.7262542443803,-4.025796359353748
sub-008,77,correct,1,501.0341500590686,1.7676659514462172
sub-008,78,correct,1,456.45293624629323,-3.867744981328803
sub-008,79,correct,1,340.2258594344431,-0.21738854182354167
sub-008,80,correct,1,362.16241532417325,-0.08973358623939803
sub-008,81,correct,1,477.94561878127206,1.1392771622114974
sub-008,82,correct,1,339.4296049954587,0.7887114528252173
sub-008,83,correct,1,396.65885989863784,-1.9439306940019836
sub-008,84,error,0,427.7110785208806,1.4844786624967496
sub-008,85,correct,1,460.1132598642765,-1.1174380178825556
sub-008,86,correct,1,551.8140097072967,1.6368757289334783
sub-008,87,correct,1,512.0065559230692,0.4885113536316069
sub-008,88,correct,1,422.7321285219427,1.3894627173298468
sub-008,89,correct,1,441.61946801345533,-2.132209527980795
sub-008,90,correct,1,424.0389224876406,-2.076775340695328
sub-008,91,correct,1,484.74347010142105,-1.672122469898704
sub-008,92,correct,1,435.16878921604973,-0.2370848693360743
sub-008,93,correct,1,524.0138303127546,-0.7549247277866932
sub-008,94,correct,1,375.3686118137392,1.6976328775982594
sub-008,95,correct,1,400.3467254371245,-2.730227330282987
sub-008,96,correct,1,398.3300973784076,1.2317817299476905
sub-008,97,correct,1,579.5865378417436,2.8245910905313183
sub-008,98,correct,1,378.9798168028627,0.20476230811049317
sub-008,99,correct,1,463.41763340407624,4.893247238834022
sub-008,100,correct,1,510.3784432961988,1.030745797554718
sub-008,101,correct,1,472.9535340133555,1.353928126683096
sub-008,102,error,0,440.9404372508314,-2.5580779693136324
sub-008,103,correct,1,526.445427930669,-3.2541261953699783
sub-008,104,correct,1,362.1753628545489,-3.95151413263794
sub-008,105,correct,1,315.5975892993003,3.423384729139424
sub-008,106,correct,1,420.6184386379227,0.35642218554365457
sub-008,107,correct,1,299.8118758494726,-1.4498328509067577
sub-008,108,correct,1,458.4068594749013,0.47386335246305855
sub-008,109,correct,1,395.76643159137774,-2.1068677044029624
sub-008,110,correct,1,383.61996886813756,-0.310525467542165
sub-008,111,correct,1,573.9277910041766,-0.8401979418847529
sub-008,112,error,0,501.5006653764296,-4.448098008129246
sub-008,113,correct,1,598.1189447575726,-2.0294509402615573
sub-008,114,correct,1,524.3632881642046,0.2730189254878984
sub-008,115,correct,1,604.1434420450763,-1.5734220502162737
sub-008,116,correct,1,457.91891457794185,-2.8130615166931463
sub-008,117,correct,1,473.6085992012051,0.13956811271984287
sub-008,118,correct,1,553.7078338557485,-0.4960483183576032
sub-008,119,correct,1,358.5640652244841,1.503407484666831
sub-008,120,correct,1,489.66708950490744,5.405298359599064
sub-008,121,correct,1,575.032904520129,-0.7333559259372182
sub-008,122,correct,1,473.89355493496737,-1.72454133003848
sub-008,123,correct,1,292.1930358374349,2.3824624837064805
sub-008,124,correct,1,528.0658863674382,-3.772676256812688
sub-008,125,correct,1,574.2759307192342,-3.4635443162568516
sub-008,126,correct,1,351.6967614865992,-0.23609089365580485
sub-008,127,error,0,482.95070680185165,-3.97295305963918
sub-008,128,correct,1,524.2777333449518,1.8337057413519011
sub-008,129,correct,1,401.563645228577,0.956476060543376
sub-008,130,correct,1,482.64367728616287,0.3107599475609216
sub-008,131,correct,1,516.1157097167031,1.5068408359151548
sub-008,132,correct,1,363.53892124570825,1.8457585842207929
sub-008,133,correct,1,508.2646793265735,-1.5645162035970832
sub-008,134,correct,1,391.7352760206153,-3.300092880945079
sub-008,135,correct,1,316.4200644066396,-1.9223412438048553
sub-008,136,correct,1,362.289904150322,0.7415547552727277
sub-008,137,error,0,512.0972438057505,-2.375652591484966
sub-008,138,error,0,440.2387473476715,-1.0402584328111362
sub-008,139,correct,1,380.6958588179242,1.2698900706453624
sub-008,140,correct,1,409.57594055087196,5.096056460527779
sub-008,141,correct,1,322.00374125618544,-0.19922694874327362
sub-008,142,correct,1,369.01707847304755,-0.21763265308564428
sub-008,143,correct,1,514.5210003242205,-1.8721953585096955
sub-008,144,correct,1,609.3775440177619,-1.4928911366726008
sub-008,145,correct,1,479.0032480634317,0.71810448501851
sub-008,146,correct,1,456.0810012455644,-4.172067587677971
sub-008,147,correct,1,438.08385130726333,2.860811862282585
sub-008,148,correct,1,677.7866491509737,0.33085050551568584
sub-008,149,correct,1,499.6756179800128,-1.3265907047855536
sub-008,150,correct,1,352.1854829770254,0.5141168445763948
sub-008,151,correct,1,457.7150713565516,-2.2516067174458136
sub-008,152,correct,1,476.66290336820276,-0.09595517905684822
sub-008,153,correct,1,503.2076832008969,-0.47037134244254364
sub-008,154,error,0,540.0482061943353,-1.199842841161655
sub-008,155,correct,1,362.1941583541694,1.2698454950208125
sub-008,156,correct,1,457.11255910486886,-0.010921398206070076
sub-008,157,error,0,489.24842886189595,-3.608516043195344
sub-008,158,error,0,450.92984393780154,-2.663466189046529
sub-008,159,correct,1,487.0415326978267,-1.1379020765383439
sub-008,160,error,0,383.9625724061805,-0.09575063535502171
sub-009,1,error,0,414.90568511500703,-4.810774793465518
sub-009,2,correct,1,507.2040647001623,3.6721256693416033
sub-009,3,error,0,571.9249843693652,-5.7922835538703765
sub-009,4,correct,1,389.2661744525868,1.1970527082873685
sub-009,5,correct,1,430.6106955484804,-1.676675404299437
sub-009,6,correct,1,426.43022088529716,-4.212342299990236
sub-009,7,correct,1,517.744972617543,1.1673338540976357
sub-009,8,correct,1,462.431356718774,-1.2781153973267587
sub-009,9,correct,1,504.0407032702971,-0.4357809601920354
sub-009,10,error,0,576.849481024326,-3.4118047238286158
sub-009,11,correct,1,434.48170496965724,-0.9785484976386634
sub-009,12,correct,1,386.2937537945679,-0.19379804533180667
sub-009,13,correct,1,383.12642820847657,-0.9373952483183652
sub-009,14,error,0,502.25029810148897,-2.7232472437549404
sub-009,15,correct,1,546.5064702658701,-2.076717791841979
sub-009,16,error,0,425.3706117661158,1.4794664609943282
sub-009,17,correct,1,506.4106301802956,-2.525428922290883
sub-009,18,error,0,539.1794964685625,-3.3223217876636215
sub-009,19,correct,1,606.5953300442472,-3.8996995753138117
sub-009,20,correct,1,310.17971416693166,0.2729278216346645
sub-009,21,correct,1,455.9086542396983,-2.61063436733684
sub-009,22,correct,1,564.1321579802968,-0.867410510908023
sub-009,23,correct,1,489.9755770954483,-3.161250550308895
sub-009,24,error,0,399.5623786871402,-3.1640912734666964
sub-009,25,correct,1,419.6889152832301,-2.9315065580434676
sub-009,26,correct,1,397.4698734078163,0.9832940936105363
sub-009,27,correct,1,457.0585905140738,-1.128151509219634
sub-009,28,error,0,424.47737996172464,-4.014892350185468
sub-009,29,correct,1,443.63801923785655,0.13919044080618165
sub-009,30,error,0,491.791825095684,-5.986643447998853
sub-009,31,correct,1,401.7240414146129,2.330936513354197
sub-009,32,error,0,381.85943203605297,1.1002938098754667
sub-009,33,correct,1,550.0526556123821,-3.1137863342879815
sub-009,34,error,0,455.24968215571124,-0.647806861210589
sub-009,35,correct,1,521.259406599561,1.2861437382424552
sub-009,36,correct,1,352.18177516559,-0.21721726140813039
sub-009,37,correct,1,412.146199972549,4.832930161284857
sub-009,38,correct,1,472.0328168002084,0.4671255785035448
sub-009,39,correct,1,421.3319554488344,0.5892656865272166
sub-009,40,error,0,462.4667526185749,1.333256539971939
sub-009,41,correct,1,652.4021449938969,0.42539722930336815
sub-009,42,correct,1,409.67914953317245,-2.0745062595328445
sub-009,43,correct,1,482.18664080650416,2.9021010661974405
sub-009,44,correct,1,381.6799165756014,0.5059750164149166
sub-009,45,correct,1,425.0508896490262,1.3063814691873454
sub-009,46,error,0,424.7326547993239,-1.1063679122233214
sub-009,47,correct,1,426.78881953992146,-4.436219297275429
sub-009,48,correct,1,608.4397059790498,-3.2996299941946035
sub-009,49,correct,1,407.8027799373281,-2.690891656607895
sub-009,50,correct,1,406.7316656986124,-0.29724821074645685
sub-009,51,correct,1,534.752059372081,-3.108471612766761
sub-009,52,correct,1,456.6117339331373,0.28300629464865285
sub-009,53,correct,1,639.665085355653,-1.6286844734211168
sub-009,54,correct,1,513.6972556101489,-1.4142911273545569
sub-009,55,correct,1,425.94852967750023,1.5418300473579687
sub-009,56,correct,1,551.5406328154252,-2.156563635614062
sub-009,57,error,0,370.31277688104007,-2.315948387615409
sub-009,58,correct,1,391.2595509531819,1.8352649132762795
sub-009,59,error,0,433.7005319558572,-3.417569176481539
sub-009,60,correct,1,517.9406034691474,2.321355414649971
sub-009,61,correct,1,565.8463328283373,-1.6213336132048315
sub-009,62,correct,1,400.6023078344199,0.19754258768872673
sub-009,63,correct,1,682.2424960799494,-0.3137343383497875
sub-009,64,correct,1,517.7683967264927,0.7778424207912351
sub-009,65,error,0,471.0786599908136,-0.46425914230029663
sub-009,66,error,0,442.5163346715402,-1.5502133051947624
sub-009,67,correct,1,471.23544867404036,-0.39627148779521604
sub-009,68,correct,1,398.0249431972162,-0.344574188275138
sub-009,69,correct,1,462.3589879247997,-2.03280015803986
sub-009,70,correct,1,356.755584118277,4.555006451134454
sub-009,71,correct,1,476.84890825786397,-1.6190312187320113
sub-009,72,correct,1,559.4055835781732,0.9443272317319988
sub-009,73,correct,1,381.40180875421265,-1.523040517638931
sub-009,74,correct,1,426.0237803405649,-1.6564047830396984
sub-009,75,error,0,508.2565867919893,-3.2262338380198265
sub-009,76,correct,1,442.81590503257155,-0.378425605954107
sub-009,77,correct,1,380.7111018782974,-2.5731122832672764
sub-009,78,error,0,434.8222612079785,-0.2928981760819185
sub-009,79,error,0,480.06581746482084,-4.951164493844652
sub-009,80,correct,1,375.13295793946565,-0.2145461462395004
sub-009,81,error,0,555.8933478224757,1.0841774807983942
sub-009,82,correct,1,306.973253956091,2.768829481336305
sub-009,83,correct,1,474.2140041811985,-0.05295478475488591
sub-009,84,correct,1,582.3240991631498,-1.8632919305818945
sub-009,85,correct,1,331.93240662549647,-0.7363721584591859
sub-009,86,correct,1,364.62489687360085,-1.84389872598033
sub-009,87,correct,1,409.58053190886994,0.9509851204487492
sub-009,88,correct,1,416.808885690695,-1.6588084364787636
sub-009,89,correct,1,583.6739023796551,-1.4625312255545928
sub-009,90,error,0,421.26105118728407,-1.3017496554020538
sub-009,91,correct,1,609.9571341701917,-1.4928721664405789
sub-009,92,correct,1,511.22902688031934,-0.883695624801311
sub-009,93,correct,1,545.2519180818828,-3.1256757422031227
sub-009,94,correct,1,363.11852443782743,-1.982250595376909
sub-009,95,correct,1,630.1725614964051,-2.7291278843102718
sub-009,96,error,0,431.0558865484798,0.574561274236302
sub-009,97,correct,1,438.32702206350683,2.4528227385556747
sub-009,98,correct,1,535.2602400464555,-0.07281992874023574
sub-009,99,correct,1,419.9331499080541,-1.7041479567215863
sub-009,100,correct,1,333.1018899454035,-0.15236610028502112
sub-009,101,error,0,508.89141503164063,-2.079222227966593
sub-009,102,correct,1,534.5480830188085,1.5440449045203775
sub-009,103,correct,1,385.15955929799287,0.5742366122040441
sub-009,104,correct,1,318.20934882761094,2.5678379637396236
sub-009,105,correct,1,433.3393346055758,0.0641064078232953
sub-009,106,correct,1,658.0753103903995,1.9591124995188118
sub-009,107,correct,1,513.4547883346643,-0.5663251428703966
sub-009,108,correct,1,574.3311909136938,0.1730621150223977
sub-009,109,error,0,355.628720585858,-2.7934849875329997
sub-009,110,correct,1,422.6917300578418,-3.29947544916708
sub-009,111,error,0,422.90559476777526,-4.783075234212071
sub-009,112,correct,1,592.3956541613848,-2.656365981161974
sub-009,113,correct,1,482.87261198117915,1.1680852344017911
sub-009,114,correct,1,469.53804351050167,-2.3870999815949197
sub-009,115,correct,1,511.1136768646459,1.3914944824086182
sub-009,116,error,0,487.365708720359,-4.383023772559158
sub-009,117,correct,1,520.5852433437125,-0.22372585159156458
sub-009,118,correct,1,419.91284328468197,-0.5061191847879354
sub-009,119,correct,1,515.2892985707174,-3.3676902202493957
sub-009,120,correct,1,361.6916815441739,-0.7564147051828494
sub-009,121,correct,1,375.54669026208234,-0.7740353240687766
sub-009,122,error,0,363.4578094322092,0.0979261586961655
sub-009,123,correct,1,540.7985363086179,2.5309803575168512
sub-009,124,correct,1,370.30280255285834,0.010196184727340796
sub-009,125,correct,1,407.133247952176,-2.937632024358196
sub-009,126,correct,1,283.5555021479223,-3.1195665325060165
sub-009,127,correct,1,503.3829248746674,-0.12754098151781856
sub-009,128,error,0,275.7136136107594,-1.9914349503711892
sub-009,129,correct,1,511.03238293225536,-1.6148793438460747
sub-009,130,correct,1,525.7759208134004,-3.3697758682919705
sub-009,131,correct,1,523.7471776445245,-2.1576696822187937
sub-009,132,error,0,437.9823610933718,0.19325695561473855
sub-009,133,correct,1,495.568544910959,-2.0316025041529575
sub-009,134,correct,1,455.77754919455094,-2.153568741571092
sub-009,135,correct,1,429.112819192133,1.9344818671403279
sub-009,136,correct,1,366.2099670396017,1.6258112990173785
sub-009,137,error,0,352.85203443773844,-2.0119816279214016
sub-009,138,correct,1,475.4794800334515,2.1804719804202986
sub-009,139,correct,1,447.4054769171279,1.794593484702061
sub-009,140,correct,1,400.64890423156487,-1.5177859915702232
sub-009,141,correct,1,497.0296155743445,-3.475039655715584
sub-009,142,correct,1,400.44133337018195,1.5732345517429611
sub-009,143,correct,1,508.7368113944633,2.8782011951176134
sub-009,144,correct,1,564.4477281198438,2.6573424674344786
sub-009,145,correct,1,339.7161802981404,-2.1224259205715588
sub-009,146,correct,1,443.0992018501466,0.07493104382672572
sub-009,147,correct,1,403.4658145294003,-0.8417922284552233
sub-009,148,correct,1,472.3292137183433,-0.7302889591672405
sub-009,149,correct,1,592.2959421125444,-2.0780437221317363
sub-009,150,correct,1,569.2936436733769,-4.3231801453102525
sub-009,151,correct,1,443.6450426905635,-0.8380563245581039
sub-009,152,correct,1,501.9526807652979,0.7702548107509557
sub-009,153,correct,1,604.6489240508354,1.0005080539138071
sub-009,154,correct,1,465.0360028774097,-0.7821570171258849
sub-009,155,correct,1,521.7816639687036,-0.8670526540850421
sub-009,156,correct,1,463.0970549042201,0.8018737523076447
sub-009,157,correct,1,469.4281773849932,1.2411181753835399
sub-009,158,correct,1,521.5634645817591,-2.328680461295942
sub-009,159,correct,1,381.17078641513274,0.22240661261431288
sub-009,160,correct,1,462.76535391065346,0.03524536701489317
sub-010,1,correct,1,536.7816844734233,-6.250490678270748
sub-010,2,correct,1,510.7653068818456,-2.5357458155241495
sub-010,3,correct,1,513.0652314463129,2.209782848977003
sub-010,4,correct,1,516.5983038305432,1.5054456708399686
sub-010,5,correct,1,499.2120627337316,0.6991045275177539
sub-010,6,correct,1,536.6666232759596,3.0473800321672995
sub-010,7,correct,1,515.1705905845349,-5.290578496703713
sub-010,8,correct,1,477.13490930227715,0.36811529707792906
sub-010,9,correct,1,499.4389676654466,-0.587540763978857
sub-010,10,correct,1,524.560818293507,-0.4923617439194206
sub-010,11,correct,1,449.8173297180356,-1.5456273658067157
sub-010,12,error,0,459.74921241065925,-0.2558264273095676
sub-010,13,error,0,506.3765601183706,-3.8581478899420567
sub-010,14,correct,1,499.2869519994464,1.6360202371872803
sub-010,15,correct,1,607.9285205968372,-1.1576308172426069
sub-010,16,correct,1,460.5506795158609,-1.1320907571501528
sub-010,17,correct,1,429.35756197505464,2.3574031316731947
sub-010,18,correct,1,315.073988985995,-0.3893798266956402
sub-010,19,correct,1,411.44166240070336,0.9027630867387721
sub-010,20,error,0,457.068614800061,-3.5545301141835726
sub-010,21,correct,1,351.86594662540665,-0.793898593743793
sub-010,22,correct,1,465.74785099101,-2.2688134620494287
sub-010,23,correct,1,480.25143518153806,1.3862463473828923
sub-010,24,error,0,426.4703423626779,-5.439197127209349
sub-010,25,correct,1,435.18878546850686,1.2780170840396536
sub-010,26,correct,1,483.3297884532241,0.16332911733271643
sub-010,27,correct,1,471.23852100345863,-1.2175994371799657
sub-010,28,correct,1,534.8284332629044,0.66019526959656
sub-010,29,correct,1,493.99883093885006,1.7878607721763
sub-010,30,correct,1,315.4072592958735,0.6706428940888289
sub-010,31,error,0,427.40533063035946,-3.314013903754347
sub-010,32,correct,1,394.6400108304314,-0.9213051824026333
sub-010,33,correct,1,575.9416167870414,0.5860651403997061
sub-010,34,correct,1,374.2630721210328,-2.664969462829611
sub-010,35,correct,1,359.3941315584744,1.1201772334933584
sub-010,36,correct,1,396.82944603171313,-4.677152417192963
sub-010,37,correct,1,406.23454057768294,-1.4149613661308984
sub-010,38,error,0,419.5460017911446,-1.5358232419559315
sub-010,39,correct,1,397.8618865531456,-3.5924622947301286
sub-010,40,correct,1,428.38625028511075,-3.9590715279759316
sub-010,41,correct,1,605.3183694605866,0.8147723670593019
sub-010,42,correct,1,413.8878155922659,-0.9284766405505986
sub-010,43,correct,1,538.7783319232889,4.960197441295535
sub-010,44,correct,1,361.577439049894,0.9603529586167596
sub-010,45,correct,1,385.68680079716813,0.2785325090075515
sub-010,46,error,0,473.04666156017936,1.0514346917678232
sub-010,47,correct,1,441.4847250728276,1.4889887305891683
sub-010,48,correct,1,487.41011650447405,2.0631489518766317
sub-010,49,correct,1,472.9567474848471,-1.0624921947543848
sub-010,50,error,0,307.2754674531158,0.7993444234513507
sub-010,51,correct,1,422.9779755472886,-1.8136547286675102
sub-010,52,correct,1,424.3774517650466,2.575310709415997
sub-010,53,correct,1,464.2374324263183,0.00795350033121614
sub-010,54,correct,1,404.2575087522515,2.614525238565979
sub-010,55,correct,1,502.75209987368066,-0.8237242670060383
sub-010,56,correct,1,402.12833257428707,0.5628201270153126
sub-010,57,correct,1,438.1689457638753,4.583462155936642
sub-010,58,correct,1,492.6850571428048,2.854132580939307
sub-010,59,correct,1,500.84354340869953,-4.343756030109471
sub-010,60,error,0,333.3383739353484,-4.539163992429536
sub-010,61,correct,1,365.8306139412459,0.8846464729958521
sub-010,62,correct,1,458.7272759605833,-0.4105440718010145
sub-010,63,correct,1,401.2522905313331,0.6750676125244339
sub-010,64,correct,1,494.41075835234994,-1.7269816402385372
sub-010,65,correct,1,515.3289658996014,2.983327431384385
sub-010,66,correct,1,513.2379227389733,0.2320247080565318
sub-010,67,correct,1,352.39299206656517,1.0407939882815607
sub-010,68,correct,1,450.2291815035296,-2.208046344435679
sub-010,69,correct,1,374.52462282304623,1.0896086420852185
sub-010,70,correct,1,384.12466126373585,-2.0323888349432195
sub-010,71,correct,1,366.49123986353027,1.0033102122294195
sub-010,72,correct,1,558.3034497945495,-1.493752336263879
sub-010,73,correct,1,508.4988857061735,-0.1411518577761475
sub-010,74,correct,1,596.5596984250471,0.21110131571555385
sub-010,75,correct,1,519.3255907789452,2.1822692197379276
sub-010,76,error,0,438.35706930688457,-1.624466296206683
sub-010,77,correct,1,476.4810133599264,1.4233140614761615
sub-010,78,correct,1,516.8973891566975,-0.720334441941509
sub-010,79,correct,1,402.98720613250583,0.8358612834534849
sub-010,80,correct,1,445.58858706736487,-2.8212021415452195
sub-010,81,correct,1,452.3650155548443,-1.7132425233272068
sub-010,82,correct,1,442.0398936405501,0.1136160615745086
sub-010,83,error,0,453.24588220819817,0.6574181087091129
sub-010,84,correct,1,564.3705306664339,-3.6255959020858404
sub-010,85,correct,1,526.6040102882669,-1.4695130301344992
sub-010,86,correct,1,456.99505523331186,-1.3072562475879723
sub-010,87,correct,1,426.2858356403423,0.3953801956693738
sub-010,88,correct,1,343.4342751586695,-0.9178000653482619
sub-010,89,error,0,414.64270818000944,-3.273884980687983
sub-010,90,correct,1,509.95202805402937,-1.7157916404523925
sub-010,91,correct,1,426.00921403829545,-2.40506290502233
sub-010,92,error,0,449.4724858465581,-0.28156293327571125
sub-010,93,correct,1,405.3281752808136,-0.6311037911204433
sub-010,94,correct,1,634.0662171862417,1.7659184197372078
sub-010,95,error,0,285.94875790169044,-1.2442715747061903
sub-010,96,correct,1,415.73893057967956,-1.0476195270622701
sub-010,97,correct,1,379.50340360902834,-2.0394145421575884
sub-010,98,correct,1,441.7248266488526,-3.1439623819332114
sub-010,99,correct,1,558.4488581842111,0.3792268440180448
sub-010,100,correct,1,400.913915649636,0.1070722609924109
sub-010,101,correct,1,604.2769448798123,-1.2132483900751456
sub-010,102,correct,1,425.66232348354083,-1.0571628277242255
sub-010,103,correct,1,644.4223872067096,-0.14576030573357301
sub-010,104,error,0,571.0331457544542,-1.6349824267923925
sub-010,105,correct,1,480.5841111593374,0.8973474877815844
sub-010,106,error,0,509.2652794794674,-5.354055918341076
sub-010,107,correct,1,568.8989292170925,-0.25043748823827017
sub-010,108,error,0,487.0247765081132,0.95595319815472
sub-010,109,correct,1,418.79985615127407,0.15279057516561634
sub-010,110,correct,1,374.71679967250316,-2.2022856201148646
sub-010,111,correct,1,454.6587857551003,0.3562038220780606
sub-010,112,correct,1,555.2266626685309,2.358106707012525
sub-010,113,correct,1,547.0998631280037,-0.39076780598761496
sub-010,114,correct,1,330.8598134303861,0.45870207700877147
sub-010,115,correct,1,436.0532935572753,0.9923255227458965
sub-010,116,correct,1,458.7605208341963,-0.05562713387795301
sub-010,117,correct,1,576.4105107517747,-2.049794912081614
sub-010,118,correct,1,478.0780339227131,-1.861123774959748
sub-010,119,error,0,483.561690958325,-1.822342252102459
sub-010,120,correct,1,428.51361580408854,-0.08629543418612545
sub-010,121,correct,1,371.4507405204306,0.19339663220056558
sub-010,122,correct,1,494.0445107917153,-1.6691458043673364
sub-010,123,correct,1,427.3902391733628,-0.10995391782870693
sub-010,124,error,0,470.6431297358181,-3.503621830093164
sub-010,125,correct,1,438.3741571113237,-1.7361044354604354
sub-010,126,correct,1,403.1571455743559,-1.7385944591413356
sub-010,127,correct,1,556.3895473045561,0.8066697934152516
sub-010,128,correct,1,396.64413475606824,1.5207695925780962
sub-010,129,correct,1,387.3459286225764,-1.3767334948784145
sub-010,130,correct,1,635.6336962751104,3.8451867191212847
sub-010,131,correct,1,414.145407549516,0.9525369134780248
sub-010,132,error,0,355.23165595086556,-0.8671058403191478
sub-010,133,correct,1,440.361623875965,-1.415636875922521
sub-010,134,error,0,455.6559027034632,-4.570375260197156
sub-010,135,correct,1,606.634747868596,2.348813968153982
sub-010,136,error,0,482.57222485499176,-6.439499699817362
sub-010,137,correct,1,398.64563901043323,-0.8926506203063842
sub-010,138,correct,1,465.67129829569933,-2.2423812951149795
sub-010,139,error,0,523.0099456362764,-4.342311391532811
sub-010,140,correct,1,446.75678530532593,0.014374732967266629
sub-010,141,correct,1,617.475461497992,-2.5879134293328816
sub-010,142,correct,1,398.9397799784722,1.857668248315047
sub-010,143,correct,1,514.5077701344676,1.9822316913545772
sub-010,144,error,0,371.8418954484091,4.4254406025931035
sub-010,145,correct,1,508.97296787725884,0.5583885973727218
sub-010,146,correct,1,415.44999323273356,-0.3939630611007512
sub-010,147,error,0,367.6933121700028,-3.296696862635445
sub-010,148,correct,1,435.2371960780362,-2.180058721492105
sub-010,149,correct,1,352.66346176656896,-1.312710770338645
sub-010,150,correct,1,365.38653302646736,0.4377032792854478
sub-010,151,correct,1,497.2268052381467,-2.111119739201489
sub-010,152,correct,1,464.71868417932467,-0.6924687630234334
sub-010,153,correct,1,428.18518813754906,-1.8717001012896872
sub-010,154,correct,1,394.179840489678,3.980698015954941
sub-010,155,correct,1,450.6867322344512,-0.8646922419458103
sub-010,156,correct,1,460.3824334108614,-1.1194979806738599
sub-010,157,correct,1,605.5837985152522,-2.6004688098174933
sub-010,158,correct,1,539.5627018904389,1.5713365577689282
sub-010,159,correct,1,458.0228712734602,0.25951416900187296
sub-010,160,error,0,330.3370382366663,-2.58205347781395
sub-011,1,error,0,347.9839126330403,-1.3245535168538085
sub-011,2,correct,1,323.22388057692547,-0.04126699766331965
sub-011,3,correct,1,544.5997182470766,4.3894758547793025
sub-011,4,correct,1,589.4836815930516,-0.856536542465838
sub-011,5,correct,1,434.15166107194614,1.577911099791052
sub-011,6,error,0,471.60738016053614,-0.6820400461568323
sub-011,7,correct,1,461.44849425838794,2.279323473216148
sub-011,8,correct,1,480.1494480803372,-0.9351400329137924
sub-011,9,correct,1,287.9228457347227,0.7782082855257597
sub-011,10,correct,1,521.4308798955908,0.5998006134213014
sub-011,11,correct,1,655.6973984766057,2.4291553212230275
sub-011,12,correct,1,386.7419768867566,-2.1131852701432803
sub-011,13,correct,1,574.1812573015909,-1.5927656850835479
sub-011,14,correct,1,370.1026347689476,1.753798454058525
sub-011,15,correct,1,434.1770025922362,-1.9290218270349677
sub-011,16,correct,1,613.0863641216938,-1.4740754922341428
sub-011,17,correct,1,273.97854251674573,0.6373091904776613
sub-011,18,correct,1,507.67681359500983,-2.5774984959521445
sub-011,19,error,0,480.5303732631513,-1.6470526843162987
sub-011,20,correct,1,452.2428435630001,-1.5746445074849578
sub-011,21,correct,1,579.2137685910732,0.2515424621676966
sub-011,22,correct,1,518.1208838306383,-1.7652858830811502
sub-011,23,error,0,478.7354186020057,-3.7492157216362485
sub-011,24,correct,1,331.9020401371798,-2.172660444387021
sub-011,25,correct,1,555.3858570823529,1.0002836262793786
sub-011,26,correct,1,517.6541026983971,-0.3568758326770758
sub-011,27,error,0,465.0227682878783,-0.9607102204226612
sub-011,28,correct,1,411.96687416009723,-3.1320124421682163
sub-011,29,correct,1,508.44486454328546,-2.428683169289063
sub-011,30,correct,1,534.6983961103995,-0.6385023718448273
sub-011,31,correct,1,597.7416415215629,0.8590906708587951
sub-011,32,error,0,379.22713747820995,-5.31692593544796
sub-011,33,correct,1,599.9988447531923,-0.725490379351173
sub-011,34,correct,1,395.7615121335301,-3.8237355032180727
sub-011,35,error,0,394.6473059033561,-2.803494991140875
sub-011,36,correct,1,411.6531875659014,1.996641622438262
sub-011,37,correct,1,460.7900057306616,-1.4557218656577326
sub-011,38,error,0,442.7481620321482,-5.665179910560309
sub-011,39,correct,1,457.524670912891,0.524912145379067
sub-011,40,correct,1,529.7518755549272,1.7286450684794248
sub-011,41,error,0,482.66451274321463,-3.245842990238766
sub-011,42,correct,1,374.6950507650274,-0.08202862181077014
sub-011,43,correct,1,483.9654382895029,-4.035137954208026
sub-011,44,correct,1,226.4694162820134,0.3840046255670355
sub-011,45,error,0,385.9318175905973,-2.1028012216965895
sub-011,46,correct,1,467.01149325798843,-0.8068433480629074
sub-011,47,correct,1,511.21617938053066,2.429161383079304
sub-011,48,correct,1,460.9420425180796,1.5107786285525964
sub-011,49,correct,1,250.1422366394053,1.9240714642680394
sub-011,50,correct,1,478.39038644912125,-1.995930500673318
sub-011,51,correct,1,541.3872483793429,0.5002384144090418
sub-011,52,correct,1,566.9320104014005,2.857180318075385
sub-011,53,correct,1,406.56312554909346,0.0945299204522485
sub-011,54,correct,1,383.7378191781744,0.2744502867772416
sub-011,55,correct,1,423.6476601317051,-0.895163410421395
sub-011,56,correct,1,548.7080464979127,1.8297238523268675
sub-011,57,error,0,554.6965692294134,-4.784000007124297
sub-011,58,error,0,404.8828646754082,-7.743859844055368
sub-011,59,correct,1,387.986498425774,3.0036526600636932
sub-011,60,correct,1,349.1529169776143,0.46030737603363703
sub-011,61,correct,1,360.48053710489916,-2.280397940144972
sub-011,62,correct,1,504.3418205789025,-1.033184646033256
sub-011,63,correct,1,585.8196615110155,-0.43149251229705177
sub-011,64,correct,1,530.307767870827,1.7884040819756135
sub-011,65,correct,1,416.2430350622831,-2.0195613752680197
sub-011,66,correct,1,484.5406345032092,-2.622220292780467
sub-011,67,correct,1,518.4449756704253,2.1127617757473693
sub-011,68,correct,1,416.9607956582127,-4.244312761635141
sub-011,69,correct,1,518.3830972382301,-5.156280322111854
sub-011,70,correct,1,565.0630163078536,-3.323964753718994
sub-011,71,error,0,476.4902307229373,-7.242226578643313
sub-011,72,correct,1,412.9174318205918,-2.227964588593263
sub-011,73,correct,1,585.6685111917185,3.4083358453345873
sub-011,74,correct,1,515.152007637098,0.39560881988894836
sub-011,75,correct,1,395.6773546710602,-2.654629396965393
sub-011,76,correct,1,661.5785466214243,-2.0965504336538827
sub-011,77,correct,1,587.7552479404847,-1.1396739901525028
sub-011,78,correct,1,395.5608347001614,-2.039234564450445
sub-011,79,correct,1,516.0179015152775,0.6445671106681934
sub-011,80,correct,1,562.203212884597,1.5464575230555029
sub-011,81,error,0,473.13328561161006,-1.7444960944910353
sub-011,82,correct,1,498.3497308968183,-0.19209176689590607
sub-011,83,correct,1,522.2667874490919,1.4205155456347425
sub-011,84,correct,1,533.0833496011572,-1.3166280815225888
sub-011,85,correct,1,478.1536633562518,-1.7614386606835781
sub-011,86,error,0,410.649891594713,-4.290444547110285
sub-011,87,correct,1,461.7672223529648,-2.382871464680822
sub-011,88,correct,1,606.6906819031816,0.959504388990805
sub-011,89,correct,1,506.0036079119409,0.9069052099029067
sub-011,90,correct,1,441.50681034880273,2.426168532343821
sub-011,91,error,0,519.4932026820577,-4.321852941745237
sub-011,92,correct,1,468.2341749964398,2.381112432975206
sub-011,93,correct,1,505.64434215152124,-0.5012116186229031
sub-011,94,error,0,597.9380543317011,-8.969958081582146
sub-011,95,correct,1,375.9101137330774,-0.8345956064663611
sub-011,96,correct,1,362.32283970187865,-2.1271530916470223
sub-011,97,error,0,510.00112103538936,-6.917061786533072
sub-011,98,correct,1,493.30867602754284,-1.4296898815264516
sub-011,99,correct,1,601.6800665484507,-3.3137512164866
sub-011,100,correct,1,321.5988925442383,2.069326312978709
sub-011,101,error,0,446.55585587659704,-5.431487328897718
sub-011,102,correct,1,422.2266446786963,-0.5866232179677311
sub-011,103,correct,1,550.8326718835215,0.9798435529895821
sub-011,104,correct,1,437.446162153837,-1.5487236651207574
sub-011,105,correct,1,335.6061513479059,-0.3283341084432685
sub-011,106,correct,1,597.7939668921066,-2.598291466864503
sub-011,107,correct,1,511.7009684154364,-3.337257151457125
sub-011,108,correct,1,404.771248025744,1.2994189898621797
sub-011,109,correct,1,470.908339626097,-1.644844386834482
sub-011,110,correct,1,609.2483874274476,-0.003420726543655217
sub-011,111,correct,1,447.19208223430724,-0.30335483043994926
sub-011,112,correct,1,488.8368595261522,-0.5324954250834838
sub-011,113,correct,1,667.810660231969,-4.687820836283346
sub-011,114,error,0,406.7190607511042,-3.331861712322215
sub-011,115,correct,1,483.050902035176,2.431463271171621
sub-011,116,correct,1,400.21136778185394,0.01717985522387644
sub-011,117,correct,1,548.760935410038,0.9918514456449898
sub-011,118,error,0,424.2022366599406,-4.635173946913555
sub-011,119,correct,1,497.49063260150103,1.0481323824485844
sub-011,120,error,0,366.1124886210879,-4.1653660124131875
sub-011,121,correct,1,306.07643643962683,0.9503250399069039
sub-011,122,correct,1,471.6789412851567,-0.052318861879415535
sub-011,123,correct,1,385.9680576813558,-1.758864805428223
sub-011,124,correct,1,380.44930294033315,0.45495563010903606
sub-011,125,correct,1,575.5966360369874,0.5866506262264355
sub-011,126,correct,1,543.2731960064043,-0.3665697913807441
sub-011,127,error,0,485.86165967137543,-2.437227819795168
sub-011,128,correct,1,512.315647405224,-1.1988139031524505
sub-011,129,error,0,507.3671320477281,-5.279685911695754
sub-011,130,correct,1,441.8071736376044,-4.0653309341384976
sub-011,131,correct,1,376.54359048469536,-1.538992737587501
sub-011,132,correct,1,466.6945493803677,-0.11970227699507874
sub-011,133,error,0,416.94515356952724,-5.165136794709426
sub-011,134,error,0,377.97750746718594,-2.096871708124297
sub-011,135,error,0,349.0455024015732,-1.885174050046643
sub-011,136,correct,1,445.6084717766006,-2.8348853025295586
sub-011,137,correct,1,484.5361318425429,0.1365079232143913
sub-011,138,correct,1,464.94082808115604,-0.3588025712884512
sub-011,139,correct,1,506.6468334679221,-0.27205072876970515
sub-011,140,correct,1,497.54507796853636,3.230470225857224
sub-011,141,correct,1,490.9475722129672,2.76217888437158
sub-011,142,correct,1,498.60379571422067,-0.009237489496205287
sub-011,143,correct,1,477.6014853913735,-4.5366504824884935
sub-011,144,correct,1,518.8202195002214,-0.3707721221285139
sub-011,145,correct,1,367.0348288704838,-2.5891129366281085
sub-011,146,error,0,397.0802308006744,-4.211940147511355
sub-011,147,correct,1,552.2806048544971,-3.8234656694487814
sub-011,148,correct,1,460.4102093985251,-3.3925679854591806
sub-011,149,correct,1,433.1710430880955,-2.459242444784158
sub-011,150,error,0,285.92056147486323,-2.429710505578871
sub-011,151,correct,1,564.7036707029779,0.5341207726287576
sub-011,152,correct,1,480.64870619004984,0.47370479686675815
sub-011,153,correct,1,431.8737391110127,1.3496890156697865
sub-011,154,correct,1,499.442620552209,0.00886560439119316
sub-011,155,correct,1,444.64562791053953,1.875342978452162
sub-011,156,correct,1,492.5777265427181,-1.9145595954808445
sub-011,157,correct,1,383.69871483739894,0.19389641453174256
sub-011,158,error,0,413.01859085508084,-5.198211158580978
sub-011,159,error,0,456.22194841219294,1.4929242981162472
sub-011,160,correct,1,509.7361496566919,-0.7327002206483624
sub-012,1,error,0,407.4604688469011,-1.516753733918315
sub-012,2,correct,1,494.57684032860993,1.756087149875846
sub-012,3,error,0,237.2654840625668,-6.82728329191297
sub-012,4,correct,1,387.7564646835035,-0.559567427198717
sub-012,5,correct,1,532.7647990374643,0.14582893015556608
sub-012,6,error,0,590.2081069461344,-4.476097130384165
sub-012,7,correct,1,458.6359920878555,-0.44732650028047743
sub-012,8,correct,1,454.16804644982443,-4.3406179061680135
sub-012,9,correct,1,473.1386214041873,-4.743678826241745
sub-012,10,correct,1,474.37457104035747,1.4809789251428755
sub-012,11,correct,1,345.4372746837575,1.7909837433502442
sub-012,12,error,0,435.35648312146316,0.16295466868159947
sub-012,13,correct,1,521.1803470167757,-1.8454570199847284
sub-012,14,correct,1,457.25815701296784,-3.1524721911244518
sub-012,15,correct,1,333.3723814156074,0.022496429437935617
sub-012,16,correct,1,341.95144209694797,2.997887210522289
sub-012,17,correct,1,507.1230746365741,-0.5925956413488942
sub-012,18,correct,1,521.5699182987997,-1.0263093048183123
sub-012,19,correct,1,387.43030538685497,1.2700352248690527
sub-012,20,error,0,482.59013196364043,-0.04697108286486307
sub-012,21,correct,1,450.32526090771324,1.2779891099474228
sub-012,22,error,0,357.2215533994827,-1.8537420528725488
sub-012,23,correct,1,461.75583405782277,1.9926112023306128
sub-012,24,correct,1,421.3870091551045,-4.774316770640513
sub-012,25,error,0,402.7867787857107,-1.1391970653133079
sub-012,26,correct,1,528.886729108955,-1.931157748377922
sub-012,27,correct,1,443.12990875783873,-3.3573685533463653
sub-012,28,correct,1,613.9637777018212,2.7888882456636255
sub-012,29,correct,1,488.2955650809023,0.03766740404961977
sub-012,30,correct,1,477.77875646695554,-2.3353432134210648
sub-012,31,correct,1,574.299347157391,0.7666693832401581
sub-012,32,correct,1,573.9228384787326,0.5117072504238627
sub-012,33,correct,1,487.7819834669992,-2.119960414236263
sub-012,34,correct,1,444.2209151036699,-0.09871657393661648
sub-012,35,correct,1,480.6512450060281,2.855992128260132
sub-012,36,correct,1,370.3781737545829,1.25566471175828
sub-012,37,correct,1,456.8740838167069,-0.30998842855250247
sub-012,38,correct,1,364.0028304251852,-1.0482590869981439
sub-012,39,correct,1,377.70216076472207,-1.4250069933619993
sub-012,40,correct,1,530.7868740848368,-0.2811102586661278
sub-012,41,correct,1,495.36945927538255,-0.07910803051508986
sub-012,42,correct,1,317.6504397101056,0.02027854322598177
sub-012,43,correct,1,528.9489567099688,-1.9665125283132243
sub-012,44,correct,1,461.7026465856247,-4.096528371595899
sub-012,45,correct,1,433.434733725303,1.2443188703646297
sub-012,46,correct,1,525.7818276098561,-2.470382596978954
sub-012,47,correct,1,515.6460979273369,-3.8856299084076076
sub-012,48,correct,1,565.2672766403351,-2.048334561990311
sub-012,49,correct,1,473.78636538902754,1.0111103098423644
sub-012,50,correct,1,529.4361840616442,-0.9564698799294825
sub-012,51,error,0,411.8256390807294,-1.0067360087216244
sub-012,52,error,0,493.20039966108743,-3.2911271038629497
sub-012,53,correct,1,452.3336110914775,-0.7697799884955348
sub-012,54,error,0,425.24328332054716,-2.2597201302847245
sub-012,55,correct,1,261.0342386373335,-2.2784100678578816
sub-012,56,correct,1,380.3346958310532,-1.0050914342396295
sub-012,57,correct,1,752.3552004401702,2.0869100255255733
sub-012,58,correct,1,435.72075712477664,0.8811457740710158
sub-012,59,error,0,201.38973267883543,-1.3599363177959574
sub-012,60,correct,1,473.9412364419859,2.2870192915175007
sub-012,61,correct,1,535.2988700410217,-2.732808577887382
sub-012,62,correct,1,384.4874215270051,0.33471975127881115
sub-012,63,correct,1,483.1205615718921,0.3953986729953851
sub-012,64,correct,1,481.53642066516926,-2.6215408629278754
sub-012,65,error,0,556.1953576547613,0.36024257025864426
sub-012,66,correct,1,529.2211638454266,0.35374096645648545
sub-012,67,correct,1,509.115216856412,0.3297443405330267
sub-012,68,correct,1,428.02076076763854,-2.4868110021767693
sub-012,69,correct,1,446.7305703788369,-2.4029570781929266
sub-012,70,correct,1,627.3002354532719,0.6034580469266355
sub-012,71,correct,1,424.79506481075674,-0.9695697385717013
sub-012,72,correct,1,574.3291545750421,0.11921871554786179
sub-012,73,correct,1,320.36992673203963,2.094470519430337
sub-012,74,correct,1,492.48417072276743,1.3734226008719204
sub-012,75,error,0,491.6851451746139,-3.4185624235757297
sub-012,76,error,0,461.7977965551072,6.104399643365676
sub-012,77,correct,1,484.8203969632279,-2.48085042077379
sub-012,78,correct,1,377.7709485422456,-1.028619327079368
sub-012,79,error,0,321.66247804627926,-3.2256084703071917
sub-012,80,correct,1,556.3083492921527,0.126824190259048
sub-012,81,correct,1,375.75811294218977,-1.392994532027192
sub-012,82,correct,1,548.5681457821509,1.7799262034601302
sub-012,83,error,0,603.3493295841279,-3.439776122258065
sub-012,84,correct,1,392.4192902797331,2.4050054495059956
sub-012,85,correct,1,488.8648640004563,-2.6381056184380247
sub-012,86,correct,1,496.3557382263424,-0.6940887335419821
sub-012,87,correct,1,654.152520113503,-0.4489957288735767
sub-012,88,correct,1,595.5775451782663,-2.771116798069317
sub-012,89,error,0,320.11921093720395,-1.7446152550013954
sub-012,90,correct,1,657.0128612462696,1.0588760503172785
sub-012,91,correct,1,447.61906027570046,0.6674243170401928
sub-012,92,correct,1,422.7198103044837,-5.05404039026148
sub-012,93,correct,1,269.8361871532318,2.18545427316551
sub-012,94,correct,1,461.73645532141916,-1.6398238970632562
sub-012,95,correct,1,586.7663924957957,-2.497912824091954
sub-012,96,correct,1,372.5353941285257,3.492461871163842
sub-012,97,correct,1,601.9335568023155,-2.20924683417538
sub-012,98,correct,1,404.22205090892186,4.169331910824979
sub-012,99,correct,1,470.50835114057287,-2.5951898994939278
sub-012,100,correct,1,424.5391700630021,0.7465865896236361
sub-012,101,error,0,351.5067352090047,-1.8270133238396293
sub-012,102,correct,1,512.3808370126886,-1.4842516707225717
sub-012,103,correct,1,454.9984524013091,0.9935886548669135
sub-012,104,correct,1,475.8590088473746,-1.265176801548842
sub-012,105,correct,1,408.2310593299972,0.8658588210569156
sub-012,106,correct,1,462.16318800440996,-0.759531671893886
sub-012,107,error,0,398.2516880777949,-2.0401304764629082
sub-012,108,correct,1,370.4226760518417,-0.9575107334387793
sub-012,109,correct,1,473.191189210337,-4.085997191066586
sub-012,110,correct,1,374.4724614182798,-1.3705874781540495
sub-012,111,correct,1,364.74205365218916,-1.5216242646337856
sub-012,112,correct,1,435.6029949167752,0.5039315933094706
sub-012,113,correct,1,415.45268298985036,0.7883416314505713
sub-012,114,correct,1,513.8876540520565,-2.3429048520832376
sub-012,115,correct,1,507.0480657003511,-0.6338448003777459
sub-012,116,correct,1,645.3152830730862,2.759584486562623
sub-012,117,correct,1,443.06485158397913,1.0687376652822211
sub-012,118,correct,1,316.9203237090557,-2.9819447095105933
sub-012,119,correct,1,447.483670124677,0.6897651816510348
sub-012,120,correct,1,434.152986985196,1.2808413135909
sub-012,121,correct,1,442.68772463510976,-2.1705311123767306
sub-012,122,correct,1,476.194781578277,-2.7078804555086515
sub-012,123,correct,1,562.5224588278494,-0.48138451396149323
sub-012,124,correct,1,424.7738076221338,-0.8652091714575052
sub-012,125,error,0,473.48649248505245,-0.7687754878650388
sub-012,126,correct,1,470.0946557841046,0.2011979042090234
sub-012,127,correct,1,458.49869281752035,-0.21060900425761464
sub-012,128,correct,1,428.5646244541374,0.9649056715173818
sub-012,129,correct,1,528.0634913850906,-4.738227536272355
sub-012,130,correct,1,540.987075929879,5.207498370345344
sub-012,131,correct,1,439.75984424868625,-0.5387680042038947
sub-012,132,correct,1,503.6848461848247,-3.203469792572044
sub-012,133,correct,1,629.0313317950752,-0.17773143916618717
sub-012,134,correct,1,587.708361208167,-0.785606866010461
sub-012,135,error,0,411.33205626870176,0.5102655091126218
sub-012,136,correct,1,479.1439863609244,2.1338205565456194
sub-012,137,correct,1,444.77881823410576,1.597340454882179
sub-012,138,correct,1,498.30603944401656,-2.1830511986997623
sub-012,139,correct,1,392.0749438114055,-6.042441927708915
sub-012,140,correct,1,361.2153391743248,-2.8416652373966826
sub-012,141,error,0,423.8941067819275,-5.166542767514079
sub-012,142,error,0,418.5367581617183,-1.0984144298163847
sub-012,143,correct,1,398.36315887913946,-2.5251557472681543
sub-012,144,correct,1,450.0606838915231,-2.03415412087042
sub-012,145,correct,1,458.41306492212436,0.3738590684404359
sub-012,146,correct,1,511.75075264087116,2.0129951099489047
sub-012,147,error,0,225.25129122007758,-1.1166030750146967
sub-012,148,correct,1,382.7956033884912,-2.730675459589069
sub-012,149,correct,1,491.01403320327825,2.7431942040272372
sub-012,150,correct,1,469.59498918276375,2.9446607362896047
sub-012,151,error,0,462.3177525161558,-3.308780936043272
sub-012,152,correct,1,388.05125420647335,-1.8621995698342786
sub-012,153,error,0,395.3693784499912,-1.2341717782258264
sub-012,154,correct,1,538.3913740186198,-2.1302581309860704
sub-012,155,correct,1,599.0391280824272,-3.6126970989406377
sub-012,156,correct,1,490.38504297835937,0.07521235834969853
sub-012,157,correct,1,338.2168958664538,0.07330136637807494
sub-012,158,correct,1,491.64403589969544,-0.18880502430948076
sub-012,159,correct,1,453.59087145092593,-3.6595029320729915
sub-012,160,error,0,383.47909610418617,-0.7650086334255681
sub-013,1,error,0,396.9095731708994,-3.6766785082179614
sub-013,2,correct,1,454.82918920699245,-3.3628852879550593
sub-013,3,correct,1,468.66999238352923,0.26726203856419173
sub-013,4,error,0,385.7580501995635,-3.1086062219656587
sub-013,5,correct,1,601.9203827190588,3.639603531642832
sub-013,6,correct,1,337.9616161575485,-0.09032303861269331
sub-013,7,correct,1,545.2487594333749,2.5447661649742246
sub-013,8,correct,1,523.5931100088851,-1.9592597073652211
sub-013,9,correct,1,413.44151363447713,-0.8389894586094153
sub-013,10,correct,1,514.4781211433767,1.8455516233502254
sub-013,11,correct,1,344.0012042861438,-2.667314188528976
sub-013,12,correct,1,471.8844410882022,1.0648221977260524
sub-013,13,correct,1,446.29012174502884,-0.16166834015407772
sub-013,14,correct,1,593.9131369275877,-0.48882955168683606
sub-013,15,error,0,351.04136053175284,-6.828111663871052
sub-013,16,correct,1,542.5678803876501,0.076395165187783
sub-013,17,correct,1,569.2142341424426,-1.42874483129916
sub-013,18,correct,1,329.573415400156,1.3210149693419588
sub-013,19,error,0,524.4157902163356,-1.953662719460266
sub-013,20,correct,1,447.00472529029423,-0.2043863030892452
sub-013,21,correct,1,418.36610944327856,-0.7846924045786396
sub-013,22,error,0,335.2291478901665,-4.402471434541767
sub-013,23,error,0,540.1782539262751,-1.2772495787617695
sub-013,24,correct,1,528.1475956742989,-0.1769076095849823
sub-013,25,correct,1,360.6381528699933,1.0609493584275786
sub-013,26,correct,1,506.1318148207995,-4.011491273881217
sub-013,27,correct,1,477.9711890125046,0.7838515453825472
sub-013,28,correct,1,422.22892214104087,-0.7175591099401287
sub-013,29,correct,1,576.1101069588229,-3.7378293221796897
sub-013,30,correct,1,353.9837208510059,0.6125650012869635
sub-013,31,correct,1,318.3174683156369,-1.0184474153204675
sub-013,32,correct,1,442.1608888645014,-3.1983322099942075
sub-013,33,correct,1,459.58232942667445,1.046286766883938
sub-013,34,correct,1,496.2082524945236,-1.687141499648551
sub-013,35,correct,1,513.3358861721358,-0.5183064337092171
sub-013,36,correct,1,481.02838306708014,-2.769392692577843
sub-013,37,correct,1,476.73228786289286,-2.623243593136357
sub-013,38,error,0,334.4958959967863,-5.013973538749037
sub-013,39,correct,1,519.2529955725335,1.657984536745172
sub-013,40,correct,1,421.3599915174671,0.020807988102873654
sub-013,41,correct,1,545.2597856321378,0.2337070337414806
sub-013,42,correct,1,515.7927462840415,0.2373837068034026
sub-013,43,correct,1,405.243995148505,0.3223814115719126
sub-013,44,correct,1,410.5268455391319,-4.153816807264846
sub-013,45,error,0,463.6097424485053,-4.811071551251065
sub-013,46,correct,1,525.0754183408243,3.502578358416512
sub-013,47,correct,1,466.6477646072287,-0.0012847022187615353
sub-013,48,correct,1,336.32056852882897,-2.3008350953586616
sub-013,49,error,0,426.31039373259523,-2.9042801468787642
sub-013,50,correct,1,302.4606247601379,-0.518419381744349
sub-013,51,correct,1,423.6907418251667,0.5378317867505087
sub-013,52,correct,1,581.7443845682825,1.9657162079272623
sub-013,53,correct,1,405.8243574548777,-1.4949112970563014
sub-013,54,correct,1,558.7397089965449,0.5690366239607405
sub-013,55,correct,1,582.4700011306072,-0.28798157761824095
sub-013,56,correct,1,491.10427846949887,-0.2941519639619249
sub-013,57,correct,1,367.50024079754445,-2.860507022810067
sub-013,58,correct,1,449.64768212953754,0.947382876092199
sub-013,59,correct,1,439.73118297841296,-2.206718947717449
sub-013,60,error,0,491.57904255311223,-5.024745704251825
sub-013,61,correct,1,378.80535554257705,-0.6430250996533182
sub-013,62,correct,1,444.84827958447806,-2.1268372612241464
sub-013,63,correct,1,521.5117158099018,0.00387431838789154
sub-013,64,error,0,457.7531288846681,-0.6717751499317495
sub-013,65,correct,1,474.41188291180663,-2.0260322647981788
sub-013,66,correct,1,509.60532544758416,-0.6848612280511539
sub-013,67,correct,1,536.7139377663724,-3.2696672003320657
sub-013,68,correct,1,518.5415785832572,1.158423836914216
sub-013,69,correct,1,496.01572498301965,-0.3566277301713923
sub-013,70,correct,1,649.6193541239638,1.1855396429638747
sub-013,71,error,0,498.0351387888934,-3.567431241437501
sub-013,72,correct,1,488.3772422813048,-2.966427853168292
sub-013,73,correct,1,578.2047208462452,0.23587104134490966
sub-013,74,error,0,415.0912115164128,-4.37275185187079
sub-013,75,error,0,339.36402818350825,-7.902971957239409
sub-013,76,correct,1,645.855888540213,-0.6388821089786029
sub-013,77,correct,1,434.6824235878743,1.2008121766029036
sub-013,78,error,0,472.99483067897245,-3.1068647778131844
sub-013,79,correct,1,524.1543971611441,-1.981420849948748
sub-013,80,correct,1,479.57310720123894,-4.506303727775414
sub-013,81,correct,1,500.8056615662746,-3.6334351821533843
sub-013,82,correct,1,403.25321614086965,-1.2360086151862018
sub-013,83,correct,1,560.844033599726,-2.507575671267326
sub-013,84,correct,1,393.1913904189204,-0.6759751783898832
sub-013,85,correct,1,505.7471135300119,-2.515503764043328
sub-013,86,correct,1,577.1722319756548,1.6189703141168559
sub-013,87,correct,1,371.70382441382606,-1.7289464867240087
sub-013,88,correct,1,413.1464157449189,4.515732844100925
sub-013,89,correct,1,338.456563037077,-1.4296228036308727
sub-013,90,correct,1,359.22928759181855,1.4099876796555908
sub-013,91,correct,1,389.9576089491251,-4.454122830865394
sub-013,92,correct,1,472.2446077514976,-0.81332858054441
sub-013,93,error,0,518.3038247044584,-4.779571842214427
sub-013,94,correct,1,567.9151192077306,-3.413020996711377
sub-013,95,error,0,405.97906376424777,-4.211529372359469
sub-013,96,error,0,279.7340411592755,-5.002274546130456
sub-013,97,correct,1,472.24727519233977,-2.2832598976630996
sub-013,98,correct,1,498.89935368156046,-1.4531406487610128
sub-013,99,correct,1,500.0835782270891,-0.012659214259994167
sub-013,100,correct,1,427.0807255480722,4.589175624498052
sub-013,101,correct,1,507.44195993295597,-0.7493559881613653
sub-013,102,error,0,364.3681703187769,-4.238701991570368
sub-013,103,correct,1,494.5225042509936,-2.2110862227882127
sub-013,104,correct,1,574.3918353475686,2.7662044270590735
sub-013,105,correct,1,506.73454295633593,-1.8302203780227275
sub-013,106,error,0,413.0756601103601,-5.363067713561305
sub-013,107,correct,1,523.4365634098273,-2.888292880196251
sub-013,108,correct,1,564.7607240840745,-0.9432631813781376
sub-013,109,correct,1,393.5840923081338,1.548903469874119
sub-013,110,correct,1,377.9323179435888,-0.10180994157168033
sub-013,111,correct,1,360.3785484509036,-0.6105478461154545
sub-013,112,correct,1,517.3922251870213,0.39797506757155765
sub-013,113,correct,1,308.2693867358216,-2.3145888916069652
sub-013,114,correct,1,538.8870194046459,-4.399631630610616
sub-013,115,error,0,370.14488322637993,-2.4782109467575406
sub-013,116,error,0,530.5404340316093,-4.643982322528607
sub-013,117,correct,1,470.75218484259943,-2.03193780350533
sub-013,118,correct,1,453.1452253799664,-0.36921461152570395
sub-013,119,correct,1,591.1088646129397,0.4132591673959327
sub-013,120,correct,1,317.4155121238342,-3.36022828823795
sub-013,121,correct,1,520.8070559707138,0.44030812289847354
sub-013,122,correct,1,243.89139401394868,-0.8427446538149506
sub-013,123,correct,1,532.9515657855904,-2.279131040307166
sub-013,124,correct,1,437.1663044280038,-1.9484433061004465
sub-013,125,correct,1,532.8195374068051,0.974337809585025
sub-013,126,correct,1,522.0801837955195,2.0294842143406884
sub-013,127,correct,1,354.2255131588403,-2.4913332855335595
sub-013,128,correct,1,543.9918346810622,-0.945235298759582
sub-013,129,correct,1,569.8422682865856,-1.7243239504459709
sub-013,130,correct,1,333.3324158461061,1.4670652939531348
sub-013,131,error,0,477.33664888079477,-5.217052390381818
sub-013,132,correct,1,446.3470791419222,1.0538558083511553
sub-013,133,correct,1,466.52430182724515,0.6013082077403817
sub-013,134,error,0,323.73861688342856,-7.6758657371727
sub-013,135,correct,1,547.2713193121685,-3.070740342268845
sub-013,136,error,0,537.5688931304114,-7.318764084395967
sub-013,137,correct,1,532.4394159927774,0.980463391057951
sub-013,138,correct,1,391.9006109341458,-3.862130468821756
sub-013,139,error,0,315.20432260894506,-1.129433146810865
sub-013,140,correct,1,518.1387672880059,-1.7206008398805654
sub-013,141,error,0,375.83861785498163,-5.975388483252733
sub-013,142,correct,1,535.7812726459463,0.9000937780531997
sub-013,143,correct,1,360.7901413573517,2.616664042670849
sub-013,144,correct,1,512.0966847627035,-2.8380823817522156
sub-013,145,correct,1,532.4020816500993,0.4301724992131639
sub-013,146,correct,1,556.5179997164207,0.20892394413108284
sub-013,147,error,0,330.80781961436594,-6.006479964525727
sub-013,148,error,0,375.71353977946205,-4.811370296590459
sub-013,149,correct,1,537.7447975264755,-3.1276767749697267
sub-013,150,error,0,343.44290007449524,-3.300001899088289
sub-013,151,correct,1,414.8251813204339,-1.7902791361237114
sub-013,152,error,0,303.45380110717315,-1.516336988644552
sub-013,153,correct,1,364.4270019287264,0.14297560627535344
sub-013,154,correct,1,350.36800421617636,-0.4544927161063642
sub-013,155,error,0,452.15791166954045,-5.049026745575025
sub-013,156,correct,1,380.4595611687169,-0.6508770299104039
sub-013,157,correct,1,466.8269988750558,1.352025978300812
sub-013,158,correct,1,444.25170689467507,-1.2325442819499635
sub-013,159,correct,1,562.4747451409078,-0.5309918242924432
sub-013,160,correct,1,443.0330548861367,-0.4717708658429517
sub-014,1,correct,1,519.6009754275849,-3.7438517483545533
sub-014,2,correct,1,398.4748929212538,-0.32227838089792965
sub-014,3,correct,1,432.8185632119037,-1.6221044298808802
sub-014,4,error,0,341.29598926462654,-0.7666842763844574
sub-014,5,error,0,393.0756399697814,-1.07925838634286
sub-014,6,correct,1,570.1255693767287,-0.48908585731069293
sub-014,7,correct,1,457.6672125993127,-2.3090890152954624
sub-014,8,correct,1,415.9987347783383,-1.6470335321275293
sub-014,9,correct,1,444.7768969190939,0.7879679231638232
sub-014,10,error,0,459.94497889004367,-2.9580641221223156
sub-014,11,correct,1,549.2624945638438,1.2779987518190523
sub-014,12,correct,1,524.9486039721983,-0.6927996017520981
sub-014,13,correct,1,289.82980811206363,-4.333835907048177
sub-014,14,correct,1,389.24249232331266,-0.5728140656720673
sub-014,15,correct,1,513.9511177082684,4.360656906747729
sub-014,16,error,0,497.53201449106257,-1.1603870992212952
sub-014,17,correct,1,403.9224558238636,1.120761440066073
sub-014,18,correct,1,540.5409711129757,-0.28454398909000433
sub-014,19,error,0,250.03603554080217,-1.582056925441362
sub-014,20,correct,1,542.2174592055588,-2.1150309362293065
sub-014,21,correct,1,472.8763547190632,-0.10894586454455746
sub-014,22,correct,1,590.1148859884922,0.08824286032230683
sub-014,23,correct,1,560.3289961543244,-1.8762396238007402
sub-014,24,correct,1,413.24392963798164,2.0315293981241878
sub-014,25,correct,1,484.00454783025475,-0.954336784166891
sub-014,26,correct,1,376.5508886178081,1.2622239432092197
sub-014,27,correct,1,370.17389135543175,1.1871471279496983
sub-014,28,correct,1,461.182041791231,-0.37286035785734123
sub-014,29,correct,1,490.63775543511457,1.1170078605553708
sub-014,30,correct,1,575.7458705320314,-0.8214104132219868
sub-014,31,correct,1,470.23533138130375,-0.4196257375509737
sub-014,32,correct,1,344.08772891530543,2.770520810906527
sub-014,33,correct,1,538.6480699728529,-1.4234875091217367
sub-014,34,correct,1,441.4572706660703,-2.727993812960102
sub-014,35,correct,1,473.5612519219286,-2.338275846511451
sub-014,36,error,0,396.4458726922269,-2.6369898309453825
sub-014,37,correct,1,449.9187289764989,0.3279405792632634
sub-014,38,correct,1,472.01409853982125,-0.6542398898288247
sub-014,39,correct,1,479.18594967507164,-2.5556812185802
sub-014,40,correct,1,504.5188449399067,-2.6169305483362284
sub-014,41,correct,1,536.0031930538311,-1.2929262012710312
sub-014,42,correct,1,478.0857835654223,-1.3341259754547812
sub-014,43,correct,1,523.6114621921431,4.2460616019541915
sub-014,44,correct,1,463.3165609876132,-1.090214448724909
sub-014,45,error,0,440.9104423996941,0.34287123673083175
sub-014,46,correct,1,481.49072399507395,0.7999167733536796
sub-014,47,correct,1,439.7990929209932,-2.6154153352644616
sub-014,48,correct,1,310.5003610483059,5.630313934953503
sub-014,49,correct,1,498.2179733390464,-3.0100170193515785
sub-014,50,error,0,404.1250837038138,-1.4148466993919202
sub-014,51,correct,1,680.0684897399938,-0.9592825705412655
sub-014,52,correct,1,516.5730066639657,0.6055654128236629
sub-014,53,correct,1,426.7883730396295,-0.6107508045873816
sub-014,54,correct,1,662.3157100703975,0.2830969135960593
sub-014,55,correct,1,523.0012064780174,1.1648813042452175
sub-014,56,correct,1,629.3584708222521,-3.044314149446481
sub-014,57,correct,1,463.31517741347386,-0.085363197543593
sub-014,58,correct,1,479.31700710320393,0.8632384656751559
sub-014,59,correct,1,479.12332426547147,2.0568358734487453
sub-014,60,correct,1,503.22014716532635,1.267757182481271
sub-014,61,error,0,334.26322288341646,-2.2686550830244916
sub-014,62,error,0,469.4448911700964,-1.470705463909119
sub-014,63,correct,1,326.1312245054552,-0.6746412795968943
sub-014,64,correct,1,588.2455133496284,3.8738669848097214
sub-014,65,correct,1,326.315400141228,-0.9718015329724601
sub-014,66,correct,1,432.19903030617417,-3.167396906147189
sub-014,67,error,0,336.9389675014349,-3.0216897203554796
sub-014,68,correct,1,486.84372553205895,2.7070612221127948
sub-014,69,correct,1,507.0401135540737,0.7067824997035104
sub-014,70,correct,1,349.05527034134377,1.7440281896167953
sub-014,71,correct,1,742.6441827423498,0.3519550833406447
sub-014,72,error,0,317.1159933936766,0.2081070493889754
sub-014,73,correct,1,480.59688115474313,-1.0691191316553146
sub-014,74,correct,1,353.44775562512115,0.9059813855667231
sub-014,75,correct,1,513.7290978343078,-3.5960602055632847
sub-014,76,correct,1,555.4408786670979,0.28654960437144544
sub-014,77,correct,1,582.2424840246963,2.1764110428340606
sub-014,78,error,0,590.8377876748826,-2.333039822693865
sub-014,79,correct,1,468.85725037922333,1.3933070630227637
sub-014,80,error,0,486.92513701195287,1.8677770144495982
sub-014,81,correct,1,445.63609483901007,-0.2911767934952483
sub-014,82,error,0,500.9501608148605,-3.3204236640097653
sub-014,83,correct,1,479.123147200098,2.587500050330457
sub-014,84,correct,1,640.7902850759679,-2.089093686295749
sub-014,85,correct,1,623.4218672311333,0.3003342644825063
sub-014,86,correct,1,421.26134612606575,1.136902304492358
sub-014,87,correct,1,498.11967492796884,-0.9193329179671412
sub-014,88,correct,1,607.3375245488307,2.408370353781112
sub-014,89,correct,1,519.1946483501976,-0.9754258717712248
sub-014,90,correct,1,497.87607697362637,1.1839448215368478
sub-014,91,error,0,435.8966913854449,1.1467893810670198
sub-014,92,correct,1,319.02252896610815,-2.2333106337433275
sub-014,93,correct,1,315.2574575094628,-0.12942307105988865
sub-014,94,correct,1,569.2826017918746,3.2473663349983184
sub-014,95,correct,1,318.8496659814979,-0.4032340848413238
sub-014,96,correct,1,417.09387111144827,-0.8406185543292275
sub-014,97,correct,1,338.29797589473355,1.3533232347292767
sub-014,98,correct,1,431.7317074535048,-2.8587240324689946
sub-014,99,error,0,595.2137167524638,0.31457286078173197
sub-014,100,correct,1,331.6361108904362,-1.1480010017691513
sub-014,101,correct,1,356.5042071152686,0.6335978925542911
sub-014,102,correct,1,537.3398989597845,1.3531465895171537
sub-014,103,correct,1,456.4233153151895,0.21435598819227603
sub-014,104,correct,1,440.1079891615492,-0.027961641566323303
sub-014,105,error,0,357.3231051945585,-0.6533562102443567
sub-014,106,correct,1,475.5038414681433,-1.5318178795616868
sub-014,107,error,0,377.4855055613744,-0.567297385866827
sub-014,108,correct,1,581.9769941327389,-1.3372496612889013
sub-014,109,correct,1,557.2764739782217,0.477448215232175
sub-014,110,correct,1,498.53089493901103,0.3477910277471243
sub-014,111,correct,1,460.8463574972107,-3.270498174359105
sub-014,112,error,0,475.50877566614395,-1.190414718772968
sub-014,113,correct,1,526.3195783962653,-1.2423728117250206
sub-014,114,error,0,329.6730804356349,-1.4439248264029456
sub-014,115,correct,1,418.89636130555147,-0.16801164850659567
sub-014,116,error,0,453.8704767492341,-5.03887349408246
sub-014,117,correct,1,442.1119899058725,-1.2637493015609336
sub-014,118,correct,1,520.5460453539503,-4.370342449789874
sub-014,119,correct,1,457.3816694846452,-1.4574973103944782
sub-014,120,correct,1,532.8325913460075,-0.2650490384988274
sub-014,121,correct,1,439.4772315508408,-1.180983758031471
sub-014,122,error,0,384.58017260989254,-3.2747707229850977
sub-014,123,correct,1,608.6464684201474,3.6117562795604616
sub-014,124,correct,1,512.412825261979,3.147585521723625
sub-014,125,correct,1,512.9395175633149,-0.4176543800756994
sub-014,126,correct,1,498.1610104651495,0.3015394985164989
sub-014,127,correct,1,365.76845450713023,-0.822748836209698
sub-014,128,error,0,480.1350492486384,-3.1570171842647525
sub-014,129,correct,1,384.20482235545535,-1.30469229508035
sub-014,130,correct,1,524.0695143116703,0.6841795714463659
sub-014,131,correct,1,369.29408676857685,0.45411462096676586
sub-014,132,correct,1,466.53895809169126,1.2030360210770894
sub-014,133,error,0,403.0182343005769,0.26315784564791067
sub-014,134,error,0,462.18877591692956,-4.241351105800507
sub-014,135,error,0,432.9002351053622,-0.7527875621983061
sub-014,136,correct,1,621.1973859476597,1.8667244936767862
sub-014,137,correct,1,430.7999831801317,-0.07030083330486131
sub-014,138,correct,1,496.23416327560176,-2.7350713849244825
sub-014,139,correct,1,500.0312571799259,-0.9417210302846839
sub-014,140,error,0,406.74160202287186,-2.061399382127584
sub-014,141,correct,1,422.9492156659649,-0.26553856627181194
sub-014,142,error,0,357.8597147082754,-2.0005091212734145
sub-014,143,correct,1,436.10850845083064,-1.9643585778125123
sub-014,144,correct,1,440.02337063871624,-0.9797813632895258
sub-014,145,correct,1,463.12029995303163,-0.7692218925912231
sub-014,146,correct,1,582.7526710797007,0.9447316421290795
sub-014,147,correct,1,398.02949203436475,2.3227518565941483
sub-014,148,correct,1,419.02599182950865,-2.2535332204512555
sub-014,149,correct,1,400.8876220147193,-2.0805399554128794
sub-014,150,correct,1,332.28436289806575,0.09436430138501789
sub-014,151,correct,1,518.0510248117141,-1.2990367954655693
sub-014,152,correct,1,439.44104173048714,-1.6497241036386932
sub-014,153,correct,1,438.03691923222937,0.11275969072195152
sub-014,154,correct,1,606.4400421029927,-1.869012104544837
sub-014,155,correct,1,311.0960526229271,-0.7477593247209016
sub-014,156,correct,1,515.5193973765184,-0.5267353025912878
sub-014,157,error,0,379.853700423114,-0.1179357156291343
sub-014,158,correct,1,449.6125067389272,3.019942423146427
sub-014,159,correct,1,608.6051483463609,-2.078016485043914
sub-014,160,error,0,413.09800882386907,-2.8252150702986016
sub-015,1,correct,1,486.7059025327718,-1.732629319567303
sub-015,2,correct,1,418.40134821534605,-0.009036385821612702
sub-015,3,correct,1,467.4398156543618,-1.7972009348021407
sub-015,4,correct,1,489.39545261691865,-1.3711932383769891
sub-015,5,error,0,400.8725636449123,-8.293957101362707
sub-015,6,correct,1,556.1247279794705,-0.8095507935655695
sub-015,7,error,0,461.2476976404967,0.17202075890379254
sub-015,8,correct,1,537.1958026381795,0.3407641153749148
sub-015,9,correct,1,412.3305845340341,-3.060300699418881
sub-015,10,correct,1,404.22952266727907,-0.5522614785317198
sub-015,11,correct,1,420.4435309701124,1.5795022674266814
sub-015,12,correct,1,442.2765523601513,0.32782221497477726
sub-015,13,correct,1,424.0083312370009,-1.62429520248832
sub-015,14,error,0,398.38871994862785,-6.99647595715285
sub-015,15,correct,1,428.96863667463515,-3.046271470018511
sub-015,16,correct,1,484.77566143009113,-0.5370026164169317
sub-015,17,correct,1,344.52754113895855,-0.4811690037057407
sub-015,18,correct,1,488.2812185211268,0.9047025591807453
sub-015,19,correct,1,561.0290422701653,0.4424800035153612
sub-015,20,correct,1,446.98532063482713,-1.2622304285952226
sub-015,21,correct,1,542.9270132768056,1.441852014375201
sub-015,22,correct,1,432.42763827970833,-0.7919115115836796
sub-015,23,correct,1,501.62091069164256,-2.0861696398922533
sub-015,24,correct,1,286.23059066846633,-2.15921675356889
sub-015,25,correct,1,522.1407094524026,-1.3148204064868887
sub-015,26,correct,1,423.3630045375043,-0.3329343159007014
sub-015,27,error,0,347.5229528801875,-1.9604224916713135
sub-015,28,error,0,320.2760799900917,-1.0720211448038364
sub-015,29,correct,1,493.1809551623122,2.7434374832585076
sub-015,30,correct,1,458.4549009173863,-1.718391437305574
sub-015,31,correct,1,505.839014223453,0.7618500139250469
sub-015,32,correct,1,385.23121465674586,-5.293864107485433
sub-015,33,correct,1,413.34020749757144,1.0143322789092282
sub-015,34,error,0,453.38310323995216,-2.120845097939569
sub-015,35,correct,1,423.8745562391921,-0.6116155963232114
sub-015,36,correct,1,519.3135037529653,1.8526309927520646
sub-015,37,correct,1,447.49715269163136,-0.21883038243201752
sub-015,38,correct,1,417.51438260521144,-1.1117461854274273
sub-015,39,correct,1,557.632935054743,0.548314224908555
sub-015,40,correct,1,467.7507971114859,-3.283395839860449
sub-015,41,correct,1,452.22683494840874,3.3150398791385514
sub-015,42,correct,1,449.54181438178495,-0.41434263854687614
sub-015,43,correct,1,543.8522607884483,-3.109187014777272
sub-015,44,correct,1,360.0164307108197,4.487614484262877
sub-015,45,correct,1,463.494834374111,-1.522733558478604
sub-015,46,correct,1,374.46401326789135,0.45646613978047845
sub-015,47,correct,1,340.13912408846875,-4.471260858568443
sub-015,48,correct,1,386.5168957078436,-0.8571335614232309
sub-015,49,correct,1,579.9032661364528,-2.971935864314845
sub-015,50,error,0,394.991461547752,0.797052702149565
sub-015,51,correct,1,406.3503647729149,0.7429797306084119
sub-015,52,correct,1,434.62431276293466,-5.268581189905973
sub-015,53,correct,1,447.4286442621401,-2.770848276857871
sub-015,54,correct,1,413.4027251693744,0.7454910811045742
sub-015,55,error,0,371.05014274757025,-3.5277409579687644
sub-015,56,correct,1,365.7858975171329,-2.6510824745706256
sub-015,57,correct,1,520.2837695866363,-1.2235484032934267
sub-015,58,error,0,427.08489248856466,-1.202593736877642
sub-015,59,correct,1,360.9168823957597,0.42743834677910064
sub-015,60,correct,1,520.098833363027,1.2588649241599317
sub-015,61,error,0,485.2579791152542,-3.569547283766407
sub-015,62,correct,1,405.2181533866736,0.037341476200525414
sub-015,63,correct,1,383.1117232991464,0.3286529007925614
sub-015,64,correct,1,463.2706909766613,0.5801409112089323
sub-015,65,correct,1,395.00444634194537,-3.9919199680498356
sub-015,66,correct,1,626.716428125937,0.797490808509857
sub-015,67,correct,1,556.8781233504229,1.9944305985873512
sub-015,68,correct,1,597.3543927928613,0.9764932623009935
sub-015,69,correct,1,289.3788690350656,-1.6314497661590703
sub-015,70,correct,1,565.2922995230679,2.971684564707906
sub-015,71,correct,1,283.10929725730614,-4.4258272395466465
sub-015,72,error,0,410.3211507893469,-3.7254270174088733
sub-015,73,correct,1,289.47346002737413,-3.013957043198642
sub-015,74,error,0,500.33176017182643,-2.342870019959009
sub-015,75,correct,1,408.4122524924108,-1.8329134231961088
sub-015,76,correct,1,345.9539289813501,-0.41710665921393053
sub-015,77,correct,1,503.07823661143345,-2.593574162820593
sub-015,78,correct,1,550.4182657738316,-0.5054111900690916
sub-015,79,correct,1,436.84909734872394,-2.3548295368334946
sub-015,80,error,0,380.70339726412885,-3.0869753594896854
sub-015,81,correct,1,458.22797007549747,-1.5222314117904738
sub-015,82,correct,1,445.76734145563796,1.1986665690872478
sub-015,83,correct,1,475.7661533684506,-1.1758369567206128
sub-015,84,correct,1,528.1818448442594,-1.1775929834726764
sub-015,85,correct,1,434.92454747823564,-2.37291108928132
sub-015,86,error,0,428.44305141819365,-1.5891026926728231
sub-015,87,error,0,510.3218277780304,-1.8426212488770606
sub-015,88,correct,1,443.98062606388504,1.1188294262375273
sub-015,89,correct,1,355.05095827947724,-1.9104108617813225
sub-015,90,error,0,368.22672452493003,-3.2565375447903584
sub-015,91,error,0,452.27771475934844,-2.574197300273296
sub-015,92,correct,1,502.2098064448189,-0.5147237400033208
sub-015,93,correct,1,367.5513302629022,2.186965219361993
sub-015,94,correct,1,493.76864290639725,-2.2756092390295515
sub-015,95,correct,1,397.3521802076248,-1.785334484029685
sub-015,96,correct,1,568.6367723964269,-2.9988950184025733
sub-015,97,correct,1,477.80871192328556,-0.3794381782080128
sub-015,98,correct,1,364.54127679083007,-2.767502194061553
sub-015,99,correct,1,525.5396983834438,-1.4410520997631604
sub-015,100,correct,1,443.4340728346493,0.6896314454322384
sub-015,101,correct,1,504.017712987664,-0.6938180737104602
sub-015,102,correct,1,450.3948839923704,-1.6043494158644371
sub-015,103,correct,1,648.9945866961864,1.1163408408861186
sub-015,104,error,0,568.4850118002933,-1.760422034604938
sub-015,105,correct,1,445.17348013574804,-0.09238169231751248
sub-015,106,correct,1,472.70790654989287,-1.9815468656658233
sub-015,107,error,0,490.96221433768164,-2.637311584162369
sub-015,108,correct,1,456.94671715929513,0.2086017255333742
sub-015,109,correct,1,505.8446231218409,2.373804525402579
sub-015,110,correct,1,450.01946945313574,-1.3217342601363347
sub-015,111,error,0,340.8663102062087,-3.823443316509829
sub-015,112,correct,1,613.767957792769,-0.7983177635602481
sub-015,113,correct,1,508.48122063193466,1.9605213951974103
sub-015,114,error,0,404.1612792794892,0.24465982754853277
sub-015,115,correct,1,573.4621191701791,-0.9019798849566507
sub-015,116,correct,1,417.9821660504374,1.716590647999734
sub-015,117,correct,1,358.7030242635104,3.14697043906254
sub-015,118,correct,1,423.1832655029268,-2.6112465018798003
sub-015,119,correct,1,452.6349123372436,-3.827810520896061
sub-015,120,error,0,362.39790728917023,-3.8219024418538456
sub-015,121,correct,1,452.9282752524608,-2.8337628126804795
sub-015,122,correct,1,478.68526561149577,2.507792670770622
sub-015,123,correct,1,512.1378634989077,-1.2822460003430969
sub-015,124,correct,1,612.8267681463128,-2.3677348297267646
sub-015,125,correct,1,501.0012091985999,-2.3201646120177752
sub-015,126,correct,1,424.19238100336196,1.2961519924346465
sub-015,127,error,0,352.1342105016616,-2.6994638484302222
sub-015,128,correct,1,431.83827376106325,-2.5013640314928147
sub-015,129,correct,1,465.3885827383821,-1.2424955503893456
sub-015,130,correct,1,625.1538271932355,1.878671399910146
sub-015,131,correct,1,446.61507880122457,1.635107284647153
sub-015,132,error,0,460.7986098574105,-2.2039824438341857
sub-015,133,correct,1,497.64306148164593,1.513847038161329
sub-015,134,correct,1,497.742405821249,3.409563554314796
sub-015,135,error,0,468.99260233150585,0.018005500019449006
sub-015,136,correct,1,479.2297897629179,-0.1356967378591829
sub-015,137,error,0,454.5296797992616,-4.0191206032708395
sub-015,138,correct,1,430.06920646088616,3.7039322603127243
sub-015,139,correct,1,324.94198915899733,-2.6627066138366984
sub-015,140,correct,1,244.51828210379833,-0.8412454445916762
sub-015,141,correct,1,517.4313589142619,0.7604054479383328
sub-015,142,correct,1,465.264170071166,-2.170183461610002
sub-015,143,error,0,332.07087040486397,0.6276166311949103
sub-015,144,error,0,319.4068606274907,-2.274361156451728
sub-015,145,correct,1,453.69743188248344,-3.1888034558338383
sub-015,146,correct,1,540.277229845581,-1.5185046806787028
sub-015,147,correct,1,492.2586367525032,-1.3310972005591704
sub-015,148,correct,1,471.9264517970123,3.230321316128762
sub-015,149,correct,1,493.2781212691323,-1.0462417503884367
sub-015,150,correct,1,465.5943634560115,-4.167411312877637
sub-015,151,correct,1,396.3564654364419,0.8793988048233187
sub-015,152,correct,1,575.7818705542861,0.2772916344330434
sub-015,153,correct,1,514.9474114969175,-3.988555968229352
sub-015,154,correct,1,422.25825961985606,2.1013645746571834
sub-015,155,correct,1,486.17961057910406,-1.7574267363422345
sub-015,156,error,0,347.3542621709559,-0.7433147749780427
sub-015,157,correct,1,522.2537799819479,-1.9331502062800556
sub-015,158,correct,1,356.30845607634,-1.5931235927982041
sub-015,159,correct,1,421.9271475338481,-0.43074458527370696
sub-015,160,correct,1,627.5630281040599,-0.1906882567410806
sub-016,1,correct,1,470.4658970431505,0.3939015900658358
sub-016,2,error,0,345.1117753215708,-1.8879223634523865
sub-016,3,correct,1,485.5574803008886,0.6327898083738432
sub-016,4,correct,1,409.0831634201654,-0.07832451772752837
sub-016,5,correct,1,399.30067503446895,0.7919637238077871
sub-016,6,correct,1,351.53230748529813,1.8035606765296377
sub-016,7,correct,1,647.6508690673805,-0.3068547305048227
sub-016,8,correct,1,580.7048551090845,0.843746787582342
sub-016,9,correct,1,458.7374496167545,-2.9617756859364093
sub-016,10,correct,1,399.92351659556795,-1.532424051061835
sub-016,11,correct,1,494.4333268203074,0.15730498779976382
sub-016,12,correct,1,362.432681169464,-0.7850242438365763
sub-016,13,correct,1,526.6593309604876,3.325039559350438
sub-016,14,correct,1,526.3830001794189,-0.05755820782345902
sub-016,15,error,0,441.7297554766755,-2.8005884803315904
sub-016,16,correct,1,475.9460424371823,0.5170626720650064
sub-016,17,correct,1,497.6042453766861,1.602847297110591
sub-016,18,error,0,281.26726098632435,0.34169612932816373
sub-016,19,correct,1,521.22516193909,0.524504394801315
sub-016,20,error,0,410.2056675658976,-1.4966958835838005
sub-016,21,correct,1,624.2007590526467,0.06155001148103878
sub-016,22,correct,1,433.5490080853909,-0.4245327083694725
sub-016,23,correct,1,584.3480793650117,1.61712732990644
sub-016,24,correct,1,431.51521086325386,-0.15346786223498762
sub-016,25,correct,1,419.05882380502874,0.3060012980236161
sub-016,26,correct,1,397.74496784794417,0.8935660821192898
sub-016,27,error,0,518.7633333339227,-3.3915935780194775
sub-016,28,correct,1,321.61718725571876,-6.837221746219606
sub-016,29,error,0,528.3490311212271,-0.27330994505784734
sub-016,30,correct,1,502.4135025182934,4.233879498010698
sub-016,31,correct,1,460.9678452108185,-4.416503639415719
sub-016,32,error,0,477.88230708892553,-2.0176615370558038
sub-016,33,correct,1,568.1815155067691,1.6844635242925388
sub-016,34,correct,1,361.5392048716677,1.616285669233727
sub-016,35,error,0,440.39087839713335,-5.809347703336489
sub-016,36,error,0,494.7898592095115,-1.2977246063900358
sub-016,37,correct,1,332.09363462201094,-0.4479681445400958
sub-016,38,correct,1,647.3469930100665,0.7253923769853141
sub-016,39,error,0,277.76372161857523,-1.789236795998515
sub-016,40,error,0,425.0028698676633,-2.3226828614866606
sub-016,41,correct,1,558.5627984559196,1.6920913647351483
sub-016,42,error,0,418.24186640895266,-2.7878015827982354
sub-016,43,correct,1,415.8905947413386,-0.8304924517966285
sub-016,44,correct,1,752.9214929431624,-2.186047746555622
sub-016,45,correct,1,445.6580101921171,-4.785719308377954
sub-016,46,correct,1,578.1078979268356,-0.5513107337807805
sub-016,47,error,0,498.2321889059039,-3.455180844750589
sub-016,48,error,0,467.01852901514616,-4.706644714254901
sub-016,49,correct,1,517.7233839525641,-2.459933520871885
sub-016,50,correct,1,488.890784857431,-1.6609897056815073
sub-016,51,correct,1,417.8494931682021,2.5336790658044195
sub-016,52,error,0,468.48968407619725,-0.18954391240914248
sub-016,53,correct,1,579.910850622323,-0.4604400214542024
sub-016,54,correct,1,525.9275711510667,-3.431533053168108
sub-016,55,correct,1,502.9797910611068,-2.3773910507900062
sub-016,56,correct,1,455.41260046182674,-2.8467724259669978
sub-016,57,correct,1,539.032933260308,2.2172454547677236
sub-016,58,correct,1,544.2886139520413,4.688459845025068
sub-016,59,correct,1,477.55208734902766,0.0721923353339724
sub-016,60,correct,1,548.505339091316,-2.455731482126374
sub-016,61,correct,1,434.8159000661443,0.0018051023112179432
sub-016,62,correct,1,486.24952386120907,0.6207864328552021
sub-016,63,correct,1,366.2300939967227,1.752549999091039
sub-016,64,error,0,372.6196906441333,-0.23167485944897082
sub-016,65,correct,1,343.4685842380856,2.5090632451433157
sub-016,66,correct,1,554.4608226598559,-4.10300483950146
sub-016,67,correct,1,540.8918803630166,2.474980141975707
sub-016,68,error,0,494.40950218003496,0.14735885601359722
sub-016,69,error,0,519.8382576716039,-0.6315864463822474
sub-016,70,correct,1,566.9205504544607,-1.953834191451537
sub-016,71,correct,1,494.7255822059278,1.8717146290928168
sub-016,72,error,0,331.3608757022371,-1.978785109315688
sub-016,73,correct,1,379.1538216761454,-1.6486404295414254
sub-016,74,correct,1,440.19196888833585,1.4927964387063488
sub-016,75,error,0,471.16075638066684,-0.7222749578820349
sub-016,76,correct,1,372.25667533652484,-2.672153700493311
sub-016,77,correct,1,440.49247077321445,2.822593872791725
sub-016,78,error,0,481.67757614683546,-0.9912929559788008
sub-016,79,correct,1,560.4920188896328,1.2018224390284304
sub-016,80,correct,1,557.6713141759188,-3.163876942788407
sub-016,81,correct,1,404.1731360213296,-2.834240317410635
sub-016,82,correct,1,541.875714344201,0.8071458763012699
sub-016,83,correct,1,323.8637053564557,0.8096762951202406
sub-016,84,correct,1,533.844255825014,0.9264945892805084
sub-016,85,correct,1,630.6316421725912,1.08738602729002
sub-016,86,correct,1,538.1366806987135,0.43873910695118823
sub-016,87,correct,1,478.81587350501815,1.2513176628986744
sub-016,88,correct,1,325.12268251068315,-0.534541191693148
sub-016,89,correct,1,552.2224327833591,0.6438833816350306
sub-016,90,correct,1,659.7663186268799,1.9385122045270715
sub-016,91,correct,1,558.1272816455919,-2.2135147710630387
sub-016,92,correct,1,497.88504496682765,-0.12371166886227263
sub-016,93,error,0,404.89425051583004,-4.088477621333708
sub-016,94,error,0,506.01792817983676,-0.9723928405354825
sub-016,95,correct,1,472.7045026871647,-3.8477092299974047
sub-016,96,correct,1,442.80300663320577,-0.46838450418437066
sub-016,97,error,0,299.9665072315277,-1.5668530561327179
sub-016,98,correct,1,434.9209890867165,0.809234295606135
sub-016,99,error,0,384.0220024647542,-2.511159388216271
sub-016,100,correct,1,433.3762385337524,-3.392807427761174
sub-016,101,error,0,507.7996232226651,-3.4491487668286562
sub-016,102,correct,1,471.87804431311787,0.5396135315463192
sub-016,103,correct,1,518.3169751937278,-2.572127178371973
sub-016,104,correct,1,410.82021310456383,1.0605652903859277
sub-016,105,correct,1,509.96032574345264,-4.254605279475328
sub-016,106,correct,1,375.30159714561796,0.15999699965938607
sub-016,107,correct,1,348.67785381528347,1.8818251764634586
sub-016,108,correct,1,499.0853322924275,2.7810913366402112
sub-016,109,correct,1,547.8264857698329,0.30133276510617735
sub-016,110,correct,1,412.8835185132383,4.711233091611851
sub-016,111,error,0,414.2936210541219,-4.605765696160226
sub-016,112,correct,1,518.693135929131,5.509615632791336
sub-016,113,correct,1,488.1262014380675,0.07281635064341113
sub-016,114,correct,1,448.0883050300147,3.899279958432944
sub-016,115,error,0,379.38561158380486,-0.1254140429881927
sub-016,116,correct,1,272.1604406194041,-3.446844007015163
sub-016,117,error,0,261.469922365555,-3.0836287787624883
sub-016,118,correct,1,502.00175277375695,-2.3340645439902867
sub-016,119,correct,1,474.067322371263,0.7304558746597322
sub-016,120,correct,1,512.1797262130748,-0.16510065068755553
sub-016,121,error,0,481.521808033666,-3.224404911939713
sub-016,122,correct,1,427.79833430148824,-1.2621493542176934
sub-016,123,correct,1,589.2371621204071,-1.9004173506617255
sub-016,124,correct,1,371.1974930565626,-0.09099505406771878
sub-016,125,correct,1,410.8523904464528,4.002396622922556
sub-016,126,correct,1,461.0706108947518,2.228459419778782
sub-016,127,correct,1,448.320907991605,-0.2663488105751706
sub-016,128,error,0,302.89776616551364,-1.1416763061517163
sub-016,129,correct,1,548.4805661812445,1.1356558950920865
sub-016,130,correct,1,462.57206166832464,2.9978898402662946
sub-016,131,correct,1,613.2376419703254,-0.8661955906719716
sub-016,132,correct,1,403.819856370734,-0.3720851348939662
sub-016,133,correct,1,504.4753208365128,1.511321649329457
sub-016,134,correct,1,466.8262071578698,-1.6681703100202059
sub-016,135,correct,1,330.01005289088585,-0.1788935101160617
sub-016,136,correct,1,366.87059573895664,-1.6238872567341964
sub-016,137,correct,1,563.6377614881743,-0.026789372004750595
sub-016,138,correct,1,489.0825017361432,-6.9347908908964895
sub-016,139,correct,1,457.4470158595527,-2.77972444682808
sub-016,140,correct,1,386.35647352534806,2.25354173531203
sub-016,141,correct,1,458.9660742238246,1.767607710645024
sub-016,142,correct,1,434.71023123204253,0.27012328765400007
sub-016,143,correct,1,379.0530755823466,-0.8200749522273393
sub-016,144,correct,1,600.4417168158568,1.3029800591705634
sub-016,145,correct,1,418.9511060335365,3.4700911351759487
sub-016,146,error,0,456.16179727365113,1.407825469614988
sub-016,147,error,0,340.91068772887866,-3.7892820685370614
sub-016,148,error,0,477.7713264138848,-2.3283299950389225
sub-016,149,correct,1,486.3751090062005,0.4339565135930251
sub-016,150,correct,1,538.5474183042979,0.672757168196866
sub-016,151,correct,1,474.4195015994106,3.150049396013901
sub-016,152,correct,1,463.83191236273774,-0.977260658088059
sub-016,153,correct,1,455.06211006230325,-0.9642624272490072
sub-016,154,error,0,428.6181323232654,-3.521375232069893
sub-016,155,error,0,345.38820534358695,-1.4082367541797558
sub-016,156,error,0,446.80292607823145,-2.4354034499640953
sub-016,157,error,0,406.60752142987593,-1.7123714757915136
sub-016,158,correct,1,497.0689244811803,-0.5316605549513762
sub-016,159,correct,1,587.6810368270008,-1.2452262036125155
sub-016,160,correct,1,434.85739712011593,0.06468628443072466
sub-017,1,correct,1,456.316091052094,-4.952358268260248
sub-017,2,error,0,378.24063800243607,-2.23171730119782
sub-017,3,correct,1,508.73104701436966,-1.4665963380380374
sub-017,4,error,0,294.2806390211475,-6.102915719031028
sub-017,5,correct,1,488.0471871838144,-3.6693139489843243
sub-017,6,correct,1,465.88583705299044,-5.698108912653197
sub-017,7,correct,1,532.2527735289184,2.7091370638572307
sub-017,8,correct,1,463.6657908086145,1.4172050321384106
sub-017,9,error,0,431.58971449403265,-4.823303798818003
sub-017,10,correct,1,569.7739933663203,-0.6926236730253962
sub-017,11,correct,1,352.91731907074814,2.7638829223307817
sub-017,12,correct,1,465.779693138677,0.7225853595635034
sub-017,13,error,0,582.7537971211498,-2.2463534288085807
sub-017,14,correct,1,432.6544612161523,-1.3101735720223622
sub-017,15,correct,1,465.62101648247193,-0.8847856320058427
sub-017,16,correct,1,432.6473584923125,-0.1552551173713067
sub-017,17,correct,1,447.5345806789726,-1.8835222613520513
sub-017,18,error,0,546.7854014277359,-2.4811191227251386
sub-017,19,correct,1,513.2819630484973,1.674965551322578
sub-017,20,correct,1,532.281864549892,-4.401071742864805
sub-017,21,correct,1,515.3993800390859,-0.5701977099349564
sub-017,22,correct,1,653.3021550727244,-2.43175449695773
sub-017,23,correct,1,465.87975709179625,1.9660254795153103
sub-017,24,error,0,402.24747455213367,-0.06387941129315067
sub-017,25,correct,1,524.2451694183487,-0.6897716980665246
sub-017,26,correct,1,525.3101243320721,-1.1614456809020863
sub-017,27,error,0,385.01746697001494,-1.1008788867595292
sub-017,28,error,0,327.98653844828175,-2.7779660224318596
sub-017,29,correct,1,610.4026133794218,0.27986518669280114
sub-017,30,correct,1,534.2116037560518,-0.9908670021857819
sub-017,31,correct,1,408.5851484962535,1.2903398581239502
sub-017,32,correct,1,624.0704853317924,-0.7940027946407524
sub-017,33,correct,1,464.85171511862336,0.5306513353731812
sub-017,34,correct,1,435.28109793369794,-1.5729406582705594
sub-017,35,error,0,328.97082239682163,-2.2242160705748826
sub-017,36,correct,1,399.2273630518188,3.292355832346131
sub-017,37,correct,1,473.54405341177085,-0.06069640590818792
sub-017,38,correct,1,440.8410158125385,-0.024340769654305205
sub-017,39,correct,1,485.4194923954993,0.06961281534723907
sub-017,40,correct,1,452.36677932765014,0.8470071760856133
sub-017,41,correct,1,423.43123065620676,-0.8768426635966082
sub-017,42,error,0,469.8415505426815,2.7044705066375574
sub-017,43,error,0,455.2883381649711,-2.95486377405121
sub-017,44,correct,1,459.2555449949552,0.9734046615820016
sub-017,45,error,0,522.3292981685563,-1.770872722285822
sub-017,46,correct,1,381.78565153473505,-0.5951165116067698
sub-017,47,error,0,494.24627243090924,-0.781431807069209
sub-017,48,error,0,445.1591410100447,-3.0178745110504903
sub-017,49,correct,1,431.81266611311173,-0.17282914675310168
sub-017,50,correct,1,567.0182973139756,-1.2781609410626344
sub-017,51,correct,1,629.2716817874611,0.44486968842096397
sub-017,52,correct,1,498.3396411963582,-0.7140995064022936
sub-017,53,correct,1,321.3823989710241,-1.563074679123473
sub-017,54,correct,1,358.54030129991696,-0.8521351070743687
sub-017,55,correct,1,439.36252753481256,1.176353734512529
sub-017,56,error,0,464.52060096054447,-6.0938404926503695
sub-017,57,correct,1,313.8151269361754,1.4002421570118644
sub-017,58,correct,1,449.71356797612856,-3.435587185588991
sub-017,59,error,0,367.77798046564635,-0.6565138916152202
sub-017,60,correct,1,283.84660207830603,-2.721856209018744
sub-017,61,correct,1,551.7137454369151,-3.952192947676609
sub-017,62,correct,1,590.8106912514668,-1.0992678907946691
sub-017,63,correct,1,336.09169600718207,2.145286819733046
sub-017,64,correct,1,543.1801890227166,-1.2369190658266205
sub-017,65,correct,1,383.25010691828425,-0.8687208240713318
sub-017,66,correct,1,361.8695901781038,-1.7264914444290518
sub-017,67,correct,1,462.4089908830149,0.9636233292112053
sub-017,68,correct,1,495.1663287871791,-0.3566040799931792
sub-017,69,correct,1,473.94877849488313,3.101459693269324
sub-017,70,correct,1,463.8510241107004,-3.0449548800337842
sub-017,71,correct,1,689.362117847163,-2.7970770964554794
sub-017,72,correct,1,498.07842316402616,-2.7394457617640637
sub-017,73,error,0,428.8104617591639,1.0846903996873172
sub-017,74,correct,1,365.1586221328733,-1.6482616109150148
sub-017,75,correct,1,412.12144167769065,-1.9474858882394266
sub-017,76,correct,1,525.9870748192916,0.4831057850575382
sub-017,77,error,0,476.0270643852898,-1.672958318397839
sub-017,78,correct,1,598.5255669216319,0.17714508972842258
sub-017,79,correct,1,555.0041406495209,-0.6544797890710385
sub-017,80,correct,1,470.4871651250351,0.3194018733502958
sub-017,81,correct,1,475.1887877034005,-5.022841960240179
sub-017,82,error,0,260.87394402765756,-1.4009511903963603
sub-017,83,correct,1,395.2318064827805,1.2457976329536136
sub-017,84,correct,1,428.3408077794717,0.18656940980493464
sub-017,85,correct,1,445.9577938851893,-0.46752876891903206
sub-017,86,error,0,360.66893443832384,-2.756434716091273
sub-017,87,correct,1,377.0124931861502,-1.502303983131614
sub-017,88,correct,1,558.2072703211325,-2.4453060079092457
sub-017,89,correct,1,424.5129390624062,2.1803503334324676
sub-017,90,correct,1,514.8782014982501,-0.4545225399073548
sub-017,91,correct,1,386.4014060874149,-3.20954781929264
sub-017,92,correct,1,385.00353439065276,0.8295555334230098
sub-017,93,correct,1,509.5847654185731,-2.9541193044587817
sub-017,94,correct,1,390.60605682204823,-2.834513438838347
sub-017,95,correct,1,523.6556771874679,1.9277886909064623
sub-017,96,correct,1,404.8194195263969,-1.654134924868545
sub-017,97,correct,1,454.3895220067388,0.9047498118611563
sub-017,98,correct,1,576.758059070582,-6.0843185450996895
sub-017,99,correct,1,621.2802971568376,1.3544083502760262
sub-017,100,correct,1,551.0266200569696,-1.7648986470080066
sub-017,101,error,0,455.42168646578494,-2.161817928220472
sub-017,102,error,0,347.23514904821866,1.0947592969080038
sub-017,103,correct,1,494.08211042668023,-2.0172057489241872
sub-017,104,correct,1,594.3880798292863,-0.6313831739776544
sub-017,105,correct,1,433.2832694145682,3.5096707517616417
sub-017,106,correct,1,423.6436476544332,1.0375110846943778
sub-017,107,correct,1,304.53409347527196,2.8580727802198265
sub-017,108,correct,1,544.2729168872236,-5.421988500001914
sub-017,109,correct,1,525.7867797436718,0.7376964315544647
sub-017,110,correct,1,535.5223847366418,2.309147110590082
sub-017,111,correct,1,361.9979676335604,1.6413528568565945
sub-017,112,error,0,463.89621586790923,4.7984803004726455
sub-017,113,error,0,511.23126810647904,1.3711187157709563
sub-017,114,correct,1,402.08336197272587,0.5819018754679699
sub-017,115,error,0,388.9818978736376,0.10960650529195037
sub-017,116,correct,1,468.58256997741177,-0.08431485243188808
sub-017,117,correct,1,533.6410165730008,0.9450346325510202
sub-017,118,error,0,335.30702480094504,-0.45820303979121824
sub-017,119,correct,1,557.9914825780935,0.5692506699876427
sub-017,120,error,0,395.91922931368305,-5.488578123260998
sub-017,121,correct,1,351.74736918448315,1.3813094776474757
sub-017,122,correct,1,395.23767126491913,3.2788638678409705
sub-017,123,correct,1,493.2181561952138,0.7440239633991526
sub-017,124,correct,1,449.3469932051669,-2.7342286231047326
sub-017,125,correct,1,456.01925889461046,0.5165162342614849
sub-017,126,correct,1,422.78643167840573,-1.9553316395770743
sub-017,127,correct,1,540.1784890849877,-0.2708618800190667
sub-017,128,correct,1,457.0213747760938,1.2596099004922574
sub-017,129,correct,1,392.975831688986,1.0901543438090222
sub-017,130,correct,1,428.83374198260617,0.06669333238246433
sub-017,131,correct,1,406.6606638181098,2.5728316738018058
sub-017,132,correct,1,494.75020511677684,-2.806411438951472
sub-017,133,error,0,364.97584788345904,-2.5817685628165727
sub-017,134,correct,1,330.92469885371736,2.4760940854169475
sub-017,135,error,0,419.1273201311925,-1.412950023036087
sub-017,136,correct,1,465.53740098012446,-2.205017378044893
sub-017,137,correct,1,498.9257057803657,-6.605917275166142
sub-017,138,correct,1,453.03816020401445,1.461561299364353
sub-017,139,correct,1,440.11703584480466,-1.2938174208548285
sub-017,140,correct,1,360.704644681196,-1.1970677034869897
sub-017,141,correct,1,487.18110412021673,1.8772353713863157
sub-017,142,correct,1,537.6646296894647,-1.4027860686352538
sub-017,143,correct,1,449.45647573226177,1.5400785274869433
sub-017,144,correct,1,556.7368884961276,0.3934725540942037
sub-017,145,correct,1,369.9224336760674,-0.8229852678210618
sub-017,146,correct,1,447.06663565092117,3.6703235105957535
sub-017,147,correct,1,458.4744282532674,2.2664331425518136
sub-017,148,correct,1,514.9612497995246,-3.3335721418144986
sub-017,149,correct,1,370.02311474813337,-0.8096249751945975
sub-017,150,correct,1,517.1788176006353,2.3695459074507825
sub-017,151,correct,1,409.9021081540686,-1.6936272060329793
sub-017,152,correct,1,368.1907905263315,-1.7158836394121173
sub-017,153,correct,1,436.75065806897567,-1.4410799875869316
sub-017,154,correct,1,418.4277340104261,2.2809898084683775
sub-017,155,correct,1,451.7086349891038,-3.4347072377949686
sub-017,156,correct,1,457.0100677433784,-5.113866165261655
sub-017,157,correct,1,448.7739054131292,-5.39902687769643
sub-017,158,correct,1,476.22641246866544,-1.581356989311686
sub-017,159,correct,1,430.65353044463177,1.740688570198773
sub-017,160,error,0,426.01548867218446,-7.082950620671401
sub-018,1,correct,1,361.47273924509597,-1.0392397536410822
sub-018,2,correct,1,228.68537721117104,-1.6189420875924043
sub-018,3,correct,1,404.01865103333967,-1.0603418068253023
sub-018,4,correct,1,607.7887915201954,-4.385199166969519
sub-018,5,correct,1,451.9212875840688,-2.0161909037625407
sub-018,6,correct,1,429.0400269264908,1.1953933892413797
sub-018,7,correct,1,498.8928102586511,0.8570768376435058
sub-018,8,correct,1,551.7566228933418,-1.8841034531886678
sub-018,9,error,0,529.0254756049209,-1.7186838216488851
sub-018,10,correct,1,461.3960585206708,0.6666689873134919
sub-018,11,correct,1,474.96872222766393,-1.3946333707742011
sub-018,12,error,0,360.8769414034639,-0.9702592692264236
sub-018,13,correct,1,536.567919190839,1.5594253138325203
sub-018,14,error,0,485.2616060518003,-0.92899433740986
sub-018,15,correct,1,626.6886920447303,-2.8141959089408966
sub-018,16,correct,1,532.4207174046429,-0.7791231713961468
sub-018,17,correct,1,480.79991450832506,-1.1229267902711222
sub-018,18,correct,1,476.34834134367486,0.4223772095056282
sub-018,19,correct,1,482.4304979635038,0.9126310371780684
sub-018,20,correct,1,542.9148341807978,0.510485621335345
sub-018,21,correct,1,509.33340170520376,-3.8665330550006205
sub-018,22,correct,1,315.64207836540163,2.135571743302738
sub-018,23,correct,1,380.42802942757305,-2.9009863035580032
sub-018,24,correct,1,288.3004212710015,-3.1746864652788753
sub-018,25,error,0,392.25560441937125,-1.3251080153251824
sub-018,26,correct,1,539.7280376708549,-0.49762360317979
sub-018,27,correct,1,479.16749757977016,-1.1846196661434587
sub-018,28,correct,1,593.8890190887364,-0.7753994329165097
sub-018,29,correct,1,469.5315007773493,-1.1355604357258116
sub-018,30,correct,1,338.5888667230605,0.37921230109560555
sub-018,31,error,0,371.4674286089459,-2.2654279812471323
sub-018,32,error,0,456.14532183429236,-0.7079629139339029
sub-018,33,correct,1,341.7676285882539,2.2193286024093757
sub-018,34,correct,1,500.07346303834044,-0.3880693494971663
sub-018,35,correct,1,571.3978867545022,-0.22947752101054775
sub-018,36,correct,1,434.49754692939496,1.9207494687769031
sub-018,37,error,0,337.7315288635599,-2.355214044107889
sub-018,38,correct,1,354.5080919447527,-4.2859433918480025
sub-018,39,correct,1,521.3027473608995,-0.020909002039356306
sub-018,40,correct,1,488.55626312951136,3.927827477970471
sub-018,41,correct,1,563.4502675048657,-2.5010922786624867
sub-018,42,correct,1,523.2500063319936,0.11086400703664201
sub-018,43,correct,1,447.7981923900569,0.6919926337233175
sub-018,44,correct,1,458.87143275034674,1.5835951944236732
sub-018,45,correct,1,521.7784142661932,1.348087587885983
sub-018,46,correct,1,414.32766911353013,-4.804469393501593
sub-018,47,correct,1,587.6981765213226,3.793173457216869
sub-018,48,correct,1,341.6060678171916,0.8720386771658903
sub-018,49,correct,1,515.404766552605,-3.0244140998465063
sub-018,50,correct,1,534.1049801386348,1.7816811499494614
sub-018,51,correct,1,504.6440161738104,-0.6105049082141476
sub-018,52,correct,1,272.57835672416786,-1.1485150969198725
sub-018,53,error,0,373.1635424214608,-3.736812496911347
sub-018,54,correct,1,485.8065677714313,0.48776640134672644
sub-018,55,correct,1,440.1706539129887,-1.8361546755271658
sub-018,56,correct,1,597.6763864824575,0.474774293392372
sub-018,57,correct,1,619.8507370619881,-1.2168925734445017
sub-018,58,correct,1,557.2344974941169,-1.5102896065471159
sub-018,59,error,0,295.96040441002253,-1.427777010547187
sub-018,60,correct,1,507.01904861326653,4.7078517718829005
sub-018,61,correct,1,605.8671497633892,1.5643481787933664
sub-018,62,correct,1,502.5235198531627,-1.1333026976102474
sub-018,63,correct,1,422.8717118532819,-0.807757595621851
sub-018,64,correct,1,472.8840138248506,-0.8779597934009788
sub-018,65,correct,1,582.6495114594965,-1.6226491862256514
sub-018,66,error,0,401.6793650256514,-1.2648302548965873
sub-018,67,correct,1,488.95709331346353,4.78155045503232
sub-018,68,correct,1,649.9689517948359,-3.7425496146823853
sub-018,69,correct,1,416.9973962141297,-0.9473914739141305
sub-018,70,correct,1,416.20645994782654,0.7739107587873211
sub-018,71,correct,1,467.76750724330753,-1.6948040254651593
sub-018,72,correct,1,392.5331824519971,-2.503729359903171
sub-018,73,correct,1,462.97126775923414,0.9569969871995303
sub-018,74,error,0,414.05420869828845,-3.4353229304470347
sub-018,75,correct,1,465.2134641965296,0.7112150178325014
sub-018,76,correct,1,522.3720190815606,-1.675492717138063
sub-018,77,correct,1,424.2168886965948,4.229460359311696
sub-018,78,correct,1,388.5654958187185,-2.785131212346471
sub-018,79,correct,1,576.2522506983437,1.2699642278798247
sub-018,80,error,0,421.1660458649648,-2.647026341571155
sub-018,81,correct,1,369.03761571163864,-1.5828132420961805
sub-018,82,error,0,414.5561782315201,0.6709253383012004
sub-018,83,correct,1,361.00433171960856,0.08539217084337491
sub-018,84,correct,1,660.988057619242,0.35470596016279854
sub-018,85,error,0,296.7728605528563,0.621935958900731
sub-018,86,correct,1,470.99667687597474,-1.2900013281094749
sub-018,87,correct,1,406.31796864164517,-2.2029751614680952
sub-018,88,correct,1,517.5228411141859,-1.4882524503532288
sub-018,89,correct,1,595.0295855867857,3.419290474457359
sub-018,90,correct,1,449.1652694627223,2.9793686444821184
sub-018,91,error,0,479.33857674419636,-1.024757750969755
sub-018,92,correct,1,394.9989623700305,-1.8617026400010608
sub-018,93,correct,1,381.67610539586747,-0.7388761271773889
sub-018,94,correct,1,439.7123610522472,-0.4989859999862222
sub-018,95,correct,1,471.109820413358,-0.787352925178946
sub-018,96,correct,1,307.7138962380508,-1.8572326162132768
sub-018,97,correct,1,447.87835989389004,-1.1816605616250881
sub-018,98,correct,1,359.51825585897825,1.379328972002604
sub-018,99,correct,1,579.1484155989368,0.49091587976287676
sub-018,100,correct,1,488.36525105226866,-0.8287612580630639
sub-018,101,correct,1,435.74440279149394,1.4031452169869714
sub-018,102,correct,1,505.3834882478374,-3.4119785541716654
sub-018,103,correct,1,541.5629683361009,3.804466660795498
sub-018,104,correct,1,423.63676392252717,-2.2864477383029995
sub-018,105,correct,1,421.8461678347729,-3.8510211618811523
sub-018,106,correct,1,456.410684774547,0.1116626415538241
sub-018,107,correct,1,365.7499205614158,-0.14846544669493678
sub-018,108,correct,1,459.16146890271114,-3.048700709551116
sub-018,109,correct,1,492.12320863850914,2.230867273791702
sub-018,110,correct,1,561.3698954435401,-2.4069793328253155
sub-018,111,error,0,466.9871317302061,0.6185925394257379
sub-018,112,correct,1,479.16179085051954,-2.3193809360750897
sub-018,113,correct,1,370.2253118219582,1.7605353909536292
sub-018,114,correct,1,416.4884325814112,0.6656439733590815
sub-018,115,error,0,490.5155310676826,-1.751477749019397
sub-018,116,correct,1,461.5702416408476,-4.83336766773548
sub-018,117,correct,1,426.73619964607036,-1.9404558355608879
sub-018,118,correct,1,339.7547799496477,0.08482432450530175
sub-018,119,correct,1,562.0146953437528,-1.6422654358206865
sub-018,120,correct,1,466.5200631479382,-3.5176995079488584
sub-018,121,correct,1,451.80594645905785,-2.660480284682329
sub-018,122,correct,1,565.5810825537883,-1.1333933249867556
sub-018,123,correct,1,540.3752319586318,0.8875559090572072
sub-018,124,correct,1,302.77406190834085,-3.657324706689094
sub-018,125,correct,1,450.63748777878385,-0.7732496761779666
sub-018,126,correct,1,424.59571773083366,2.07308051909102
sub-018,127,correct,1,501.4433003590045,-1.706237930044695
sub-018,128,correct,1,543.1256094789301,2.9216479703840523
sub-018,129,correct,1,432.1746416305153,0.4765028807460794
sub-018,130,correct,1,470.1453649612054,0.41187926285183596
sub-018,131,correct,1,613.2609654311648,-0.7271566229536924
sub-018,132,correct,1,543.6639028808748,2.2409098390835513
sub-018,133,error,0,526.3555599574669,-5.704360173315794
sub-018,134,correct,1,483.45264260813104,1.976505684275023
sub-018,135,error,0,286.42117250953675,-2.4932772904887894
sub-018,136,error,0,380.0200820907598,1.0155198799062473
sub-018,137,correct,1,459.2964723422324,0.6624278729430015
sub-018,138,correct,1,593.5251212203615,-5.281365564644072
sub-018,139,correct,1,344.47612562711026,-0.3009296763093101
sub-018,140,correct,1,504.14871180436603,-0.07719058009990298
sub-018,141,error,0,560.1464450643703,-0.5477621079774413
sub-018,142,correct,1,399.9138706674372,1.7657752734813859
sub-018,143,correct,1,482.3125295467249,0.19586321076986912
sub-018,144,correct,1,483.43890306993967,-1.0035694839540636
sub-018,145,correct,1,404.49300450147234,0.2618857544151316
sub-018,146,correct,1,520.3722950141963,-2.359274916685858
sub-018,147,correct,1,290.2685452166253,-3.963303990079302
sub-018,148,correct,1,523.7023057105325,-2.4924016525970956
sub-018,149,correct,1,272.15268394152406,1.2747941602046466
sub-018,150,correct,1,368.895463627828,-2.9742479228144143
sub-018,151,error,0,321.0688676574829,-4.7680261514673905
sub-018,152,correct,1,452.5474411196841,-3.100095970514422
sub-018,153,correct,1,546.2397354278705,-0.6287281938037421
sub-018,154,correct,1,649.3083361287926,-0.5952685960512677
sub-018,155,correct,1,527.857963870861,-1.0565105915603608
sub-018,156,correct,1,363.0931321635236,-1.6108105583829397
sub-018,157,correct,1,551.1552367219091,2.3559529005616335
sub-018,158,error,0,612.7287526849964,1.7603942741284309
sub-018,159,correct,1,576.4076287317168,0.15434979463906418
sub-018,160,correct,1,338.1813633154293,-0.5408622148117255
sub-019,1,correct,1,573.4760361147021,-1.2899297346134173
sub-019,2,correct,1,495.11217003300527,-2.3098950730619494
sub-019,3,correct,1,645.3624023516296,-1.4800077101114388
sub-019,4,correct,1,423.9661361481733,2.488061103828007
sub-019,5,correct,1,451.97599448677454,1.5122073170603243
sub-019,6,correct,1,490.9761919607215,1.9108586572463304
sub-019,7,correct,1,356.0787749302949,0.19165998947880852
sub-019,8,correct,1,351.48749679744253,1.2305414049953562
sub-019,9,correct,1,479.4502281776901,-1.9467554395754223
sub-019,10,error,0,403.53976279055996,3.244413270512726
sub-019,11,correct,1,310.0747682590795,-0.38266596865670865
sub-019,12,correct,1,427.6193741483986,-2.4324321221607654
sub-019,13,error,0,399.8485504790025,-4.008336726984702
sub-019,14,correct,1,265.2399003693324,-0.2948805712068673
sub-019,15,error,0,445.6622932858707,-0.2774590421195545
sub-019,16,correct,1,455.4361500246984,-1.5945432057779776
sub-019,17,correct,1,461.1721440370263,0.9918321049243393
sub-019,18,correct,1,397.015889061735,-1.7627290152882988
sub-019,19,error,0,364.138335434358,3.089661070252346
sub-019,20,error,0,397.1075394280753,-2.7393942204395083
sub-019,21,correct,1,495.9031035955535,-3.005595832074953
sub-019,22,correct,1,488.6869702309063,0.14713998512462484
sub-019,23,correct,1,542.0989501943385,-1.0083490563553925
sub-019,24,correct,1,524.4959528693565,3.4205329883322033
sub-019,25,correct,1,489.910200242646,-0.5684311629223797
sub-019,26,correct,1,535.878605039493,-1.3663853307870477
sub-019,27,correct,1,375.00415119779973,-1.9177800874574047
sub-019,28,correct,1,435.4610325688721,0.9039300547411071
sub-019,29,correct,1,552.0917439903822,-2.3615701080049485
sub-019,30,correct,1,548.3393686652742,0.56787470660085
sub-019,31,correct,1,410.7368159235583,-2.5664625667965444
sub-019,32,error,0,463.1778633401748,-0.053685635108196905
sub-019,33,correct,1,547.2626090669013,0.5508260364397057
sub-019,34,correct,1,524.5092249343464,3.4435142495062117
sub-019,35,correct,1,371.9356461226791,-3.4522255526012797
sub-019,36,correct,1,548.9553712277009,-0.3925960189204303
sub-019,37,correct,1,577.6330489802347,-1.139828061908087
sub-019,38,error,0,465.7531455299625,0.8919929820107335
sub-019,39,correct,1,433.4227952402078,1.1129048355634872
sub-019,40,correct,1,536.4727220270772,0.17937911747569896
sub-019,41,error,0,354.659140504084,-2.082313236003773
sub-019,42,correct,1,445.58093161661736,-1.3354144651497861
sub-019,43,error,0,479.63637781775157,-0.6065344859482571
sub-019,44,correct,1,417.7951962399178,-1.5387823711708224
sub-019,45,correct,1,489.1835817712259,-0.20778103983012114
sub-019,46,correct,1,438.9507085143625,1.4416736366589067
sub-019,47,correct,1,531.3695648785267,0.7757608887043261
sub-019,48,correct,1,405.3441190401103,0.8222774696669188
sub-019,49,correct,1,448.6596325157189,0.035455589368184104
sub-019,50,correct,1,460.5136469449609,-4.870986136594502
sub-019,51,correct,1,436.51017339496764,-2.9499781607231834
sub-019,52,correct,1,488.55040760427903,-2.2835397718145876
sub-019,53,correct,1,393.4859938475039,0.15444259296521418
sub-019,54,correct,1,578.0604557887563,-0.8349905897681819
sub-019,55,correct,1,543.3924033170199,-2.6902004814047693
sub-019,56,correct,1,522.4485559138874,0.06280416128348992
sub-019,57,correct,1,401.975999957583,-0.45906336323906494
sub-019,58,correct,1,552.7248316579662,-2.932039872601575
sub-019,59,error,0,519.1806436952716,-0.7082919947661829
sub-019,60,correct,1,409.6514536314462,3.1459338186002017
sub-019,61,correct,1,501.63213164809844,2.7414774760958647
sub-019,62,correct,1,473.6367886627531,0.46408043016470774
sub-019,63,correct,1,556.1336215799453,-0.8289185481949279
sub-019,64,correct,1,600.1703082587364,-3.2576307586070348
sub-019,65,correct,1,607.9869380030162,1.6404062515419735
sub-019,66,correct,1,572.7861347679648,0.037921313927660905
sub-019,67,correct,1,500.2931125546358,0.796120722244164
sub-019,68,correct,1,481.1096797203646,0.4346976709627887
sub-019,69,correct,1,370.6694318353863,0.2781227283371181
sub-019,70,correct,1,428.77749205024116,2.2041122009892944
sub-019,71,correct,1,491.4005124542531,1.6086352837519904
sub-019,72,error,0,297.7020956195008,-0.6224620010269396
sub-019,73,correct,1,382.4668183250423,1.0788089045078568
sub-019,74,correct,1,504.05280313611917,2.9034318411232056
sub-019,75,correct,1,368.5638422557391,-2.2339286734895722
sub-019,76,correct,1,515.2740030235913,2.4896876530319894
sub-019,77,correct,1,461.96696155395443,-2.8294128161476775
sub-019,78,correct,1,672.7599303768181,-1.2193252998682966
sub-019,79,correct,1,403.56082511124174,-2.321487520614856
sub-019,80,correct,1,452.1155850961196,0.776680472632127
sub-019,81,correct,1,511.1650694922013,-3.974488115315028
sub-019,82,correct,1,497.5563054629215,2.385170542862141
sub-019,83,correct,1,390.79097728658513,0.8909922963385002
sub-019,84,correct,1,430.4140795313944,-2.5275338036405426
sub-019,85,correct,1,501.7561136113915,0.39408440359142344
sub-019,86,correct,1,472.5181681421023,1.6373661911058726
sub-019,87,correct,1,415.290467917549,-0.4681497230509954
sub-019,88,correct,1,535.9292800015259,-1.0184895069454325
sub-019,89,error,0,414.4168931412314,-4.326787722901566
sub-019,90,correct,1,418.6506433187602,-0.6260029909347429
sub-019,91,correct,1,420.43955705891136,-1.3576304920240738
sub-019,92,correct,1,520.161642800144,2.1303551048236957
sub-019,93,error,0,491.4633119349263,-0.9796703270892668
sub-019,94,correct,1,476.8523607759934,2.180479160795759
sub-019,95,correct,1,427.93572820832895,-0.7260129593397011
sub-019,96,correct,1,432.32107891261353,1.6869317808555095
sub-019,97,correct,1,512.6062000150052,-0.2503721777733
sub-019,98,correct,1,439.11535735878726,0.46620220610064705
sub-019,99,correct,1,439.5946014899804,0.9201101466692951
sub-019,100,correct,1,428.79446358035347,-0.6934370969550692
sub-019,101,correct,1,421.4104636637633,-0.2149163072215866
sub-019,102,correct,1,602.7657440418141,-2.171692580639394
sub-019,103,correct,1,464.47534836028086,2.108285905893864
sub-019,104,correct,1,392.64069681490935,0.8306141665516762
sub-019,105,correct,1,479.07615464937703,-2.604650045299828
sub-019,106,correct,1,388.36960694957617,-0.6835165809352899
sub-019,107,error,0,384.80232777330707,-1.3314851114339148
sub-019,108,correct,1,461.88154317776684,-0.21491949792690013
sub-019,109,correct,1,516.708820932085,2.0771155028124846
sub-019,110,correct,1,432.4671363685894,1.7189558028205956
sub-019,111,correct,1,532.9556315254928,2.697469665325323
sub-019,112,correct,1,549.8917738795733,-1.1205429969510947
sub-019,113,correct,1,609.1989213726443,-4.3608715451183215
sub-019,114,error,0,364.57524749153083,1.319164002909544
sub-019,115,correct,1,566.3209273608134,0.12740939860743022
sub-019,116,correct,1,406.34359554937276,1.5176209727452241
sub-019,117,correct,1,465.7810490159592,1.203488072998172
sub-019,118,correct,1,293.65138007279995,0.6404788625741806
sub-019,119,error,0,426.1044177052435,-1.424263264848284
sub-019,120,correct,1,438.48658602483704,-0.292290960811758
sub-019,121,correct,1,592.7424720893032,-1.3716127915169873
sub-019,122,correct,1,494.841806356333,-0.23040984691407929
sub-019,123,correct,1,535.5535490904725,-3.582287594982439
sub-019,124,correct,1,284.6924155809923,-2.166132784596018
sub-019,125,correct,1,410.3520091649425,1.395502115292493
sub-019,126,correct,1,587.8384709738247,0.11537253807988107
sub-019,127,correct,1,469.80676968848854,-2.281308686924355
sub-019,128,correct,1,450.1095540534876,-0.034519757720288424
sub-019,129,correct,1,533.020206295599,1.1390961276478933
sub-019,130,correct,1,428.524727266507,-1.4419275687054693
sub-019,131,correct,1,471.8585592886794,1.4528944547457245
sub-019,132,correct,1,476.9571358155127,-2.364573033734947
sub-019,133,correct,1,474.84109394414253,-0.7778903212666721
sub-019,134,error,0,337.2464444709445,-1.6460302853899993
sub-019,135,correct,1,525.713744751884,-1.642182830472124
sub-019,136,correct,1,568.4750040891051,-0.48150557515206344
sub-019,137,correct,1,399.30806184613283,0.4201653936165391
sub-019,138,correct,1,443.5650846788109,0.6631342225233305
sub-019,139,correct,1,505.1068456312057,0.7750755176900226
sub-019,140,correct,1,517.4443250214798,-2.219967694010223
sub-019,141,correct,1,416.3810840030631,-1.8004465440118105
sub-019,142,correct,1,411.2841610720195,-0.3276318929886759
sub-019,143,correct,1,566.320433473524,-3.437481876603889
sub-019,144,correct,1,568.2739953682681,0.021248194087009786
sub-019,145,error,0,495.3590386470561,-5.157574658128681
sub-019,146,correct,1,473.0100360922307,-1.0997543965426313
sub-019,147,correct,1,217.40174440232528,-0.948680421150891
sub-019,148,correct,1,418.83306922126525,-3.1397954985195873
sub-019,149,correct,1,279.7912266880732,-0.47730229782740546
sub-019,150,error,0,387.3986645709444,-0.22189802291917182
sub-019,151,correct,1,314.2626549935002,1.3028358459204596
sub-019,152,correct,1,566.954631438163,0.5474806677608592
sub-019,153,correct,1,340.3901475467154,-2.2277886281692605
sub-019,154,correct,1,376.3851365224812,-1.8512122456533677
sub-019,155,correct,1,653.2988773819374,1.5590163464089688
sub-019,156,error,0,390.2266744574493,-2.7290063077036897
sub-019,157,correct,1,344.74397498634653,1.6080586491100313
sub-019,158,correct,1,425.31096723427095,-0.9713707690670378
sub-019,159,correct,1,445.615336130743,-2.4093128886623005
sub-019,160,correct,1,436.6488573844144,-2.41178679543405
sub-020,1,correct,1,454.06754748280866,-0.2759717782088381
sub-020,2,correct,1,445.8512410549354,-1.414232051791062
sub-020,3,correct,1,615.8604127071121,1.9180099353847706
sub-020,4,correct,1,484.8018197192722,-1.2611411360298383
sub-020,5,correct,1,461.39344658161457,-2.7144131925072945
sub-020,6,correct,1,455.43952695081697,-2.3916596904000307
sub-020,7,correct,1,574.1885535528266,1.0530404274261977
sub-020,8,correct,1,505.42540396339325,-0.1786891515093988
sub-020,9,correct,1,551.3470979964287,0.6355463362149215
sub-020,10,correct,1,570.6879051023293,-0.23312394050269475
sub-020,11,correct,1,430.301486663405,-0.21968996287229503
sub-020,12,correct,1,341.17732505961885,0.5817247796069914
sub-020,13,correct,1,370.3583305325293,-0.3685888655191387
sub-020,14,correct,1,541.8065987789726,-3.413502591994601
sub-020,15,correct,1,431.0995033528337,0.11677987962573255
sub-020,16,error,0,530.640925435004,2.3082340702529303
sub-020,17,correct,1,423.82588365287495,-1.4966811014835752
sub-020,18,correct,1,530.0952474410828,0.23121908514177925
sub-020,19,correct,1,605.7635185284732,2.896887312721102
sub-020,20,correct,1,548.6368864393783,-0.966348067594639
sub-020,21,correct,1,448.8148531505072,1.9070867395657016
sub-020,22,correct,1,595.7181424714267,-1.211216629685373
sub-020,23,correct,1,454.17023700476176,-0.3628510253857998
sub-020,24,correct,1,357.0523068835384,-1.6779294160713052
sub-020,25,error,0,410.365723815748,-2.884670317001107
sub-020,26,correct,1,445.8879766930804,-0.7627763049020024
sub-020,27,correct,1,498.37127682104943,-0.5284406917551925
sub-020,28,correct,1,425.5323942789221,-1.000147641746638
sub-020,29,error,0,273.7529999820161,0.7383227708696065
sub-020,30,correct,1,505.8673320645104,-0.8035045770491125
sub-020,31,correct,1,471.57187377769816,-0.5727319701159177
sub-020,32,correct,1,384.9122115761508,-2.1349725690708303
sub-020,33,correct,1,434.7181283474305,-1.3018618964635702
sub-020,34,correct,1,380.03846405513355,2.4867100302320932
sub-020,35,correct,1,430.8899040173232,2.4174491596323966
sub-020,36,correct,1,375.1113506682424,-6.617613328193301
sub-020,37,correct,1,522.6116853434424,0.8025577963443554
sub-020,38,error,0,451.058179308875,-2.453715517362486
sub-020,39,correct,1,376.2229117431654,0.6682185416836176
sub-020,40,correct,1,458.70064684496793,0.3116888108936524
sub-020,41,correct,1,496.5009287133744,-2.04613142616222
sub-020,42,correct,1,443.10073003740774,-4.856493012463033
sub-020,43,correct,1,412.57215753070824,-5.437119900961752
sub-020,44,correct,1,532.9250519555269,-3.030164898658466
sub-020,45,correct,1,346.67655361452864,-1.559663865888806
sub-020,46,correct,1,386.6220751764582,-3.1182200301439114
sub-020,47,error,0,560.2387786463685,-2.285915858329054
sub-020,48,correct,1,494.0480898547637,0.7791905162477862
sub-020,49,correct,1,556.3771080524704,0.6184664686438207
sub-020,50,correct,1,414.21897086955335,-3.148088520469113
sub-020,51,correct,1,517.8877922230068,-2.9401100605811643
sub-020,52,correct,1,528.8947379646969,-2.8855033943331194
sub-020,53,correct,1,455.0864590153206,0.4693680516239308
sub-020,54,correct,1,434.8603971377789,-1.3381044200449135
sub-020,55,correct,1,516.5382276822489,3.3949586241558696
sub-020,56,correct,1,474.67601849778674,-3.025649125377465
sub-020,57,correct,1,432.5656451195935,-2.5480984534052085
sub-020,58,correct,1,555.2803060021538,0.6071547130689651
sub-020,59,correct,1,483.2514078499895,1.2844901288098662
sub-020,60,correct,1,350.69976153888456,0.2267212547167261
sub-020,61,error,0,496.474943502075,-0.3633598258032458
sub-020,62,correct,1,526.1095867962182,-0.7883180477560718
sub-020,63,correct,1,460.45559012353243,3.700748337768401
sub-020,64,correct,1,440.08765386658246,1.7258301522958837
sub-020,65,error,0,479.1818125473631,-3.0692377687246424
sub-020,66,correct,1,439.23186750999315,-2.247596522401885
sub-020,67,error,0,314.19414094662125,-3.3700053887593198
sub-020,68,correct,1,394.60345448814337,2.5700719443467257
sub-020,69,error,0,434.51741084142645,-6.111325826522595
sub-020,70,correct,1,488.3920719486629,0.3333254002152959
sub-020,71,correct,1,371.1677464524844,1.5014202296571435
sub-020,72,correct,1,387.13365136794965,2.7927697514691188
sub-020,73,correct,1,597.0341471171673,-1.0012284139440242
sub-020,74,correct,1,363.1800742716471,1.180003986744126
sub-020,75,correct,1,414.60967800565675,-2.269329375329849
sub-020,76,correct,1,467.71899332256146,2.760379931773381
sub-020,77,correct,1,459.36082630892963,-2.994991058238534
sub-020,78,correct,1,569.8668635206996,-1.5281176018462965
sub-020,79,error,0,362.5284059800745,-0.5963231299447749
sub-020,80,correct,1,605.2795691949436,1.349272848936773
sub-020,81,correct,1,594.8131559170529,0.4377295383450889
sub-020,82,correct,1,336.5530458192432,1.5045462805685617
sub-020,83,correct,1,542.8954930188764,-2.0048679214897747
sub-020,84,correct,1,502.5354748817701,-2.1214897140426117
sub-020,85,correct,1,560.767784628106,0.18742477911712174
sub-020,86,correct,1,603.524927919529,-1.3979041004383925
sub-020,87,correct,1,445.9335642286582,-0.664154259882793
sub-020,88,correct,1,535.9859474314665,2.4646286254019345
sub-020,89,correct,1,421.97972433123954,0.05857518463198086
sub-020,90,correct,1,628.7041877678236,-2.3984696114612696
sub-020,91,correct,1,536.3290924677644,-3.5732092901370702
sub-020,92,correct,1,433.79804996010307,-3.770487846965378
sub-020,93,error,0,571.3410901599957,-1.9340839334386124
sub-020,94,error,0,442.2117871706784,-6.087257931701003
sub-020,95,error,0,418.25508738729303,-1.9464069048752948
sub-020,96,correct,1,427.7967583960277,-2.73113493985642
sub-020,97,correct,1,522.0725164240303,1.7949416102451323
sub-020,98,correct,1,501.80399878330115,0.3887621904288704
sub-020,99,correct,1,535.6943418118616,-0.020225989454331184
sub-020,100,error,0,317.12613562251704,-0.6518549744604725
sub-020,101,correct,1,414.0048785787194,0.22264615974511082
sub-020,102,correct,1,477.0668129649033,2.5770137117085867
sub-020,103,correct,1,634.3329911736164,-1.927875820210423
sub-020,104,correct,1,559.9314979311432,-2.497183001304814
sub-020,105,correct,1,472.5933116019293,-1.6465672246413439
sub-020,106,correct,1,352.10492175607374,0.08117044108432636
sub-020,107,correct,1,692.0327096981717,-2.924504930837032
sub-020,108,correct,1,545.5395300211131,3.356452122095972
sub-020,109,correct,1,493.67708712147993,-1.2787302332266042
sub-020,110,correct,1,311.8134691289273,-0.5451272384830943
sub-020,111,error,0,485.0561539448991,-1.3614970898831829
sub-020,112,correct,1,599.0430240528542,2.2658789452770383
sub-020,113,correct,1,416.7344514997511,-2.165791874881038
sub-020,114,correct,1,383.1845856994604,-0.10528725364123881
sub-020,115,correct,1,464.1084716730641,-1.2178226605098195
sub-020,116,correct,1,460.83471492865976,-1.6960439905100606
sub-020,117,correct,1,481.14359348198127,-0.29972763132590563
sub-020,118,correct,1,365.5204184250572,-1.1923953876841473
sub-020,119,correct,1,416.03495465817906,1.1203005332517026
sub-020,120,error,0,469.6144956309985,-1.6566244998866446
sub-020,121,correct,1,352.63413228088166,-6.10166600963296
sub-020,122,correct,1,533.858996225462,1.7928730941683186
sub-020,123,correct,1,507.0127358688544,-0.3825772327885151
sub-020,124,correct,1,401.74205166371775,-1.9320012216917761
sub-020,125,correct,1,448.6153278533498,-2.325708458042847
sub-020,126,correct,1,400.4089131603499,1.3000664423149906
sub-020,127,error,0,477.6691880277099,-3.373970308778364
sub-020,128,correct,1,494.814210169722,3.328101835782672
sub-020,129,correct,1,492.2944564118355,1.4262075382563557
sub-020,130,correct,1,486.13872938802376,4.201125314233622
sub-020,131,correct,1,451.76937569397205,1.5702009589984054
sub-020,132,correct,1,559.1846710715278,-2.2053565489907125
sub-020,133,correct,1,331.98845875193183,-1.176693211897034
sub-020,134,correct,1,593.4068110193415,2.3849640123569174
sub-020,135,correct,1,439.40746485017024,-1.7947065016668566
sub-020,136,correct,1,533.1021471044262,-1.0191868157169317
sub-020,137,correct,1,430.95784730710886,0.12722344819338616
sub-020,138,error,0,333.13579065805305,-2.921064811101616
sub-020,139,error,0,383.0056394382437,-2.2820929899212
sub-020,140,correct,1,428.1463252957823,1.8250897397551014
sub-020,141,correct,1,478.3487384536079,-0.12801222515706379
sub-020,142,correct,1,670.3141954509977,-1.8535590307740306
sub-020,143,correct,1,433.9565074069042,-0.8049522758592094
sub-020,144,correct,1,334.5629959036082,-4.720440386445852
sub-020,145,correct,1,438.6596894675156,2.281267798047849
sub-020,146,correct,1,468.0494180938353,-1.1515384821191903
sub-020,147,correct,1,402.1360338779756,0.12021951911527518
sub-020,148,correct,1,428.0835170723369,-3.0139528722280136
sub-020,149,correct,1,484.1735817843827,-0.595728017009319
sub-020,150,correct,1,490.0355905368732,0.1331888941725068
sub-020,151,correct,1,484.5352675746844,2.3336931371366982
sub-020,152,correct,1,411.14137946673515,0.9400226895716902
sub-020,153,correct,1,427.5450310674486,-1.2342451155048482
sub-020,154,correct,1,517.7302967752635,-0.9278546990556047
sub-020,155,correct,1,405.7846218502882,0.28599439337666477
sub-020,156,error,0,369.9372989935212,0.9324584552041615
sub-020,157,correct,1,543.5688679694667,-0.7898653982361025
sub-020,158,error,0,439.8915141921472,-2.80092472938807
sub-020,159,correct,1,364.9380327806928,0.6352360043367099
sub-020,160,correct,1,508.333586249508,-2.07783756170707
sub-021,1,correct,1,367.2396185679649,-1.4633947045680262
sub-021,2,correct,1,391.5917099927999,1.605409151828892
sub-021,3,error,0,352.7191663726894,-1.952241684817111
sub-021,4,correct,1,499.58588390777606,-1.1140874668773546
sub-021,5,correct,1,296.8004661671049,-3.590626077984207
sub-021,6,correct,1,457.8381155668825,-2.8828021517293654
sub-021,7,correct,1,441.4065802623143,-2.733346038691179
sub-021,8,correct,1,471.4270106599368,0.4936306698682019
sub-021,9,correct,1,559.1955563305484,-1.6454047027888512
sub-021,10,correct,1,565.1788015614015,-3.1395383888347452
sub-021,11,correct,1,318.3955382526865,-1.3996674963446751
sub-021,12,correct,1,498.7130009984166,2.4472274392355864
sub-021,13,error,0,535.9117434765596,-5.7513052831758955
sub-021,14,error,0,380.4536971104269,-2.6655308142137786
sub-021,15,correct,1,269.6089109411605,2.7766590670730844
sub-021,16,correct,1,438.1587909576507,-1.6964017145790513
sub-021,17,correct,1,505.98459638318434,1.4857785980628098
sub-021,18,correct,1,582.4638688910147,-0.25238417287557546
sub-021,19,correct,1,407.634576537553,-2.348209354750367
sub-021,20,correct,1,462.27666839510863,-4.076222735035777
sub-021,21,correct,1,644.8446235674116,-2.121182307907868
sub-021,22,correct,1,587.664754374405,2.6211973101229877
sub-021,23,correct,1,473.29963827966867,-2.002940234428473
sub-021,24,correct,1,430.7180067398747,0.1675995079461462
sub-021,25,correct,1,363.4919505477259,3.2533239781622236
sub-021,26,correct,1,329.9350879240961,0.9229975209305997
sub-021,27,correct,1,400.62426033106766,2.533545410969169
sub-021,28,correct,1,367.7428030477829,-0.31511571449874104
sub-021,29,correct,1,523.8098786293109,-0.8876438830467195
sub-021,30,correct,1,476.17073881106427,-1.2534279240294401
sub-021,31,correct,1,343.53120911852125,0.31667023006797546
sub-021,32,correct,1,394.1384321459234,0.9804689072233309
sub-021,33,correct,1,514.1988780762998,2.2318683457579156
sub-021,34,correct,1,430.9103496538501,1.3922962485357124
sub-021,35,correct,1,522.5545335605126,3.404010205308041
sub-021,36,correct,1,390.135038906904,-0.8375683492616374
sub-021,37,correct,1,551.5182072197865,-1.4615534064091613
sub-021,38,correct,1,383.10940410099676,2.8413449280117447
sub-021,39,correct,1,506.48213322195807,2.6010516843006624
sub-021,40,correct,1,565.6334638587824,-3.56577904456169
sub-021,41,correct,1,373.898631986331,-0.47287922421277695
sub-021,42,correct,1,474.16593230725005,-2.536317109945435
sub-021,43,correct,1,454.7656984084911,0.8556137652764407
sub-021,44,correct,1,486.2868794340056,-3.992021983468545
sub-021,45,error,0,548.6187531198755,-2.637399559214435
sub-021,46,correct,1,513.1745913003786,3.5566723693749465
sub-021,47,correct,1,471.96451309158107,1.8005774944823836
sub-021,48,error,0,504.52076784166184,-2.5916125450790437
sub-021,49,correct,1,431.19913657721236,0.1433183355591614
sub-021,50,correct,1,442.95690779562267,0.39531064723952103
sub-021,51,correct,1,661.9302815814141,-2.9763515967402565
sub-021,52,correct,1,534.7016175377407,4.079563176315158
sub-021,53,correct,1,438.21493621603634,-0.588051587310858
sub-021,54,correct,1,502.37593799196475,1.132274773854904
sub-021,55,correct,1,415.5650993232557,-1.196834868961783
sub-021,56,error,0,466.9285990802916,-4.447648935676337
sub-021,57,error,0,518.6227065344685,-3.4420127247138517
sub-021,58,correct,1,428.3117653888057,-0.7067532929094376
sub-021,59,correct,1,455.65812048816804,2.0690353653493303
sub-021,60,correct,1,479.6833890386491,0.022460277704990705
sub-021,61,error,0,416.1381146845024,-4.512860561031274
sub-021,62,correct,1,501.2172273212983,-1.5605707990651303
sub-021,63,correct,1,447.30478090122097,-1.1619755230699467
sub-021,64,correct,1,500.92491915322796,0.08310753760307432
sub-021,65,correct,1,465.3586522503166,-1.2374850627885208
sub-021,66,correct,1,577.3545650096369,0.9473612835728723
sub-021,67,error,0,357.728289863512,-2.6241898534829997
sub-021,68,correct,1,559.0236688756976,-4.120469887037232
sub-021,69,correct,1,344.37306856957576,-0.15411664531832475
sub-021,70,correct,1,405.3452246992856,-1.7349168012531981
sub-021,71,error,0,451.2453048195188,-1.0690745119071072
sub-021,72,correct,1,464.94253170222123,-2.4088876438130957
sub-021,73,correct,1,323.8405617673926,-1.0823318651895386
sub-021,74,correct,1,572.0944530353919,-0.6193680127821448
sub-021,75,error,0,470.2357120803995,-4.07173805118867
sub-021,76,correct,1,485.4429225180181,-3.901166657017626
sub-021,77,correct,1,519.0307345404167,0.1290738024225767
sub-021,78,correct,1,449.17180036363663,-0.8305327563730909
sub-021,79,correct,1,438.3779464562617,1.3475385482530915
sub-021,80,correct,1,458.15187741567433,1.3476738057998228
sub-021,81,correct,1,237.38073286624598,-1.1303210530903685
sub-021,82,correct,1,523.5364946606102,-1.0351814094017442
sub-021,83,correct,1,546.7040071823841,-0.3235728616826457
sub-021,84,correct,1,480.10329432387846,-0.9653151899710553
sub-021,85,correct,1,439.53911794232664,1.3712665904935788
sub-021,86,correct,1,620.5768290973067,-1.3825197710522712
sub-021,87,correct,1,361.2540331741486,-2.563017386903602
sub-021,88,correct,1,375.028597347302,0.41516071768608687
sub-021,89,correct,1,458.04077112362575,0.8336838816000224
sub-021,90,correct,1,459.6655594526297,0.13493927540825346
sub-021,91,correct,1,381.96753271129586,2.191176947022178
sub-021,92,correct,1,477.97358158986117,2.4125830213225705
sub-021,93,error,0,366.7300515973741,-0.8688818784253378
sub-021,94,correct,1,456.38672839606176,-2.973066196416512
sub-021,95,correct,1,438.2210651567586,-1.2783612450015378
sub-021,96,correct,1,361.58062949386954,-0.7612679562245414
sub-021,97,correct,1,525.3017250245389,1.9844831673342642
sub-021,98,correct,1,500.5383281759201,-2.5938675497521806
sub-021,99,correct,1,355.1988535030832,-0.39481143653801426
sub-021,100,correct,1,510.7870222411871,-3.206864703026254
sub-021,101,correct,1,478.863153538192,-0.32642074517222647
sub-021,102,correct,1,466.3091741537029,-0.7602945365920131
sub-021,103,error,0,357.87017328384707,-2.1666598090617346
sub-021,104,correct,1,484.2904229118057,-1.5803344617870003
sub-021,105,correct,1,341.550431438328,-4.129871783185792
sub-021,106,correct,1,510.00738315410683,-0.9844747663238491
sub-021,107,correct,1,467.0233195556132,-2.0842555965158285
sub-021,108,correct,1,545.7837627260012,-4.9738417048191685
sub-021,109,correct,1,470.31683638247625,1.622398506673321
sub-021,110,correct,1,497.16477709245515,-1.5161567017558775
sub-021,111,correct,1,561.7495217686723,-2.479400688962979
sub-021,112,correct,1,370.95841066273806,-1.7016095362918007
sub-021,113,correct,1,446.8573153802724,-1.7304496455028557
sub-021,114,correct,1,492.3340299457191,-0.7280111880197104
sub-021,115,correct,1,380.53267696832967,-2.8819546861491627
sub-021,116,correct,1,447.6454667590761,-4.582624583516073
sub-021,117,correct,1,456.5298830683611,2.312886627285023
sub-021,118,correct,1,451.81271618592507,-2.739678476389698
sub-021,119,correct,1,532.1139480115698,-3.40593995107711
sub-021,120,correct,1,414.8599385394126,1.154698823825124
sub-021,121,correct,1,450.55000548925807,-2.614291514102573
sub-021,122,correct,1,370.58542321666505,5.361130284060117
sub-021,123,correct,1,478.4374808234359,-1.6454811306844173
sub-021,124,correct,1,540.8230125459235,-1.0192157623428004
sub-021,125,correct,1,526.2749070935693,-0.8816341536589929
sub-021,126,correct,1,357.2173799008963,-1.1957504314763803
sub-021,127,correct,1,558.4839110779568,0.17745564114502355
sub-021,128,correct,1,496.47483876059937,0.5460164030411917
sub-021,129,error,0,507.1093484883581,-3.4882540359777323
sub-021,130,correct,1,397.30569227292807,-2.269253147954982
sub-021,131,correct,1,504.633731498811,2.1397041564304904
sub-021,132,correct,1,501.9148045681161,0.7469134125232048
sub-021,133,correct,1,528.6937890705359,1.6876126023441018
sub-021,134,error,0,345.73018940947975,-0.3626917473257305
sub-021,135,error,0,486.7291967848648,-1.5059745481150104
sub-021,136,correct,1,486.7839373612923,3.2986464263809068
sub-021,137,correct,1,533.6952918039387,2.136118830629247
sub-021,138,correct,1,419.4354173641835,-0.917528858166013
sub-021,139,correct,1,441.06699387645415,-1.3275930179170379
sub-021,140,correct,1,468.69205951013174,-2.2648824804129783
sub-021,141,correct,1,461.6573709509822,-0.46829103177592174
sub-021,142,correct,1,455.2622464273186,-1.5003516691424164
sub-021,143,correct,1,292.29573631736326,-0.29628798924222327
sub-021,144,error,0,297.677955464309,-2.7615436976424235
sub-021,145,correct,1,357.9164631430229,-0.047468700436495204
sub-021,146,error,0,485.78067119294167,1.1743906230000447
sub-021,147,correct,1,418.2218448611497,-5.292395520965406
sub-021,148,correct,1,435.15077850355175,-0.3389483014711475
sub-021,149,correct,1,483.300621730189,1.0778518066482654
sub-021,150,correct,1,468.9456769620113,-0.6003701360258467
sub-021,151,error,0,348.85121767810205,-4.568650700248108
sub-021,152,error,0,427.7185287432101,0.09579115133435101
sub-021,153,correct,1,446.9587158651633,-1.201016982752431
sub-021,154,correct,1,432.44341563589194,3.7462556962974265
sub-021,155,correct,1,368.0923192243378,1.9578826152045363
sub-021,156,correct,1,552.4358395378501,2.5709029350929655
sub-021,157,error,0,263.72541318780935,-6.982543465099626
sub-021,158,correct,1,615.2341883713245,-3.6676378632554223
sub-021,159,error,0,419.4529567585388,-1.6635866710983724
sub-021,160,correct,1,392.76770466737037,0.8842914230380775
sub-022,1,correct,1,523.9683798163445,-2.994964956419148
sub-022,2,correct,1,444.4013833962197,-3.7865728692412084
sub-022,3,error,0,394.49355110175435,-2.385758361563299
sub-022,4,error,0,472.34516852960616,-4.253215604239845
sub-022,5,correct,1,381.0753000082791,2.066103334331638
sub-022,6,correct,1,398.27364509402895,-3.9099792607265584
sub-022,7,correct,1,584.1976279206931,-2.3448028631593845
sub-022,8,correct,1,436.39490154743555,0.18142804702057902
sub-022,9,error,0,341.4232812241462,-1.9451451953575076
sub-022,10,correct,1,400.3293661350987,1.993859577798334
sub-022,11,correct,1,335.85892737915606,1.4667811759109741
sub-022,12,error,0,491.7409145507301,-3.9577696723961306
sub-022,13,correct,1,499.86656392654,0.41150396465301275
sub-022,14,correct,1,431.6720611022948,0.15000078008118323
sub-022,15,error,0,528.9701714737225,-0.6056901979388005
sub-022,16,error,0,429.8574691584527,-5.267811779625474
sub-022,17,correct,1,533.5646855993407,0.19334316211144542
sub-022,18,error,0,459.2894299369688,-1.4205452839139203
sub-022,19,correct,1,360.32841126097736,-1.3581144779595489
sub-022,20,correct,1,379.6138732936096,1.2923546445672889
sub-022,21,correct,1,535.4835168944694,1.118825633278147
sub-022,22,correct,1,419.0573805620208,-0.7910583386337395
sub-022,23,correct,1,330.6271322576888,1.0810929867238837
sub-022,24,correct,1,386.5680525953585,2.4563816606102966
sub-022,25,error,0,421.5171340470032,-2.9785337722615375
sub-022,26,correct,1,546.7682271027882,0.2572240218416818
sub-022,27,correct,1,581.9089140033033,-2.9142617782428077
sub-022,28,correct,1,477.42612818134046,-0.277622584096602
sub-022,29,correct,1,456.0021452716746,0.07235529615024949
sub-022,30,correct,1,599.8576584951659,2.0045498966998645
sub-022,31,error,0,391.48672937154106,-4.0529816962011775
sub-022,32,correct,1,377.3839592718656,-0.44876558973819175
sub-022,33,error,0,336.4859988816418,-1.6905035321974655
sub-022,34,correct,1,530.0982858120171,0.7589960865742698
sub-022,35,correct,1,576.2959999881558,-3.807267468386942
sub-022,36,correct,1,655.5117726590331,-2.875792405273618
sub-022,37,correct,1,509.69567902155177,-2.633561439436196
sub-022,38,correct,1,593.3783172908935,0.5342020197255228
sub-022,39,correct,1,508.20443361316933,-0.4934491015938197
sub-022,40,correct,1,452.1188778145142,-1.4552859140265753
sub-022,41,correct,1,412.0884488494151,-1.4961074105163439
sub-022,42,correct,1,613.0855871765788,3.1026579694063727
sub-022,43,correct,1,576.2334124273655,-4.094056825482158
sub-022,44,correct,1,324.52751265412735,-2.856224438543552
sub-022,45,correct,1,440.5332095481004,0.12921585060677565
sub-022,46,error,0,389.2374315826098,-5.198640416048504
sub-022,47,correct,1,487.1358781979603,-1.9305046312598153
sub-022,48,error,0,339.633874231249,-5.662232120113038
sub-022,49,correct,1,425.03728477282993,-2.3558556761897256
sub-022,50,error,0,461.1985351058937,-2.1051500110405774
sub-022,51,correct,1,440.61800883047954,1.726103821712911
sub-022,52,correct,1,563.4143093939384,-1.0372030039765978
sub-022,53,correct,1,437.31849955157276,-2.9212888756496733
sub-022,54,error,0,333.58720327358134,-5.338534377461478
sub-022,55,correct,1,552.0394893496607,0.36457184155983147
sub-022,56,error,0,449.1237663308602,-5.723459942003213
sub-022,57,correct,1,502.5184322935396,3.3464190621692405
sub-022,58,correct,1,586.4565625270828,-2.949958485732383
sub-022,59,correct,1,431.3895614501214,-3.459034638795881
sub-022,60,error,0,528.9141851592307,-1.8600928333026865
sub-022,61,correct,1,363.82974972355913,2.372926024481708
sub-022,62,error,0,475.27195805998286,-4.110380799376194
sub-022,63,correct,1,391.78613776887585,2.5324515512710493
sub-022,64,correct,1,538.7812464668337,2.5952840698605915
sub-022,65,correct,1,327.5650008135113,-4.3924023592699
sub-022,66,correct,1,514.2024118386686,-1.4175996417847851
sub-022,67,correct,1,438.0562467913676,-3.2371403407699715
sub-022,68,correct,1,385.92529427294085,-1.0388636997272638
sub-022,69,correct,1,527.6470289983404,0.343398708904988
sub-022,70,correct,1,339.760600384442,-3.3005791314818955
sub-022,71,correct,1,441.2133268219566,-0.9316658293761548
sub-022,72,error,0,407.4579532740639,-2.8305730611304747
sub-022,73,error,0,304.6297177019987,-4.297166285376727
sub-022,74,correct,1,623.9685096124878,0.6347076958968056
sub-022,75,correct,1,437.90003064629855,-0.9587637419673152
sub-022,76,correct,1,582.7167878028881,1.205520178215444
sub-022,77,correct,1,606.9307758526681,0.787343132811305
sub-022,78,correct,1,469.3438128755992,3.6362193388214985
sub-022,79,correct,1,533.3627115712043,-0.3765769566629087
sub-022,80,correct,1,420.7770462937918,-3.34023105750461
sub-022,81,correct,1,437.9501557916191,-0.483354273501118
sub-022,82,correct,1,606.0292409928261,-0.49518407219779587
sub-022,83,correct,1,425.57080899457395,-3.699064366157245
sub-022,84,correct,1,442.8151351024398,-1.5884271267311352
sub-022,85,correct,1,475.01588134005146,0.4498268960221523
sub-022,86,error,0,545.184622364921,0.005923956532894792
sub-022,87,error,0,379.18849931199077,-1.3169976973551918
sub-022,88,correct,1,525.4260665679029,-3.6881904209413765
sub-022,89,correct,1,473.6067615698611,-0.9989409237548293
sub-022,90,correct,1,489.6999135085228,-0.6047863776132767
sub-022,91,correct,1,316.4976017697601,1.377708229656247
sub-022,92,correct,1,559.7444154105564,-3.0219290712472278
sub-022,93,correct,1,565.3059468821457,-1.8953556167884285
sub-022,94,correct,1,555.5109444429113,0.4328614196504421
sub-022,95,error,0,412.36309784154264,-3.9685903553141726
sub-022,96,error,0,381.3599216070286,-3.555008373292133
sub-022,97,error,0,372.5453810172849,-4.163977685496163
sub-022,98,error,0,458.729418922569,-4.2058002696340475
sub-022,99,error,0,361.5595956177963,-1.2302160431525002
sub-022,100,correct,1,421.0962242842103,1.5308294559907607
sub-022,101,correct,1,437.4906316537702,-2.075579120238865
sub-022,102,correct,1,577.0086499407078,0.056524258310513664
sub-022,103,correct,1,405.7223497251134,-0.6483491049435103
sub-022,104,error,0,485.72143453430783,-0.48156608618140595
sub-022,105,correct,1,526.9652348153068,-0.3130874116004634
sub-022,106,correct,1,424.0743035269734,-3.730823560257652
sub-022,107,correct,1,516.2718760294475,-5.189621298914445
sub-022,108,correct,1,516.0460028006996,-2.61807977205709
sub-022,109,correct,1,478.86805656920416,-3.0880746328250437
sub-022,110,correct,1,453.6578019394114,-2.3858272403257095
sub-022,111,correct,1,543.6040878074726,0.7490699207838247
sub-022,112,correct,1,578.247009011057,-0.17754911986177274
sub-022,113,correct,1,453.0366928277011,0.1599733007459072
sub-022,114,correct,1,568.9035511588137,2.930735335509244
sub-022,115,correct,1,514.4510687116131,-2.8808044111932753
sub-022,116,correct,1,513.8338701016901,2.3281672995700715
sub-022,117,error,0,460.403942214802,-5.578606767382533
sub-022,118,correct,1,560.0766830688998,-0.523640012742841
sub-022,119,correct,1,416.4996745498578,-3.3513355440926595
sub-022,120,correct,1,377.40819257297966,2.7590033062084647
sub-022,121,correct,1,508.4046360132636,-2.7753797715967785
sub-022,122,correct,1,460.14549839375627,-0.4905500003911544
sub-022,123,correct,1,428.77994978689753,0.03549016292944296
sub-022,124,error,0,546.0666238686176,-1.971504620922849
sub-022,125,correct,1,388.6736155264941,-0.9185627678147493
sub-022,126,correct,1,386.7156022050398,-2.267600504504396
sub-022,127,correct,1,445.29712893490046,2.779620596270231
sub-022,128,error,0,562.7763900706086,-3.911081343455257
sub-022,129,correct,1,532.4430846892383,0.2873989757534945
sub-022,130,correct,1,462.19857716296,1.1766666017645173
sub-022,131,correct,1,455.35127742049735,1.095224217089822
sub-022,132,correct,1,580.5281670446705,-1.0124219107053003
sub-022,133,correct,1,427.0210151190414,1.769876547479312
sub-022,134,correct,1,512.7602014800582,-2.6473606778684173
sub-022,135,correct,1,467.47340271591656,4.550966003039696
sub-022,136,correct,1,391.2451532306056,-0.3511935410138262
sub-022,137,correct,1,405.5721700255977,-2.5275350822370077
sub-022,138,correct,1,391.68163636133755,-0.5342892255564965
sub-022,139,correct,1,493.8720253142506,-2.893118712610459
sub-022,140,correct,1,411.1328399589601,0.39873116171562506
sub-022,141,correct,1,571.9615493342453,-0.5228545334404214
sub-022,142,correct,1,543.2856904654705,-0.44079781433690174
sub-022,143,correct,1,364.83844339657355,-3.6104177187596678
sub-022,144,correct,1,537.6581792495155,0.9347684808951944
sub-022,145,correct,1,489.8393122948836,-5.361226808066594
sub-022,146,correct,1,506.12094736354794,-1.2782352490081925
sub-022,147,correct,1,391.7931883741153,-4.831271116807174
sub-022,148,correct,1,554.2685594905862,0.9742042170309912
sub-022,149,correct,1,440.7195403687641,-0.30190635516997544
sub-022,150,correct,1,536.6420330360977,1.6845680323690801
sub-022,151,correct,1,416.3859156844241,-1.45451606957654
sub-022,152,correct,1,494.4568593662135,-0.7101179296779642
sub-022,153,correct,1,399.27250806812765,0.13176197447075144
sub-022,154,correct,1,520.2508269891468,2.292912247813809
sub-022,155,correct,1,544.8563708672415,2.1134883066480006
sub-022,156,correct,1,498.1493702692459,1.9052854522819203
sub-022,157,correct,1,419.2246265820833,2.686690858661401
sub-022,158,correct,1,466.6987966478582,-2.2491566920878077
sub-022,159,correct,1,405.05854958834504,-4.040225727809141
sub-022,160,correct,1,423.1009949945226,0.42134895758620683
sub-023,1,correct,1,479.04776661025977,-1.7434310280375471
sub-023,2,correct,1,528.1147811685362,-2.0959386776340727
sub-023,3,error,0,330.95984585030095,-1.3273998072261268
sub-023,4,correct,1,467.18088672707813,-1.3737680471720004
sub-023,5,correct,1,432.59743962606575,-2.6472653679577425
sub-023,6,error,0,471.95721411959795,-0.15767062062104964
sub-023,7,correct,1,504.8722300053239,-2.3541357766109923
sub-023,8,correct,1,656.2904155594736,-1.0042406696040216
sub-023,9,correct,1,236.8769804031388,0.5323128888945179
sub-023,10,correct,1,456.4868910459088,0.5908299324866859
sub-023,11,correct,1,607.3939434739943,-2.7419664557538552
sub-023,12,correct,1,282.7063989674782,-1.0657879748377124
sub-023,13,error,0,441.2111979769526,-1.6697532874798942
sub-023,14,correct,1,381.2699671993926,-0.6544239874529358
sub-023,15,correct,1,524.0809543882618,-0.07362677906135229
sub-023,16,correct,1,528.8800388026359,-2.4440995178487563
sub-023,17,correct,1,589.2896953486957,-0.7046185226794589
sub-023,18,correct,1,457.8159722164766,1.641862203648869
sub-023,19,correct,1,515.1870666014686,-3.294207644277779
sub-023,20,error,0,383.33802940105153,0.25976750487757827
sub-023,21,correct,1,455.8072043096695,0.13232494100070014
sub-023,22,correct,1,494.23760288822075,0.8699087234313052
sub-023,23,error,0,475.53707582640567,-3.245982187569576
sub-023,24,correct,1,508.8939034600235,1.754669904586902
sub-023,25,correct,1,498.6155170644112,-1.320628232781433
sub-023,26,error,0,496.2567998539208,-2.935489368918229
sub-023,27,correct,1,445.60552928919486,1.1995469722927738
sub-023,28,error,0,452.7856372211305,-1.6525800302812017
sub-023,29,correct,1,579.9258712366261,1.6265499218730266
sub-023,30,correct,1,528.4906519459931,-2.780950097402768
sub-023,31,error,0,465.546918047332,-3.3760248857348354
sub-023,32,error,0,302.22962172440015,-2.8304866750231694
sub-023,33,error,0,331.02830799136524,0.06492663387734776
sub-023,34,correct,1,630.20403281343,0.12879922674961874
sub-023,35,correct,1,558.4113352081782,-0.38868452811278814
sub-023,36,correct,1,490.4809246010269,-2.513868745357753
sub-023,37,correct,1,307.3207719075493,-2.6826309317893733
sub-023,38,correct,1,290.8588482462276,0.6132715402261075
sub-023,39,correct,1,511.5080967818559,-2.185113820888133
sub-023,40,error,0,605.0400785538885,-4.013439214305109
sub-023,41,correct,1,514.0537595254445,1.107087609662746
sub-023,42,error,0,328.38555677772047,3.583214693550606
sub-023,43,correct,1,459.66369995240444,-1.2420509951231162
sub-023,44,correct,1,459.26908931765104,-4.8720833826809855
sub-023,45,correct,1,506.57054910073845,0.06254224033802391
sub-023,46,error,0,610.7986285719289,2.1693796508733447
sub-023,47,correct,1,520.435627354316,1.4993734630817541
sub-023,48,correct,1,576.8237032269851,0.30364314017961147
sub-023,49,correct,1,325.6741340789122,-0.749497958509798
sub-023,50,correct,1,422.14090133085415,1.6631563207639095
sub-023,51,error,0,411.5634824280041,4.1285473097588286
sub-023,52,error,0,445.9799886657161,-0.9332943173836699
sub-023,53,correct,1,473.95065774100806,2.364748003895826
sub-023,54,correct,1,356.98835970240253,-0.20686435738046238
sub-023,55,correct,1,436.47261117831493,-1.7649387187342513
sub-023,56,correct,1,457.276234559022,4.006624070557137
sub-023,57,correct,1,513.8071446085124,-2.6493076099829618
sub-023,58,error,0,422.4873314621233,1.0018176879468785
sub-023,59,correct,1,444.0249397537636,-0.6909143678872632
sub-023,60,correct,1,561.3413727395462,-0.9823515569265897
sub-023,61,correct,1,398.6247787452081,-2.1547404760298576
sub-023,62,error,0,425.8969085783476,-0.9432009324889156
sub-023,63,correct,1,455.25524745994136,-1.3866744259703647
sub-023,64,correct,1,310.9845149359727,-3.5892310105654404
sub-023,65,correct,1,570.1615764516813,3.0784097351721855
sub-023,66,correct,1,442.2935213361035,-2.2426078597687997
sub-023,67,correct,1,499.98824014036626,0.26892991682377976
sub-023,68,correct,1,490.46478760495944,-2.363403561837343
sub-023,69,correct,1,590.5923499213718,1.0666664683049405
sub-023,70,correct,1,491.4848990980177,-2.4666700333541565
sub-023,71,correct,1,366.66035470471,-4.688034215690696
sub-023,72,error,0,431.95480954191106,1.1024179375731311
sub-023,73,error,0,610.9088543157568,0.16054278989979176
sub-023,74,error,0,427.17840468837767,2.2061854637781493
sub-023,75,correct,1,483.2202061631336,-0.6512327785359906
sub-023,76,correct,1,444.9328650533757,2.1100641898491284
sub-023,77,correct,1,538.4885383113468,-3.5703190463277514
sub-023,78,correct,1,459.9082255783354,-1.6652113231822114
sub-023,79,correct,1,449.7743180481195,-0.907868829748912
sub-023,80,correct,1,440.3223645704273,-1.7382663185512008
sub-023,81,correct,1,530.7326581049984,-1.2112018661885768
sub-023,82,correct,1,416.9856458380439,-0.8682017479039669
sub-023,83,error,0,518.6997827362106,-2.957427849484877
sub-023,84,correct,1,503.4029702095406,0.46525796238032147
sub-023,85,correct,1,456.5483920172129,-1.3737123479075475
sub-023,86,correct,1,512.8236247695083,-0.3448393256805906
sub-023,87,correct,1,378.6393655954471,-3.3448456864538376
sub-023,88,correct,1,466.77788462671987,-0.5251996058439604
sub-023,89,correct,1,617.2802323058696,-0.9661511620227012
sub-023,90,correct,1,319.4536717081353,-2.7070754442678666
sub-023,91,correct,1,492.8959188886296,-4.487413426297436
sub-023,92,correct,1,434.89915271255956,-2.4802596204700853
sub-023,93,correct,1,504.3777124912143,1.2878750253603597
sub-023,94,correct,1,447.7596203930179,0.21809757488252046
sub-023,95,correct,1,489.2375034274926,1.2851236074234893
sub-023,96,correct,1,515.6363568840944,1.5823063646973536
sub-023,97,error,0,354.3402599206331,-1.6368559800650924
sub-023,98,error,0,376.8941643450588,1.5175554659264128
sub-023,99,correct,1,454.55098112467675,1.1112928182732444
sub-023,100,correct,1,498.76981445536853,-1.184429409023121
sub-023,101,correct,1,662.8044063206124,-1.1293300577788763
sub-023,102,correct,1,555.5943155130946,0.42820644579240663
sub-023,103,correct,1,576.4864176922515,-5.738296823061564
sub-023,104,correct,1,596.4682834343299,-4.110227078482952
sub-023,105,correct,1,483.93962329695853,-1.6670724124544887
sub-023,106,error,0,392.42149631868557,-1.2425451754968748
sub-023,107,correct,1,432.8039391927785,-0.580538062598041
sub-023,108,correct,1,453.2249448437026,-3.3510641195121824
sub-023,109,correct,1,528.2941692722743,-2.980179833948601
sub-023,110,correct,1,525.7742733847242,-2.394035823146791
sub-023,111,correct,1,519.851925215616,-4.0476398075631765
sub-023,112,correct,1,416.6021259497153,-0.517841583815871
sub-023,113,correct,1,385.01844661656594,-0.3197235821340177
sub-023,114,correct,1,421.81052348710716,-0.03687805046576442
sub-023,115,correct,1,551.28722360482,-2.787887902870702
sub-023,116,correct,1,414.92862739909924,-1.5220842274592976
sub-023,117,correct,1,368.48584516763964,-1.0849607247162252
sub-023,118,correct,1,484.5536608810522,1.3885461964137815
sub-023,119,correct,1,405.66530673937285,-3.243649961009538
sub-023,120,correct,1,319.79956708100747,1.2517428339994026
sub-023,121,error,0,478.74673021726215,-5.313466178440956
sub-023,122,correct,1,592.0465805093206,-2.497413545532419
sub-023,123,error,0,275.48657621514417,-1.931976184782931
sub-023,124,correct,1,523.8995734558282,-0.21219711488074283
sub-023,125,correct,1,481.98191044823056,-3.4761237929065993
sub-023,126,correct,1,390.40901443758634,-0.28331511047250757
sub-023,127,error,0,536.4708370627737,-3.2452320463382485
sub-023,128,correct,1,452.16650070497144,-3.3146441074789816
sub-023,129,correct,1,440.8842049282669,1.7236009778963348
sub-023,130,correct,1,441.344651946695,-1.331677443066913
sub-023,131,error,0,464.89968043306794,-3.4446274842767592
sub-023,132,correct,1,225.47825499345063,1.0359288147097885
sub-023,133,correct,1,439.49052046795055,0.4902875220642078
sub-023,134,correct,1,597.3394171429628,0.15745090295736885
sub-023,135,correct,1,391.1338786786663,1.9505498325960238
sub-023,136,correct,1,570.2483920319509,-0.6618129310411439
sub-023,137,correct,1,468.10876511004295,-2.9011865767393354
sub-023,138,correct,1,601.0953507569425,-2.1669859348375775
sub-023,139,correct,1,559.9678775935806,0.2638690948601453
sub-023,140,correct,1,493.28140254170955,2.477307111521539
sub-023,141,correct,1,393.61375131598504,-0.5555803513200792
sub-023,142,correct,1,752.6430541239456,-0.23280355629320648
sub-023,143,correct,1,558.8522158069175,0.5904420819431526
sub-023,144,correct,1,394.4551480593029,-2.9013331135872398
sub-023,145,error,0,450.1421876091691,-2.3758949724529534
sub-023,146,correct,1,477.9704515565082,-2.4732758842742113
sub-023,147,correct,1,585.2179128537057,-1.7823750756130925
sub-023,148,correct,1,573.6908611835906,1.666206394545557
sub-023,149,correct,1,419.9242846280281,3.1899459947688196
sub-023,150,correct,1,457.83130458767624,-2.500143498064112
sub-023,151,error,0,486.079285058413,-1.6780467444601994
sub-023,152,correct,1,414.07292467359576,-0.023683922729265672
sub-023,153,correct,1,514.5739804626008,2.198301902759618
sub-023,154,correct,1,451.68329238283627,-0.7152063616972524
sub-023,155,correct,1,541.2116866530877,0.7802767717286034
sub-023,156,correct,1,441.3564493346262,-2.5921004134582137
sub-023,157,correct,1,508.52984313600746,2.0046808649198633
sub-023,158,correct,1,440.4015158084859,0.39719007919646954
sub-023,159,correct,1,349.69102726428883,0.06769213603707136
sub-023,160,error,0,553.244488102252,-3.6487934078654938
sub-024,1,correct,1,435.5764016613888,-0.7170579603469684
sub-024,2,error,0,350.64856861705164,-1.8633935606164602
sub-024,3,correct,1,588.0997705302805,-1.8221588204590935
sub-024,4,error,0,418.06056152124813,0.40492483136411095
sub-024,5,correct,1,589.2190507652007,-0.24806159390069837
sub-024,6,correct,1,544.8427951689494,-0.9266250360532222
sub-024,7,correct,1,357.03568310161046,-1.5605137210732447
sub-024,8,error,0,294.51449567047996,-2.556841683295775
sub-024,9,correct,1,425.14660736837186,-2.1786489940420655
sub-024,10,error,0,502.7727594418853,-0.16603229980463285
sub-024,11,correct,1,527.0877430465649,-0.6771286289242385
sub-024,12,correct,1,410.4503417190741,-0.46307257103570254
sub-024,13,correct,1,540.901510047825,-1.2350635373381982
sub-024,14,correct,1,598.6586866003073,-0.07637572232720913
sub-024,15,correct,1,450.1976600765775,1.543343967248459
sub-024,16,error,0,365.53923140178233,0.41490514858062544
sub-024,17,correct,1,353.39609169626794,-2.124201331381811
sub-024,18,correct,1,341.72797633886944,-2.665478105664718
sub-024,19,correct,1,323.76952133106414,0.12864603616541725
sub-024,20,correct,1,465.2895009116347,1.0872131737463144
sub-024,21,correct,1,366.2288470515323,-1.427440242189285
sub-024,22,correct,1,488.57516864072767,2.46296848778696
sub-024,23,correct,1,426.5127346984463,2.0007343440696665
sub-024,24,error,0,486.64571601557424,-0.7949588578975482
sub-024,25,correct,1,376.2803592686125,3.2027643243960284
sub-024,26,error,0,405.6938156082635,-2.303775201459654
sub-024,27,correct,1,456.0254505534027,2.5654785002309834
sub-024,28,error,0,360.9052778408987,-3.1760375522293396
sub-024,29,error,0,466.30771592736556,-4.8178642712443205
sub-024,30,correct,1,511.480202726234,-2.4216975772827323
sub-024,31,correct,1,428.33354586790415,1.9062849835563311
sub-024,32,correct,1,340.6196302314813,0.36739460614718844
sub-024,33,correct,1,403.5578304636418,-3.1335768422541364
sub-024,34,correct,1,429.93600012709175,-0.15708220801247486
sub-024,35,correct,1,518.5431808394525,-0.9300487312186461
sub-024,36,correct,1,505.72525436036307,-2.017204608841827
sub-024,37,error,0,327.0171386484346,-0.012203237047528681
sub-024,38,correct,1,634.8539400592658,-4.284186802626848
sub-024,39,correct,1,507.13956191354373,0.9001542098716324
sub-024,40,correct,1,446.0426509299452,0.6908976245874203
sub-024,41,correct,1,541.4128520435603,-0.6511523989053191
sub-024,42,correct,1,594.6492213041693,1.2773742958930507
sub-024,43,correct,1,590.9702014925213,0.7667464967835014
sub-024,44,correct,1,347.8977480731943,-1.3788597947731076
sub-024,45,error,0,440.72890443373745,-0.150041451780361
sub-024,46,correct,1,473.79904971930574,-3.4609688195451236
sub-024,47,correct,1,467.7175440904309,-1.9181648701270932
sub-024,48,correct,1,524.3487237978968,-1.5977981776801917
sub-024,49,correct,1,540.8130286895833,-3.493420890582037
sub-024,50,correct,1,399.59905919882885,-1.4428983730654386
sub-024,51,correct,1,521.2440239474197,-1.7193289242849095
sub-024,52,correct,1,536.7361560882193,2.6482378332215397
sub-024,53,correct,1,541.8473196026483,-3.72306406915311
sub-024,54,correct,1,616.0599815222704,-1.6998900547551712
sub-024,55,correct,1,486.1412660818287,0.867411215491257
sub-024,56,correct,1,280.5417896114468,-1.4191759706005806
sub-024,57,correct,1,496.34590051611946,0.42814991071712916
sub-024,58,correct,1,536.861579161535,-0.2767177532682201
sub-024,59,correct,1,525.2620014270584,-6.382481337536272
sub-024,60,correct,1,379.6318637936088,-0.09319328160703222
sub-024,61,correct,1,409.71238727604214,3.5118704089842554
sub-024,62,correct,1,491.437707207575,-1.2060278743823356
sub-024,63,correct,1,503.2753878263492,2.6275818685212426
sub-024,64,error,0,382.92868219517806,2.2197537978086217
sub-024,65,correct,1,667.5372167506232,0.06075904941272103
sub-024,66,correct,1,353.48348213287875,-1.0274254424130007
sub-024,67,correct,1,425.68990100043095,-4.431757690876516
sub-024,68,correct,1,371.81998264432445,-1.3757397044812516
sub-024,69,correct,1,475.53451525569403,-0.8611060509068211
sub-024,70,correct,1,428.6036069776604,1.938068057445199
sub-024,71,correct,1,522.697928603563,-4.801571091724529
sub-024,72,correct,1,530.0103909559493,1.582434488651553
sub-024,73,correct,1,448.92000139929837,-0.28174148748260763
sub-024,74,correct,1,514.3789656323428,-0.029030478269675086
sub-024,75,error,0,460.6114516223612,0.6215336054641181
sub-024,76,correct,1,424.9697538090414,-0.4559173747979224
sub-024,77,correct,1,466.077241012768,3.603333788026613
sub-024,78,correct,1,620.6689437418505,-5.181563408900489
sub-024,79,correct,1,441.9621816817494,-2.7179719383458023
sub-024,80,correct,1,632.3017839149761,-0.8437550501101719
sub-024,81,correct,1,556.9080658948144,-1.1878421943138586
sub-024,82,correct,1,532.4761697527288,1.7571898807629796
sub-024,83,correct,1,522.3625094073865,0.4173022994705595
sub-024,84,error,0,543.2849908487814,-0.4896075726908147
sub-024,85,correct,1,388.4040430246665,-0.15503608970049287
sub-024,86,correct,1,390.4412407815105,-2.3841014080946508
sub-024,87,correct,1,630.7351772290807,-0.8232121449804224
sub-024,88,correct,1,519.1987008289022,4.385396389210497
sub-024,89,error,0,543.586841766029,-0.2077640132312506
sub-024,90,error,0,284.31444883453395,-1.8166405489094837
sub-024,91,error,0,560.9316017726978,-3.4558080940576703
sub-024,92,correct,1,502.6507874021813,0.5830443998755546
sub-024,93,correct,1,344.3234431928483,-2.8918815584936883
sub-024,94,correct,1,524.8132652724671,-0.49646226905019114
sub-024,95,correct,1,634.9652182887844,-3.452988747488524
sub-024,96,correct,1,628.6287635840854,-3.3249499020928193
sub-024,97,error,0,316.9911638146435,-4.428678927467997
sub-024,98,correct,1,562.4012737415857,-3.457303580787851
sub-024,99,correct,1,535.3901043463856,0.5647302544162018
sub-024,100,correct,1,421.68383155918787,-1.3356389482531312
sub-024,101,correct,1,269.27258268990954,-1.73340772447526
sub-024,102,error,0,505.7899664445936,-2.2636599555398855
sub-024,103,correct,1,587.5892886795821,-0.39715136976432414
sub-024,104,correct,1,366.9054367763217,-1.5057313444726301
sub-024,105,correct,1,348.25405035523914,0.9173039659677877
sub-024,106,correct,1,638.5045846829964,0.09659269207468302
sub-024,107,correct,1,363.06538740968153,-0.6780593454205943
sub-024,108,correct,1,579.3314890723939,3.2807091932423402
sub-024,109,correct,1,408.324476098447,-1.2738907568195192
sub-024,110,correct,1,512.1627513415692,-3.1036033340780422
sub-024,111,correct,1,656.7039020989109,-1.4878034594320035
sub-024,112,error,0,276.88540214492684,-1.8188523476182223
sub-024,113,correct,1,457.32846122250163,2.6814131620560646
sub-024,114,correct,1,437.9584867758426,1.5944477683239084
sub-024,115,correct,1,536.1153406559947,-1.815393840123582
sub-024,116,correct,1,453.9939996016742,0.04118966459154283
sub-024,117,correct,1,279.34183593224634,0.46102953236141997
sub-024,118,correct,1,404.57922781077576,0.7511254376160872
sub-024,119,correct,1,531.2152012944038,1.033074523193661
sub-024,120,correct,1,444.4467010583474,0.7600662023536398
sub-024,121,correct,1,494.2697141677247,0.6770862396626833
sub-024,122,correct,1,351.2222178428652,2.0720748150923347
sub-024,123,error,0,390.5566536691478,3.1584029255411474
sub-024,124,correct,1,645.1580348651115,-1.0962282133834516
sub-024,125,correct,1,467.31705655654497,0.9185157746075212
sub-024,126,correct,1,457.1112863488224,-1.8273480197488068
sub-024,127,error,0,515.7913693407928,-2.81208931675892
sub-024,128,correct,1,435.19012582025533,-0.6277486068837809
sub-024,129,correct,1,496.7124125725481,0.4667806984949572
sub-024,130,correct,1,413.09985329463746,-0.691239250845502
sub-024,131,correct,1,645.2734679527483,0.6532974730639047
sub-024,132,correct,1,468.42214005620207,1.16058091179296
sub-024,133,correct,1,567.2685698657817,-2.170834027953631
sub-024,134,correct,1,440.8611593258911,1.5276356431356255
sub-024,135,correct,1,427.9605249783724,0.20065782286974865
sub-024,136,correct,1,383.86647924007406,3.6453965990346724
sub-024,137,correct,1,349.6189063137083,-1.717231096629557
sub-024,138,correct,1,438.8494565318839,-2.4126789292813697
sub-024,139,correct,1,480.4678780860579,-0.716664459562471
sub-024,140,correct,1,345.0041173780676,0.627456432036398
sub-024,141,correct,1,551.9542324953755,-2.430689408932433
sub-024,142,correct,1,464.2254220904424,-1.1950705147407437
sub-024,143,correct,1,336.51932510208064,1.4567460278395281
sub-024,144,correct,1,438.8450031956497,2.7616734209476856
sub-024,145,correct,1,414.0612332561316,4.482970926970584
sub-024,146,correct,1,472.27430796658973,-2.5723598539443167
sub-024,147,correct,1,392.3788955318697,1.3972495926197028
sub-024,148,correct,1,454.5924174555507,-1.105202444913206
sub-024,149,error,0,285.47329152649536,-1.4748993351027153
sub-024,150,correct,1,437.6707832046612,-1.9202593271213553
sub-024,151,correct,1,585.1005167143464,3.043608819178461
sub-024,152,correct,1,664.5880570965352,0.15325257711168083
sub-024,153,correct,1,318.0842505807133,-2.5297764678361396
sub-024,154,correct,1,392.030474968612,-3.191726528302816
sub-024,155,correct,1,508.69196138711544,-0.7534232974325322
sub-024,156,correct,1,458.6422251118545,-1.6144789862545952
sub-024,157,correct,1,622.8818584715457,-3.23718477143475
sub-024,158,correct,1,466.54708975539006,2.4014019670549773
sub-024,159,correct,1,221.82821505521662,-2.2708484113416496
sub-024,160,correct,1,309.5499796503685,0.9451343329883402
sub-025,1,correct,1,550.817878003066,-0.2977707383014817
sub-025,2,correct,1,362.67859073086095,-3.623458021548484
sub-025,3,error,0,386.14769095580203,-1.996601969561801
sub-025,4,correct,1,544.7877184815202,-1.3007389714552766
sub-025,5,correct,1,308.06349080811856,-1.0872798368399499
sub-025,6,correct,1,422.75996963585686,-2.7413750845776486
sub-025,7,correct,1,482.35853927553103,-0.8483626175958139
sub-025,8,correct,1,477.3404332010742,-0.00494318473217592
sub-025,9,error,0,385.6488085358548,-3.3014233601770773
sub-025,10,correct,1,353.57008367245777,3.91131183397318
sub-025,11,correct,1,310.3114545809812,-0.6180647815407921
sub-025,12,correct,1,481.74263764802026,1.4523770534221223
sub-025,13,correct,1,446.71472417185134,-2.5773067544406887
sub-025,14,correct,1,563.6945109917765,-2.336404042037226
sub-025,15,correct,1,456.1816556972711,0.9180287825723401
sub-025,16,correct,1,601.7420072746462,-6.556083958853022
sub-025,17,correct,1,498.65446991267316,3.1770995651928047
sub-025,18,correct,1,546.6809680872093,2.928970993051621
sub-025,19,error,0,440.14406434675476,-2.3957686380936085
sub-025,20,correct,1,448.42675476942816,1.9289609730885255
sub-025,21,correct,1,464.5505340526684,1.3262447162279611
sub-025,22,correct,1,398.2203965987221,0.15965131849632164
sub-025,23,correct,1,438.9036898781978,1.0562047453778005
sub-025,24,correct,1,543.5951542819763,0.86933564924794
sub-025,25,error,0,457.77336627639596,-7.051805878468233
sub-025,26,correct,1,491.2578272600146,0.18280562914747345
sub-025,27,error,0,412.8183913408106,-0.005730222225890813
sub-025,28,correct,1,470.28797919995066,-3.225659041102219
sub-025,29,correct,1,315.59968794664314,0.3290202040217396
sub-025,30,error,0,421.1549444668056,1.1443323719038712
sub-025,31,correct,1,468.8712065304288,1.5348546823333897
sub-025,32,correct,1,481.12166836314645,-1.4813808563430553
sub-025,33,correct,1,413.06825140088705,1.5228580595160934
sub-025,34,correct,1,494.6140200241957,-1.3290714070685545
sub-025,35,error,0,293.1063034969754,-3.146319940821752
sub-025,36,error,0,509.0520033567403,-0.292015285012184
sub-025,37,error,0,442.46015201562034,-2.3825604403293617
sub-025,38,correct,1,399.08259847884017,-0.5556979591868909
sub-025,39,error,0,297.042565671314,-4.808111938381035
sub-025,40,correct,1,533.467347286206,-0.6191781592488573
sub-025,41,correct,1,534.2660040985437,-0.3714423227252219
sub-025,42,error,0,467.13515078049306,-0.6478413417600033
sub-025,43,correct,1,432.5411651807196,1.246782920268372
sub-025,44,correct,1,545.5356775829471,0.17462322796432383
sub-025,45,correct,1,498.9910664084726,-2.245777393862472
sub-025,46,error,0,403.8646660941032,2.375283731238813
sub-025,47,correct,1,470.9986999219946,-0.3914268382455604
sub-025,48,error,0,400.3187027129657,-0.6346199119176943
sub-025,49,correct,1,377.07539836642695,-3.031797975501104
sub-025,50,correct,1,400.0759759807026,-0.24030420017116605
sub-025,51,correct,1,380.81136195453007,1.1605340260346384
sub-025,52,error,0,344.58576637929445,-7.476897139507816
sub-025,53,correct,1,578.7167104024912,-3.052830524177587
sub-025,54,correct,1,358.05379207161724,-0.04406424902311856
sub-025,55,correct,1,471.6367162014868,-0.5631383037185786
sub-025,56,correct,1,337.9029506002449,-1.2964148026668185
sub-025,57,correct,1,413.4775411057968,2.547234052889343
sub-025,58,correct,1,529.0718767013212,-1.2548677538147937
sub-025,59,correct,1,468.8092309617361,-1.8084747035461146
sub-025,60,correct,1,526.3279646859309,-3.509800111951342
sub-025,61,correct,1,643.4649370736935,-1.1132723014597559
sub-025,62,correct,1,615.6655893241223,0.5460905654206876
sub-025,63,correct,1,444.6582793590741,-0.7185051897645985
sub-025,64,correct,1,552.3563680109097,0.23397576551808807
sub-025,65,correct,1,459.0096244153872,-2.465539478773901
sub-025,66,correct,1,475.6196974452806,-2.4231659908493937
sub-025,67,error,0,412.16523936631125,-5.920369305976621
sub-025,68,correct,1,460.3565198941964,0.2165295740599611
sub-025,69,correct,1,436.98053333094043,-2.391506234292407
sub-025,70,correct,1,469.2493164775835,0.06372038133080615
sub-025,71,correct,1,485.33263281174953,2.052823438842352
sub-025,72,correct,1,407.37831208607645,-1.2076291904376326
sub-025,73,correct,1,508.6838622023644,-2.84644386361186
sub-025,74,correct,1,572.834347899341,-0.503752799811995
sub-025,75,correct,1,469.8276286574896,-1.7622244868494523
sub-025,76,correct,1,369.9086448468688,-1.7278318607005276
sub-025,77,correct,1,441.927231713293,1.693659977375929
sub-025,78,correct,1,478.4334391699532,2.5793022708107225
sub-025,79,error,0,463.41693568587067,-0.30691717306678523
sub-025,80,correct,1,553.559583987385,0.6164308291670046
sub-025,81,correct,1,506.8251318768211,-0.9800126945909399
sub-025,82,correct,1,411.5983083142505,0.6428009324287689
sub-025,83,correct,1,417.12468359179314,-1.5652287261147766
sub-025,84,correct,1,503.39802029688934,1.1392245055814525
sub-025,85,correct,1,599.0170481610584,0.7198197296352273
sub-025,86,correct,1,604.0339958289222,3.5698897352171555
sub-025,87,error,0,484.6779147422924,-2.218290014574531
sub-025,88,correct,1,491.823169816915,-1.125058184610467
sub-025,89,correct,1,453.4963961994249,-1.5846265839537899
sub-025,90,correct,1,488.3861380818354,-1.8988243592033782
sub-025,91,correct,1,558.9907557176566,-1.2864079460612254
sub-025,92,correct,1,521.7705810983584,-2.3858630187951393
sub-025,93,error,0,362.501581274615,-3.192599141356509
sub-025,94,error,0,455.59706978126303,-3.8443524840626413
sub-025,95,correct,1,468.97200946372163,2.7687193743036103
sub-025,96,correct,1,575.7952456277712,-2.7317683957639396
sub-025,97,correct,1,194.62888219659936,-0.19449402491245316
sub-025,98,error,0,382.10649654591293,-2.663146158673929
sub-025,99,correct,1,404.0586292842097,1.9165162904517523
sub-025,100,correct,1,601.7897484767113,0.36898441541992355
sub-025,101,correct,1,493.4500826426831,-1.1187420546300895
sub-025,102,error,0,500.2503254791777,-1.256068714063873
sub-025,103,correct,1,455.76345699276305,-2.5474510621860675
sub-025,104,correct,1,469.5016949850152,1.4457026022906072
sub-025,105,correct,1,419.55133435848734,-0.9991716318872553
sub-025,106,correct,1,340.8662336838577,-0.20390953881642643
sub-025,107,error,0,432.7397443049924,0.6279934837718417
sub-025,108,correct,1,547.4159980451675,-3.8572400178575244
sub-025,109,correct,1,346.20615368638227,-4.830317170570432
sub-025,110,error,0,415.7223655770678,-5.427929868933488
sub-025,111,error,0,422.9528091160551,-4.47975171773749
sub-025,112,error,0,580.280282858123,-2.725422739378056
sub-025,113,error,0,573.4290010336491,-1.0601378000863642
sub-025,114,correct,1,374.2632401285158,1.3105492625864419
sub-025,115,correct,1,395.88509460664545,-2.1889245009469986
sub-025,116,correct,1,496.64431959301623,-5.211974924711182
sub-025,117,correct,1,590.8729901705342,1.1047746196972776
sub-025,118,error,0,426.63102763011,-1.4704014367301639
sub-025,119,correct,1,488.10379401044236,0.7840642659797858
sub-025,120,correct,1,439.82734093802543,-0.14683138432359266
sub-025,121,correct,1,436.38673106557826,0.1915933850229513
sub-025,122,correct,1,390.63013816912337,1.3298022883019962
sub-025,123,correct,1,509.3169624423982,0.24378475649516618
sub-025,124,correct,1,459.4506771536027,3.004420173147408
sub-025,125,correct,1,518.513709902419,-0.16360100247208553
sub-025,126,correct,1,545.2741688686625,4.979208470150194
sub-025,127,correct,1,532.777667766585,4.442768313462628
sub-025,128,correct,1,402.01058154712814,-2.8203430872932875
sub-025,129,error,0,326.0316000899327,-0.2054324429900216
sub-025,130,error,0,325.76918057837725,-1.6082335750631942
sub-025,131,correct,1,417.9615843874475,3.68643414172044
sub-025,132,correct,1,442.2207846695064,0.9504522030756208
sub-025,133,correct,1,322.5205164951417,-2.196088045829761
sub-025,134,correct,1,497.6591971985795,-0.3384212018363392
sub-025,135,correct,1,438.72166852103027,-1.147504958502438
sub-025,136,correct,1,478.75530260703835,2.4856265563007947
sub-025,137,correct,1,507.61810350506266,-1.5298535948225784
sub-025,138,correct,1,563.2745409776346,-7.042562035309878
sub-025,139,correct,1,422.48919576984866,0.3324884471911502
sub-025,140,correct,1,651.7904625434062,1.1653444135837647
sub-025,141,correct,1,632.0465413561437,-0.896656490472073
sub-025,142,correct,1,452.2578048116584,-0.4386805708108279
sub-025,143,correct,1,462.85694832649557,-1.1203958881972689
sub-025,144,error,0,316.2218196643906,-5.024271686726117
sub-025,145,correct,1,530.9316559315001,-3.903406350918381
sub-025,146,error,0,366.27395215379823,-2.8742570037700546
sub-025,147,correct,1,527.7874512191489,1.3934534213686558
sub-025,148,correct,1,534.5518181661963,-3.3401759035038605
sub-025,149,error,0,394.927354469304,-1.09219213008299
sub-025,150,correct,1,494.47258887392326,-3.4259384936153037
sub-025,151,correct,1,558.4116865511181,1.247923497337805
sub-025,152,correct,1,433.482158384084,3.3017493993963116
sub-025,153,correct,1,224.42291855311058,0.21145984716496924
sub-025,154,correct,1,394.07181248733,0.2680799800688093
sub-025,155,correct,1,398.9891485735901,1.7549743116077419
sub-025,156,error,0,338.23304048268284,-4.529474426816497
sub-025,157,correct,1,633.4739924742428,-2.8887889981017096
sub-025,158,correct,1,549.6941081943764,-3.325038640037241
sub-025,159,correct,1,480.50254185155876,1.0460955133448226
sub-025,160,correct,1,494.06585960920916,0.7845849084817595
sub-026,1,correct,1,423.1848108637413,0.45621862061492435
sub-026,2,correct,1,435.6140638768299,-0.6079036246144506
sub-026,3,correct,1,387.54582576902527,0.9310955596932573
sub-026,4,correct,1,399.4749422503601,1.1428624627567376
sub-026,5,error,0,456.369285499716,-0.8380614578844796
sub-026,6,correct,1,331.2583431209813,-2.4427917930262812
sub-026,7,correct,1,519.3174234100545,-0.4237842405602738
sub-026,8,correct,1,493.1059908990961,-0.06415432886086292
sub-026,9,correct,1,584.6285655939768,1.8665624221010828
sub-026,10,correct,1,594.0088802100973,-1.0369862246643822
sub-026,11,correct,1,410.7541369196974,-0.06391609399758313
sub-026,12,correct,1,487.4127628415291,-1.474544513998795
sub-026,13,correct,1,455.324581185827,-2.8649424150722647
sub-026,14,correct,1,507.67781242980635,1.3482758804156452
sub-026,15,correct,1,406.00071488172654,-0.827591029923357
sub-026,16,correct,1,508.79543331015265,-2.337852322785041
sub-026,17,correct,1,351.1317299131423,-3.0275160041618516
sub-026,18,correct,1,364.64366968211476,-1.7262653756103064
sub-026,19,correct,1,523.8193855470016,-2.120834051404574
sub-026,20,error,0,488.0639161185735,0.18004485589999297
sub-026,21,correct,1,475.6012556425989,-0.5650276563752189
sub-026,22,correct,1,482.28099386644,3.1406858013138095
sub-026,23,correct,1,480.5716818560677,-1.4307579631369043
sub-026,24,correct,1,414.3393789894288,2.9684516630391444
sub-026,25,correct,1,590.6327449203113,0.6888094736999291
sub-026,26,correct,1,465.3427415417451,-2.410477833458422
sub-026,27,correct,1,460.980098645037,1.2610257412909265
sub-026,28,correct,1,272.5515139811869,-0.21802432685589446
sub-026,29,error,0,452.67819100473207,-2.809250363800304
sub-026,30,correct,1,486.1554682182875,-3.450236962511492
sub-026,31,correct,1,433.1309782357293,-3.249206206769931
sub-026,32,correct,1,483.7092202634773,1.635002567950347
sub-026,33,correct,1,527.153606135462,-2.6379931301034127
sub-026,34,correct,1,553.7737548999067,1.6087713411793325
sub-026,35,correct,1,382.3109430800058,0.9770308991725458
sub-026,36,correct,1,542.9940680860952,-2.7268162411340553
sub-026,37,correct,1,542.6964882185739,-0.726209767516902
sub-026,38,error,0,532.9935238903262,0.3529504655788023
sub-026,39,correct,1,453.93739334922327,2.966119973276368
sub-026,40,correct,1,316.2508247395052,-0.6700534238817304
sub-026,41,error,0,278.79447895192214,-2.4847349219845807
sub-026,42,correct,1,547.7378280726628,-3.393480101811753
sub-026,43,correct,1,539.8269301594366,-0.8267196104132157
sub-026,44,error,0,564.3734760720251,-0.8391642348647244
sub-026,45,error,0,314.1885545606451,-2.056650101693255
sub-026,46,error,0,517.3969274758138,-3.0255373324617727
sub-026,47,correct,1,594.6928886594834,-3.8558186053611196
sub-026,48,correct,1,457.2326578678608,-2.5110767531508342
sub-026,49,correct,1,639.9835084859009,2.3407023707026546
sub-026,50,correct,1,349.9969883954368,0.5305043520676493
sub-026,51,correct,1,359.76939439123714,-2.0910173857373566
sub-026,52,correct,1,444.87813616550295,-2.2561848856526683
sub-026,53,correct,1,505.19505486814535,0.23158523904809225
sub-026,54,correct,1,371.59259166802354,0.5158752319341697
sub-026,55,correct,1,596.6747438228962,-0.18415350905855588
sub-026,56,correct,1,566.5681635990406,1.0469265992582333
sub-026,57,correct,1,498.8642311697898,-2.2771380037627837
sub-026,58,correct,1,554.8199239389078,0.6199715150700222
sub-026,59,correct,1,526.253976965717,-2.271846728370583
sub-026,60,error,0,452.36383945361877,-3.355881016297503
sub-026,61,correct,1,541.4362311336596,-3.4465946197029345
sub-026,62,error,0,354.46059385836,-0.4329055100927903
sub-026,63,error,0,461.96059150397036,-5.199869734697485
sub-026,64,correct,1,521.4799117780963,1.0714041956288725
sub-026,65,correct,1,390.97509211682603,-2.3549517542211857
sub-026,66,correct,1,511.9392214110189,-0.8620784124277143
sub-026,67,correct,1,455.4548705823325,-1.3412416401819125
sub-026,68,correct,1,548.5466182093666,-1.057675823767893
sub-026,69,correct,1,527.530609427311,-1.0242455079091124
sub-026,70,correct,1,471.16412819841634,-1.9427458080879243
sub-026,71,correct,1,546.9016952860933,0.48230598435042604
sub-026,72,error,0,512.3012412784481,-2.5305717279402096
sub-026,73,correct,1,501.165008646976,0.21382008645028605
sub-026,74,correct,1,524.489821837459,2.4475761354663685
sub-026,75,correct,1,473.41006465194647,-0.06851348753310005
sub-026,76,correct,1,334.9038113404308,-3.813151402494591
sub-026,77,correct,1,455.68300178181227,1.3100648148814587
sub-026,78,correct,1,527.8224683543717,-2.7318354396058977
sub-026,79,correct,1,413.34432278604925,0.09755910911263088
sub-026,80,correct,1,445.52535597974656,1.3398400246145632
sub-026,81,correct,1,495.89766154089983,-1.1247537298957118
sub-026,82,correct,1,503.0828759151099,-2.0586496677528525
sub-026,83,correct,1,549.3079643536582,-2.567388334449471
sub-026,84,correct,1,348.6555399285721,2.632316270823722
sub-026,85,correct,1,584.9658218955141,0.5132564022920729
sub-026,86,correct,1,446.6207649918865,-0.04306656646629947
sub-026,87,correct,1,423.23118988087873,-1.706044687911096
sub-026,88,correct,1,428.63515271036636,-0.026789224931928368
sub-026,89,error,0,519.7406667119278,-6.804846351673419
sub-026,90,correct,1,464.1240069913469,-0.5365169758155225
sub-026,91,error,0,386.8942304697894,2.044656253920106
sub-026,92,correct,1,561.0147072883541,-1.4112417003267161
sub-026,93,correct,1,495.837556056719,-2.689711645565893
sub-026,94,correct,1,372.8384321381205,-1.288389146079267
sub-026,95,correct,1,391.38552143332294,-1.793262021533496
sub-026,96,correct,1,561.7232754530959,-1.9066293863321286
sub-026,97,correct,1,523.6730197290818,-2.1471025787796503
sub-026,98,correct,1,534.7183194995355,-1.9506337784886867
sub-026,99,correct,1,454.1781625417341,-4.090214907385142
sub-026,100,correct,1,443.3502416449684,-2.251203671879553
sub-026,101,correct,1,470.4219747047541,-0.13253324599133454
sub-026,102,correct,1,460.4625186097094,-2.9987073485505995
sub-026,103,error,0,421.606420068418,-1.2868166732166708
sub-026,104,correct,1,610.5011698289358,-0.539128932780792
sub-026,105,correct,1,591.402268895388,0.4763857680257386
sub-026,106,correct,1,517.5502206002215,-2.879268840799205
sub-026,107,correct,1,581.9454188503914,3.6103373977049005
sub-026,108,error,0,435.10411441345644,-1.0194065857086747
sub-026,109,correct,1,472.0536424116909,-1.1581215356916363
sub-026,110,correct,1,413.69645269694325,0.28081624966183805
sub-026,111,correct,1,495.63309733962467,-2.00136544465886
sub-026,112,correct,1,538.6388471990458,-1.6220319990943608
sub-026,113,correct,1,541.0022843008625,1.0102876236172214
sub-026,114,correct,1,469.048812621739,-1.2253382295396298
sub-026,115,correct,1,496.9498420803909,2.2955260988847312
sub-026,116,error,0,357.8496369921504,-2.226686374524607
sub-026,117,correct,1,522.4738325880088,-2.3182305705110124
sub-026,118,correct,1,502.7097363810691,3.024795996649175
sub-026,119,error,0,511.12796050608364,1.5881372312223223
sub-026,120,correct,1,523.1749407654413,-1.8080644708163556
sub-026,121,correct,1,514.2665595682203,-1.4306402175292887
sub-026,122,correct,1,572.7510139920737,1.7946515837268
sub-026,123,correct,1,306.11138969877436,-1.07149120192341
sub-026,124,correct,1,420.8759781788798,0.632537272521245
sub-026,125,correct,1,497.1096366626186,1.8347762336793074
sub-026,126,correct,1,385.6033272452778,0.021368528179736113
sub-026,127,correct,1,411.2034855780804,1.6286968067119665
sub-026,128,correct,1,602.5661680226315,-0.6473103389995623
sub-026,129,correct,1,554.8592175901023,-1.1585067706974157
sub-026,130,correct,1,455.23139416536065,-1.283490808673279
sub-026,131,correct,1,480.84901164253563,2.036347417868196
sub-026,132,correct,1,387.987130224019,-3.780561706823507
sub-026,133,correct,1,436.7664249428409,-4.549858513310201
sub-026,134,correct,1,357.13625289996304,0.3278175917635193
sub-026,135,error,0,444.2025320989817,-0.4510408650036589
sub-026,136,correct,1,291.20168088986986,2.5732414204606266
sub-026,137,correct,1,522.0706614384438,-1.399081863854239
sub-026,138,correct,1,469.16662586850254,2.9795096353245762
sub-026,139,correct,1,544.6035875064822,-1.1240178864203165
sub-026,140,correct,1,585.2410667415141,-0.6294335890679502
sub-026,141,correct,1,574.4153638331492,-1.3792737125478167
sub-026,142,correct,1,387.23229377715495,0.8513230094938142
sub-026,143,correct,1,397.9306552675914,-0.2011375236230623
sub-026,144,correct,1,475.89273256952686,-1.8739259714412415
sub-026,145,correct,1,275.09408103345686,-1.5472342899945912
sub-026,146,error,0,490.70734161705064,-1.5998487893617916
sub-026,147,correct,1,335.90139611215795,-1.042200829610673
sub-026,148,correct,1,532.7889989589903,0.4156016592767158
sub-026,149,correct,1,419.032618085387,-3.5130777225254866
sub-026,150,error,0,480.9965193987206,-1.0979312237111598
sub-026,151,error,0,511.68961740752525,-3.8692504425572682
sub-026,152,correct,1,468.4847671870764,0.8872987323995061
sub-026,153,error,0,361.0081399366441,-4.818118295528171
sub-026,154,correct,1,351.5959267542825,-0.18720867189764023
sub-026,155,correct,1,342.09097461268397,-1.3506128211623707
sub-026,156,error,0,613.6408382635669,-0.6561525937940532
sub-026,157,correct,1,410.3746465506721,-2.2667914153741013
sub-026,158,correct,1,360.66491606923694,-1.1266738654211401
sub-026,159,correct,1,582.8687307214767,-5.708517609142359
sub-026,160,correct,1,391.8636404371689,-0.8804278149047815
sub-027,1,correct,1,396.80898459907576,-2.6517285601842118
sub-027,2,correct,1,419.07041373012987,-0.12153310580168553
sub-027,3,correct,1,554.3275387528711,0.836537607232053
sub-027,4,error,0,436.52955151585616,-3.5885485084397533
sub-027,5,correct,1,530.2754577205562,-1.5534563583548366
sub-027,6,error,0,397.52615376379435,-3.638598642689075
sub-027,7,correct,1,500.0521989235573,-2.253705696475878
sub-027,8,correct,1,453.3923358638169,2.4112719989348
sub-027,9,error,0,322.37585304146563,-4.561169617486143
sub-027,10,correct,1,488.29707641013584,-3.503015733960061
sub-027,11,correct,1,504.25127069767507,-0.3521285868663816
sub-027,12,correct,1,545.6731124396721,1.3353161304166574
sub-027,13,error,0,493.52438631597624,-4.035267650967355
sub-027,14,correct,1,445.19635646592224,-4.362305597106949
sub-027,15,correct,1,321.45993397542236,-2.9555771394408064
sub-027,16,correct,1,475.29727249440504,2.6725867134400447
sub-027,17,error,0,484.57189589416834,-3.740237962081187
sub-027,18,correct,1,507.33001466544454,-1.378653435774544
sub-027,19,correct,1,597.7720575416271,1.217037454412157
sub-027,20,error,0,383.91822101092237,-2.6239056223490893
sub-027,21,correct,1,542.4507847635033,0.32392981619919525
sub-027,22,error,0,530.4483195804116,-6.313224604834971
sub-027,23,correct,1,551.2698962103041,-0.9565508524957859
sub-027,24,correct,1,479.7253156434383,-4.897184709782125
sub-027,25,error,0,419.9286544606942,-1.262269080774677
sub-027,26,error,0,426.0101448412036,-4.361101500376421
sub-027,27,correct,1,534.2655701415758,-1.526040806578619
sub-027,28,correct,1,519.8730489227887,-3.352234139656149
sub-027,29,correct,1,538.0996004858978,-4.433099858179742
sub-027,30,correct,1,601.5840798400365,1.9198397900131463
sub-027,31,error,0,444.5098940483266,-4.8768403799531805
sub-027,32,correct,1,494.8438763030967,2.8334041947831015
sub-027,33,correct,1,405.60663828316854,-3.0230247906905374
sub-027,34,correct,1,383.7236602182235,-2.527729882862084
sub-027,35,correct,1,431.8828201109643,-0.03675007979527134
sub-027,36,correct,1,525.1578002577738,0.685444270432426
sub-027,37,error,0,490.04204932530763,-4.039041358103789
sub-027,38,correct,1,473.34581422076377,0.8573547855651584
sub-027,39,correct,1,494.7526104749691,-2.4719314882552563
sub-027,40,correct,1,444.06351720893804,-2.6739519877015434
sub-027,41,correct,1,514.810623795377,-0.45288710310171426
sub-027,42,correct,1,472.6520245341633,-4.570150861093513
sub-027,43,correct,1,349.61120284131727,-0.3377634349317169
sub-027,44,correct,1,420.96147609796395,0.265059826319205
sub-027,45,correct,1,568.6748478324872,-0.5029413449203219
sub-027,46,error,0,414.96873583121084,-3.8394405459942105
sub-027,47,correct,1,397.9352137083319,3.0747546647686823
sub-027,48,correct,1,425.7973404453804,-1.602694544560468
sub-027,49,correct,1,460.4997269061742,-0.40369401757799606
sub-027,50,correct,1,514.1879526066452,1.7518113545128735
sub-027,51,correct,1,511.7025010490712,0.31941007481500017
sub-027,52,correct,1,677.3013506512395,1.5066528553782088
sub-027,53,error,0,419.51078619623263,-3.3293413793209803
sub-027,54,correct,1,364.81658034370844,-1.6340393511077536
sub-027,55,correct,1,510.33333109256455,-2.4560437362780756
sub-027,56,correct,1,366.9801397799697,1.3201627763239177
sub-027,57,correct,1,365.39596931025045,-4.9942992175086225
sub-027,58,correct,1,553.4307384039863,-1.5026885086967647
sub-027,59,error,0,470.56064005884616,-3.0228979792744393
sub-027,60,correct,1,447.376259248261,1.0031616237594376
sub-027,61,correct,1,528.7941345646643,1.0151860302271571
sub-027,62,error,0,569.3889096519994,-4.069142556640342
sub-027,63,correct,1,631.6902108217179,-0.10061895254196274
sub-027,64,correct,1,294.92260266313065,-1.8964927950215043
sub-027,65,correct,1,409.67739693424545,0.8452553133123779
sub-027,66,correct,1,457.5515071219277,-3.3904968337868535
sub-027,67,correct,1,528.5708103401265,-6.080609704564892
sub-027,68,correct,1,460.3695200222288,-0.33252283177791114
sub-027,69,error,0,392.57256121464746,-1.6710684555654827
sub-027,70,error,0,401.5954280853058,0.8512296103830481
sub-027,71,correct,1,619.298470139929,2.611151937771284
sub-027,72,correct,1,430.5773688611563,1.0650122721522846
sub-027,73,error,0,512.96785850192,-2.419201938278756
sub-027,74,error,0,325.7740310928707,-0.4388764298730159
sub-027,75,correct,1,511.08644477261254,-4.705507573668238
sub-027,76,error,0,335.38553638574956,-3.1252614282257665
sub-027,77,error,0,483.86734773543213,-6.151492895976931
sub-027,78,correct,1,387.839274407438,-2.5384589696816766
sub-027,79,correct,1,509.02633853879047,-2.102370216139164
sub-027,80,correct,1,545.5293608603711,0.42841654469132706
sub-027,81,correct,1,555.1046637557541,-0.6446609651167675
sub-027,82,correct,1,468.1914874492279,-0.5202178132037142
sub-027,83,correct,1,449.2395428036546,-0.49522132183442064
sub-027,84,correct,1,597.0865014798862,0.051944470059079983
sub-027,85,error,0,461.1832614372948,-4.711935705270671
sub-027,86,correct,1,411.86036557146997,-0.01869580260673165
sub-027,87,correct,1,399.34280849126833,-0.52906522769521
sub-027,88,error,0,546.1273344645992,-1.4242054287281065
sub-027,89,correct,1,516.1280317023932,-1.1060874677381127
sub-027,90,correct,1,559.3976003168696,-4.332040287032148
sub-027,91,error,0,540.7169118479163,-5.663808956327706
sub-027,92,correct,1,420.8949571900369,1.5070749653619477
sub-027,93,correct,1,509.4375556118157,-1.276373722657421
sub-027,94,correct,1,559.9993455484607,-2.0277234849248775
sub-027,95,correct,1,499.7284053470887,-3.562487401089135
sub-027,96,correct,1,569.9727953295541,-1.775458246654058
sub-027,97,correct,1,428.50875908111277,-0.1842654442495274
sub-027,98,correct,1,402.2802178857419,2.8228112574334236
sub-027,99,correct,1,574.5931135103249,-3.641349522572429
sub-027,100,correct,1,606.128705027864,-6.237070155983343
sub-027,101,correct,1,506.55663610841646,-1.6707041604381332
sub-027,102,correct,1,454.42581618619903,-2.8766888291937924
sub-027,103,correct,1,406.5592275467614,-0.07861946790174856
sub-027,104,correct,1,576.9664439636505,0.5691215006538215
sub-027,105,correct,1,513.1539408313681,1.5627522126536497
sub-027,106,correct,1,500.9640770383954,-1.5348723193646299
sub-027,107,correct,1,476.5916232498006,1.510577935207204
sub-027,108,correct,1,509.8019216137442,-1.677561177179275
sub-027,109,correct,1,410.03798023618003,-0.6853855261250071
sub-027,110,correct,1,498.66194812814547,-0.4415354852281961
sub-027,111,correct,1,546.2713388535057,3.326675238622963
sub-027,112,correct,1,436.78543819380496,0.7528070088446936
sub-027,113,correct,1,509.3998458618839,-0.29819677124637184
sub-027,114,correct,1,523.3598949080015,-3.764713125279827
sub-027,115,correct,1,457.00662430020043,2.881865847569662
sub-027,116,correct,1,543.0648135210594,-2.292022316632366
sub-027,117,correct,1,620.7932838326287,-0.1669494473882458
sub-027,118,error,0,223.32545542899427,-3.9559183288660416
sub-027,119,correct,1,461.91060600756356,-1.4172793644515207
sub-027,120,correct,1,361.401299544405,0.17364402850810867
sub-027,121,error,0,589.5054942706885,-0.618044591974467
sub-027,122,error,0,540.4548051672084,-1.190291397863974
sub-027,123,error,0,457.9628379914062,-2.336141944234792
sub-027,124,correct,1,474.4182187041372,-1.4550400966138373
sub-027,125,error,0,434.87113787987005,-5.5873983204365425
sub-027,126,correct,1,390.10305622606415,-1.4807139847264403
sub-027,127,correct,1,479.47664936366874,-2.379138136955434
sub-027,128,correct,1,490.3767451319948,1.659126411396812
sub-027,129,correct,1,533.1989491828657,0.4340353481164001
sub-027,130,correct,1,679.3065509660966,-1.2403502136756344
sub-027,131,correct,1,466.0939103671694,-0.3643649129264601
sub-027,132,correct,1,467.9054741870663,-1.2417421331895524
sub-027,133,correct,1,560.7743489763303,2.507665402526089
sub-027,134,correct,1,376.1870035500705,1.1717971427550047
sub-027,135,error,0,425.99740510182284,-5.222365910985285
sub-027,136,correct,1,547.3537240635887,-1.7986662756760292
sub-027,137,correct,1,427.3397716276238,1.3165407292140643
sub-027,138,correct,1,589.9468422434646,-0.01984205061789479
sub-027,139,correct,1,500.47776334358394,-0.225165640617217
sub-027,140,correct,1,475.38884024433355,1.3389589597661866
sub-027,141,correct,1,557.1366576474651,-0.7767590781300879
sub-027,142,correct,1,410.7135269390236,-3.1576003836657653
sub-027,143,correct,1,499.53925130661764,-5.2856632934844985
sub-027,144,correct,1,361.37734177412295,1.100205374233421
sub-027,145,correct,1,535.7102085767629,-1.3053833332293867
sub-027,146,error,0,485.06634913171365,0.35590236361101013
sub-027,147,correct,1,402.9109661070145,-5.751462192286235
sub-027,148,correct,1,367.3943599125356,0.868773880924415
sub-027,149,correct,1,496.3686000863494,-1.5006881365464655
sub-027,150,correct,1,536.1421404193017,1.4475724490633783
sub-027,151,correct,1,436.1742616983199,1.4112432533226575
sub-027,152,correct,1,551.9589474239922,-1.4076305833256497
sub-027,153,correct,1,574.9957398443528,-2.9655356164411346
sub-027,154,error,0,362.65349358396884,-1.4784808988519602
sub-027,155,correct,1,462.0153148639784,-1.193439483977126
sub-027,156,correct,1,537.9484364123261,0.7663037869291338
sub-027,157,correct,1,464.38019116858436,1.4724385620836544
sub-027,158,correct,1,337.5207146496921,-0.8953077863467288
sub-027,159,correct,1,365.93764361096663,-0.39359923248995565
sub-027,160,correct,1,569.9507113633463,0.32362862582665386
sub-028,1,correct,1,373.24729339976545,0.47500612311553986
sub-028,2,correct,1,338.47796748928386,2.4643437532442567
sub-028,3,correct,1,487.9846475047541,2.5369832280367115
sub-028,4,error,0,422.05121086873214,-5.027120294817713
sub-028,5,correct,1,384.2987684292092,-1.8345051589053358
sub-028,6,correct,1,560.7523061041226,5.48230267187479
sub-028,7,correct,1,522.5090969502804,-4.390718461306238
sub-028,8,correct,1,429.6687660730901,4.573076645956663
sub-028,9,correct,1,546.9245464157323,0.4132817494321307
sub-028,10,correct,1,461.4432308446448,-2.61729903410954
sub-028,11,correct,1,423.97027505710935,-3.36681434367477
sub-028,12,correct,1,433.62217630753605,-1.647947659673892
sub-028,13,correct,1,476.96936193840554,4.228358535285205
sub-028,14,correct,1,407.8872522804023,0.7631629725027831
sub-028,15,correct,1,381.7940017627417,-0.2735670640236484
sub-028,16,correct,1,464.93154634917124,-0.5878704575007162
sub-028,17,correct,1,461.05617123227995,-3.549578273994192
sub-028,18,error,0,470.6750004377086,-2.3186631638463586
sub-028,19,error,0,535.8257141274071,-2.3126986124678655
sub-028,20,correct,1,606.8664574831168,1.6222390262875561
sub-028,21,correct,1,428.5853871377399,-2.0967772030104177
sub-028,22,correct,1,542.8050612120833,1.1020017012977448
sub-028,23,correct,1,548.9492350293685,0.5691279071143444
sub-028,24,correct,1,378.43455908008343,2.067067668346487
sub-028,25,correct,1,492.85149263810126,-4.763306562258813
sub-028,26,correct,1,495.14239992438877,2.122366234674539
sub-028,27,correct,1,401.9118469222137,-0.1813428876153393
sub-028,28,error,0,344.13131625142546,0.9874671630759213
sub-028,29,error,0,433.61537480213997,-2.036913028780702
sub-028,30,error,0,464.6660460622532,-2.564662924663081
sub-028,31,correct,1,361.7398009537456,-0.9014923473153267
sub-028,32,error,0,419.59510414251076,-0.10582939122263224
sub-028,33,correct,1,484.21564179116035,0.549633313689333
sub-028,34,correct,1,511.3801594027655,1.1833871777355889
sub-028,35,correct,1,580.5880370695264,-3.2719866511437914
sub-028,36,correct,1,499.4586332140093,1.7526426230806238
sub-028,37,correct,1,562.4214603191148,-0.5312666247990739
sub-028,38,correct,1,448.1030839685847,1.1938520666180834
sub-028,39,correct,1,467.5528766658948,0.3186720363639174
sub-028,40,correct,1,536.6976371614273,0.47976648312614545
sub-028,41,correct,1,476.6653353777426,1.13505741621329
sub-028,42,correct,1,473.9239486834345,-1.0890711654395848
sub-028,43,error,0,448.63152676404593,-1.3043192905149126
sub-028,44,correct,1,439.55885197541755,0.49807910905825925
sub-028,45,correct,1,532.1930795034027,-1.0944901869712522
sub-028,46,correct,1,499.2373324494479,1.2622467368296553
sub-028,47,error,0,421.3499234316298,-4.072065309627423
sub-028,48,correct,1,491.28319997329857,-0.43426920540454184
sub-028,49,correct,1,477.4845272228021,2.848116288901333
sub-028,50,correct,1,337.42163310784395,-0.6950812229243257
sub-028,51,correct,1,433.27460709751796,1.4171880567795965
sub-028,52,correct,1,440.4513510254226,2.7824510637911946
sub-028,53,correct,1,366.863380160286,-0.48218972367412893
sub-028,54,correct,1,501.2664405230553,-0.6757290919652474
sub-028,55,correct,1,331.53807316601,1.6166367018388552
sub-028,56,correct,1,483.0139354725621,0.3526381665083477
sub-028,57,correct,1,542.9940653216618,0.7280545070704946
sub-028,58,correct,1,437.57338407676104,2.4529583158222374
sub-028,59,correct,1,528.4176017376002,-1.0425082836229007
sub-028,60,correct,1,485.1077656150758,1.7504604445115775
sub-028,61,correct,1,382.3536139347006,0.20069806235907295
sub-028,62,correct,1,562.4416199799557,1.1101494735707098
sub-028,63,correct,1,613.4277395075493,2.1440317051585547
sub-028,64,correct,1,396.6165311959205,1.2040583175706816
sub-028,65,correct,1,455.27439025012325,-2.3138477195455067
sub-028,66,error,0,450.714376782354,-2.0541639154912095
sub-028,67,correct,1,466.75052491297214,1.9641532536926989
sub-028,68,error,0,204.98249071483184,-3.662514475297813
sub-028,69,error,0,511.55945832269197,-1.4747293467082934
sub-028,70,correct,1,452.29249454156184,-0.07311021449036928
sub-028,71,correct,1,568.8505363285383,-0.9099522601117225
sub-028,72,correct,1,314.5252946734232,3.2723619131822588
sub-028,73,correct,1,435.33225629380587,-2.2149502020225
sub-028,74,correct,1,459.31460680598997,1.0674760860907875
sub-028,75,correct,1,471.05190552853605,0.0639277826725569
sub-028,76,correct,1,605.3881553615372,-0.6444754362299995
sub-028,77,correct,1,611.1295637017515,1.4724734173843739
sub-028,78,error,0,342.0698617347252,-3.648753496439829
sub-028,79,correct,1,535.5272954279445,-0.8153504673678116
sub-028,80,correct,1,439.01608343962545,-0.1990521762153865
sub-028,81,correct,1,464.61175921572635,-4.482901215627122
sub-028,82,correct,1,431.3021005354634,0.2947783007635113
sub-028,83,correct,1,598.705185265269,-0.5150230839556902
sub-028,84,correct,1,529.6657460267221,5.526687388194924
sub-028,85,error,0,538.4377156965733,-3.928157929401261
sub-028,86,correct,1,535.7414180953762,3.6572216049568826
sub-028,87,correct,1,401.02230031706347,1.4702254498086238
sub-028,88,correct,1,444.59923839127174,1.8823629885205053
sub-028,89,correct,1,488.3565201633041,0.0015210431022632809
sub-028,90,correct,1,589.7871398515072,-1.3129670701635998
sub-028,91,correct,1,444.1704217226777,3.277642630582225
sub-028,92,correct,1,425.16747679641605,-0.1742720110995123
sub-028,93,correct,1,508.31811298867416,3.128940893611727
sub-028,94,correct,1,385.16749411907733,2.997322962484919
sub-028,95,correct,1,527.9185136322463,0.7287528807544512
sub-028,96,correct,1,417.8659122739226,-0.36273977956137415
sub-028,97,correct,1,495.22473589698524,3.52699193820267
sub-028,98,correct,1,530.340869255533,0.39608564927962664
sub-028,99,correct,1,465.01572692983655,-0.31989136614260827
sub-028,100,error,0,432.3324501344821,-1.753516105985205
sub-028,101,correct,1,494.6306904950708,-3.4230261067079146
sub-028,102,correct,1,474.09945131849565,-2.2159902771537503
sub-028,103,error,0,329.3036546847285,1.218043963633583
sub-028,104,error,0,357.5594113818928,3.6514255806964573
sub-028,105,correct,1,507.41151336660613,1.4434415553411768
sub-028,106,correct,1,593.3073851920051,-5.351961404489655
sub-028,107,correct,1,494.582028079269,-1.1161471619310253
sub-028,108,error,0,472.80759037169184,-4.411008018865884
sub-028,109,correct,1,513.8970195874009,1.5275962229158628
sub-028,110,correct,1,507.77575592400956,0.04008089669692899
sub-028,111,correct,1,488.3356919331096,-1.0462595121846934
sub-028,112,error,0,487.07066365704867,-0.5761356128553619
sub-028,113,correct,1,335.50422727144036,-1.9581114515617053
sub-028,114,correct,1,557.8927599261419,-0.5092163039942718
sub-028,115,correct,1,478.8462430947535,-0.23444830926761595
sub-028,116,correct,1,361.5650764572198,0.8334157396258498
sub-028,117,correct,1,371.6455769130674,2.1121698453076503
sub-028,118,correct,1,398.1659573097281,-1.894847012409165
sub-028,119,correct,1,488.4673143596616,2.5854671961793265
sub-028,120,correct,1,359.59084103220476,1.9189431024744017
sub-028,121,correct,1,530.2078422671656,-3.789157680169402
sub-028,122,error,0,348.2668155403249,-1.521012980778595
sub-028,123,correct,1,583.4122940713008,-0.7494758481931071
sub-028,124,correct,1,507.4602923578097,2.448849005750459
sub-028,125,correct,1,383.968543880237,-0.990668904322819
sub-028,126,correct,1,349.8005917633652,-0.7369612060214722
sub-028,127,correct,1,424.0605920235929,0.8115654485101101
sub-028,128,correct,1,465.64400281817774,-1.3730513535115692
sub-028,129,correct,1,565.3308262451309,-2.1083960041282737
sub-028,130,error,0,562.3588553626141,1.2630067818303226
sub-028,131,correct,1,564.2951085169989,1.8475313486123963
sub-028,132,correct,1,440.75822658044564,1.180403605998279
sub-028,133,error,0,515.0024305836253,0.45149840108578054
sub-028,134,correct,1,599.4685166309508,-1.2388437510347452
sub-028,135,correct,1,431.2842007193514,1.4666881792391036
sub-028,136,correct,1,456.5450937077662,0.5571090717917535
sub-028,137,correct,1,418.59870384087003,2.70991488920742
sub-028,138,error,0,425.03928408668577,-1.067824942795015
sub-028,139,error,0,372.07411083351855,-1.5434152551760798
sub-028,140,correct,1,485.69257885420257,-1.5716735174294085
sub-028,141,correct,1,418.50662704182685,-1.750497347878216
sub-028,142,error,0,349.1430932322342,-3.921233878898681
sub-028,143,correct,1,412.73915643456337,-1.7940755109758197
sub-028,144,error,0,431.1854679870804,-1.257943502155173
sub-028,145,correct,1,401.2709544236375,1.2105044323319443
sub-028,146,error,0,404.84709793568163,-0.5341886924747838
sub-028,147,correct,1,447.63219642903147,1.7887495883128202
sub-028,148,correct,1,416.3553091065849,-4.039999974493911
sub-028,149,error,0,428.1891509935701,-0.8233259677679926
sub-028,150,correct,1,543.2562580691425,2.3261823849003775
sub-028,151,correct,1,509.3417125626982,-1.4012354961350992
sub-028,152,error,0,469.0435261341528,3.0562910553708584
sub-028,153,correct,1,549.4666075237816,2.069826408207616
sub-028,154,correct,1,389.6816331469146,-5.114000041611701
sub-028,155,correct,1,500.56355522883507,1.1430224244296565
sub-028,156,correct,1,270.7433981873151,1.2267530048265076
sub-028,157,correct,1,445.9641659764642,0.6739043449896337
sub-028,158,correct,1,401.90160291992754,1.6244572893749372
sub-028,159,correct,1,374.914870442847,0.29922568179901465
sub-028,160,correct,1,437.9117314935273,0.7151972924331839
sub-029,1,correct,1,445.6635582624495,-1.811396649997315
sub-029,2,correct,1,261.6679350794905,-1.886778457009713
sub-029,3,correct,1,529.4351077222591,3.877131640112792
sub-029,4,correct,1,483.6041125312713,-0.2838117343686605
sub-029,5,correct,1,629.7802960946844,-2.598941022650661
sub-029,6,error,0,501.1787406799276,-2.0806625428539256
sub-029,7,error,0,468.7312215799463,-1.4510060344076776
sub-029,8,correct,1,492.4117390235468,-1.550091662563715
sub-029,9,correct,1,455.7122208125189,0.1593589827854156
sub-029,10,correct,1,475.9103783858926,-3.3927087039350234
sub-029,11,error,0,400.701219519057,-3.195471255556506
sub-029,12,correct,1,329.76775070203655,-1.196265333599932
sub-029,13,correct,1,349.7270637677802,-2.327510052051049
sub-029,14,correct,1,309.6636505671419,-0.893412265613679
sub-029,15,correct,1,478.4435737628904,-1.8599496723001976
sub-029,16,correct,1,577.755842476109,-0.15261406618245485
sub-029,17,correct,1,478.4273762163687,-1.4791079053901977
sub-029,18,correct,1,447.5371789011739,-2.1701196340381235
sub-029,19,correct,1,465.65700951200967,-3.075879309893083
sub-029,20,correct,1,457.6958739594355,2.949096502572786
sub-029,21,error,0,405.88470201422143,-4.016529775292845
sub-029,22,correct,1,511.00395533891964,-2.535673164240047
sub-029,23,correct,1,437.3839512336224,-0.1451668838899171
sub-029,24,correct,1,381.96239574100434,2.7699001460677715
sub-029,25,correct,1,341.03578947771683,0.6884427033334004
sub-029,26,correct,1,446.335683396794,-2.3877152582697074
sub-029,27,correct,1,465.670742881582,-1.8359402636373947
sub-029,28,error,0,458.84054920435005,-6.241323286806754
sub-029,29,correct,1,569.9301523636119,2.3671901176152415
sub-029,30,correct,1,540.3870972889141,4.14384019080881
sub-029,31,correct,1,633.316675519503,-0.7894107364846705
sub-029,32,error,0,419.1899046894607,-1.8451181971813937
sub-029,33,correct,1,500.22962364873496,1.6518290819916968
sub-029,34,error,0,509.08413287014486,-2.0857434577758127
sub-029,35,correct,1,510.1835135181922,-0.44640741004440876
sub-029,36,correct,1,636.5285950895175,-2.298043939246785
sub-029,37,correct,1,358.5334727299673,0.29946950022501073
sub-029,38,correct,1,372.7388753886531,-2.3400880026130073
sub-029,39,error,0,441.3079045668134,-1.22878127595379
sub-029,40,correct,1,447.97606435407965,-3.0088149396466317
sub-029,41,correct,1,436.03505442778584,0.9505635290207164
sub-029,42,correct,1,518.4736469838259,-2.8831506163876157
sub-029,43,error,0,378.4491568056011,-6.261047798101039
sub-029,44,correct,1,399.9224414000232,1.1035597807143718
sub-029,45,correct,1,444.123561621539,0.7017809221375013
sub-029,46,error,0,533.3476339395235,-4.909516495070745
sub-029,47,correct,1,401.00745566502553,3.9299205293497352
sub-029,48,correct,1,461.742608949542,4.546326179319699
sub-029,49,correct,1,585.3201542150979,0.4724013405173857
sub-029,50,correct,1,459.16860539028096,0.9461512724521806
sub-029,51,correct,1,529.9406080079478,-3.575036345385683
sub-029,52,correct,1,376.1261914068166,-5.260349448772169
sub-029,53,correct,1,482.35202298134766,-2.578310376496128
sub-029,54,error,0,482.45186110089793,-5.255442829560701
sub-029,55,correct,1,331.02558622512163,-4.262379722555128
sub-029,56,correct,1,306.1701715037907,-1.386464267892364
sub-029,57,correct,1,383.9927873958349,-1.874043455775688
sub-029,58,correct,1,461.5364264274875,1.0208950875416762
sub-029,59,correct,1,289.0251900492005,-2.489784588107352
sub-029,60,correct,1,501.7898818813173,-3.1939790367509286
sub-029,61,correct,1,518.1276725284446,1.1569139104191484
sub-029,62,correct,1,428.36556055045463,1.1454906187263039
sub-029,63,correct,1,482.75905475900095,0.7968038984170036
sub-029,64,correct,1,345.80198664447477,0.20433332328748754
sub-029,65,correct,1,491.9691699952209,2.309528328548588
sub-029,66,correct,1,474.7105853040964,3.5845865683932727
sub-029,67,correct,1,550.5170046318736,-0.064039333479744
sub-029,68,correct,1,439.3853453211825,0.6976625767917759
sub-029,69,error,0,384.80626260604544,-4.808968375419942
sub-029,70,correct,1,376.1399939759391,-5.062113259169408
sub-029,71,correct,1,431.04041025588333,-0.3204664071361002
sub-029,72,correct,1,453.8732067565416,-0.00626559946294869
sub-029,73,correct,1,502.3273549058141,-0.7062661834161263
sub-029,74,correct,1,334.6560350105522,0.28588394599501277
sub-029,75,error,0,456.0597818188378,-4.458631279809037
sub-029,76,error,0,419.9419659406319,-1.3179597682536337
sub-029,77,correct,1,425.62389694412417,1.2682545725348495
sub-029,78,error,0,494.60489853009994,-0.3302569836362128
sub-029,79,error,0,483.35933657044234,-4.70946683419762
sub-029,80,correct,1,477.01065258096725,2.828159029478471
sub-029,81,correct,1,565.56670641,1.515199825037691
sub-029,82,correct,1,584.915944687302,1.477259661409379
sub-029,83,correct,1,483.03260557546747,-1.6071265601579765
sub-029,84,error,0,382.75949043819764,-5.9690114589193115
sub-029,85,correct,1,444.3347648253201,1.615531554095877
sub-029,86,correct,1,470.7967355187545,-1.8727769454415792
sub-029,87,correct,1,336.72137999223844,1.4855282744957297
sub-029,88,correct,1,358.55023895863275,1.1888467198060442
sub-029,89,correct,1,306.95631074733285,-3.030586145743464
sub-029,90,correct,1,512.875758952222,1.2472896917353662
sub-029,91,correct,1,526.0459317414266,0.30021909027895066
sub-029,92,correct,1,602.1740724458695,-1.1883497177898263
sub-029,93,error,0,411.653717520488,0.04863832713058436
sub-029,94,error,0,342.23113701543366,-2.987539764263183
sub-029,95,correct,1,456.85963788010713,1.523200169435104
sub-029,96,correct,1,510.3315502355172,-2.5108441981577103
sub-029,97,correct,1,318.0244379978715,0.9449974547140945
sub-029,98,correct,1,414.5110740189026,-2.8182071921599574
sub-029,99,error,0,536.614729878893,-7.1718115924799335
sub-029,100,correct,1,469.15992577075474,-3.360285447431783
sub-029,101,correct,1,464.91599784414655,-1.2082761767018926
sub-029,102,correct,1,406.30140409576893,2.7300248009488612
sub-029,103,correct,1,421.46533228188844,-1.822040665366043
sub-029,104,correct,1,426.74937173378476,0.7523553543109325
sub-029,105,correct,1,517.4862919676383,-0.29417600377625075
sub-029,106,correct,1,367.3754663567945,1.5460668140171694
sub-029,107,correct,1,522.9722452363137,-0.28686093741562885
sub-029,108,correct,1,396.5863758144667,-2.4627630647268113
sub-029,109,error,0,420.29378443858445,-3.400029195194403
sub-029,110,correct,1,545.7830467000435,-1.1893110910966116
sub-029,111,correct,1,482.8564965376568,3.3709708993465335
sub-029,112,correct,1,436.859659482775,2.36567100527176
sub-029,113,correct,1,435.0572280393697,-0.6923597486137019
sub-029,114,error,0,418.0817633579609,-2.464802438286158
sub-029,115,correct,1,625.191459763656,-0.033495973011795854
sub-029,116,correct,1,359.3917467102811,-0.22696283629726516
sub-029,117,correct,1,323.3405945751027,0.5203642923696682
sub-029,118,correct,1,463.2906563170084,0.722237681034406
sub-029,119,correct,1,403.5676928966559,2.329242034638735
sub-029,120,correct,1,467.6989558988764,0.887342641409046
sub-029,121,correct,1,333.1946101704612,-2.1528786814249607
sub-029,122,correct,1,505.1677702625629,0.7830232718845724
sub-029,123,error,0,206.8555339777346,-3.876752870954462
sub-029,124,correct,1,421.94381876034555,2.707174826535605
sub-029,125,error,0,488.4236878789695,-4.235027757054807
sub-029,126,correct,1,340.1197541926815,-0.01954528118555482
sub-029,127,correct,1,527.2610792485772,-2.355010107375823
sub-029,128,correct,1,305.6906828713379,1.926195378205128
sub-029,129,correct,1,385.13796752505834,-0.7769537594356835
sub-029,130,correct,1,546.8763534644411,1.6090592487937363
sub-029,131,error,0,410.6613696356344,-3.034417256089895
sub-029,132,correct,1,479.2359032767103,-0.4843596410105554
sub-029,133,correct,1,452.944404858135,-0.10398290266710447
sub-029,134,correct,1,476.9444529407137,-1.452840102252287
sub-029,135,error,0,290.8971831432808,-1.2161207598897272
sub-029,136,correct,1,438.02429784690776,-0.3438377504928295
sub-029,137,correct,1,585.5895784387503,0.3492941516785908
sub-029,138,correct,1,491.1905972963741,-4.261750756164885
sub-029,139,correct,1,425.5141774859842,-2.3678420610272592
sub-029,140,correct,1,400.75084122670535,3.396300906313713
sub-029,141,correct,1,288.63848796196373,1.6019817553365128
sub-029,142,correct,1,565.0389426107586,-4.808175128479233
sub-029,143,correct,1,481.70798551578446,1.6425948007519708
sub-029,144,error,0,417.87547478869,-2.742367041225798
sub-029,145,correct,1,322.69423709425524,-3.694753467901827
sub-029,146,correct,1,465.33397212453525,1.366068610524944
sub-029,147,correct,1,475.2091267736524,-1.91276951092918
sub-029,148,correct,1,455.6615402523984,-1.925245343927465
sub-029,149,error,0,511.2978689516007,-3.7434725422163075
sub-029,150,correct,1,371.4893928803209,0.7953568662685262
sub-029,151,correct,1,292.97734465942835,-3.4147302769397325
sub-029,152,correct,1,461.0046346543484,-1.226346801918361
sub-029,153,correct,1,410.6491832645369,-4.078458965470601
sub-029,154,correct,1,444.3851160018426,-0.573420210539644
sub-029,155,correct,1,416.6935605488137,4.222412348341747
sub-029,156,correct,1,390.7187704312223,0.600609989122956
sub-029,157,error,0,454.6369100424959,-4.262765404898705
sub-029,158,error,0,402.4915746823531,-4.895905269359872
sub-029,159,correct,1,325.4003721983639,0.5056025928900303
sub-029,160,error,0,237.59166876870955,-2.1048790772731816
sub-030,1,correct,1,414.7409200635781,-0.24923233770174658
sub-030,2,correct,1,422.2720206414866,-1.26077364560861
sub-030,3,correct,1,462.5464750095986,-1.396794895079271
sub-030,4,correct,1,473.58209551883147,-0.8419585541988852
sub-030,5,correct,1,471.3959529220298,1.1226945596113995
sub-030,6,error,0,545.3810247420022,-1.19304078580431
sub-030,7,correct,1,374.9009497022222,0.23405081655131865
sub-030,8,correct,1,413.8268003874396,-0.45960219559237153
sub-030,9,correct,1,487.8617088443795,-0.10439304703728225
sub-030,10,correct,1,448.7511263065006,-1.7012046494593251
sub-030,11,correct,1,390.15105082108283,0.41102591385695564
sub-030,12,correct,1,483.2434008167287,-1.573339446995879
sub-030,13,correct,1,309.790302037254,1.1985014453669474
sub-030,14,correct,1,444.40372853999753,-0.3550538662480128
sub-030,15,error,0,338.7427298701747,-1.4283003786246502
sub-030,16,correct,1,559.9511327507101,1.6284080781688401
sub-030,17,error,0,432.40362399122716,-4.880757976307375
sub-030,18,correct,1,394.96882637594,-1.5011776849259313
sub-030,19,correct,1,418.6123077192264,0.08053757785765914
sub-030,20,error,0,377.87596195333333,-1.6335718860245896
sub-030,21,correct,1,478.76161284982095,1.604894857639417
sub-030,22,correct,1,483.7537349757234,-0.7811831068938311
sub-030,23,correct,1,484.9462210955955,2.078026816135268
sub-030,24,correct,1,431.4692057922235,-0.9213668542424164
sub-030,25,error,0,470.3436342164614,-0.48847265395632733
sub-030,26,error,0,361.64904477586185,-3.863144896053355
sub-030,27,correct,1,460.51037109386783,1.3386520796530204
sub-030,28,correct,1,605.689724155649,1.7117668087780453
sub-030,29,correct,1,377.13942529361333,-4.6229700434086265
sub-030,30,correct,1,607.2616930130089,0.07904115803268008
sub-030,31,correct,1,385.44731747643056,0.6501774970211451
sub-030,32,error,0,414.7898538086116,-3.041147236837971
sub-030,33,correct,1,547.8378694091892,-3.030415633736794
sub-030,34,correct,1,453.2192364832765,-2.206260149095966
sub-030,35,correct,1,547.0959042860986,-0.7737025301386798
sub-030,36,error,0,393.097911588985,-4.018798756648525
sub-030,37,error,0,335.8408786450641,-0.8759187904234633
sub-030,38,error,0,470.9548274240786,-1.2436749637842082
sub-030,39,correct,1,699.7792432446978,1.538716661623317
sub-030,40,correct,1,430.3328985878515,-0.69212197752672
sub-030,41,correct,1,480.16131780379425,-1.986641485324402
sub-030,42,error,0,385.1674478220829,-4.036703453873915
sub-030,43,correct,1,472.89993815677013,-1.1376584271042578
sub-030,44,error,0,568.9161464337292,-6.100202476576422
sub-030,45,error,0,498.01952746442004,-7.460304969669777
sub-030,46,correct,1,437.3043490601996,-3.8057672428800577
sub-030,47,correct,1,420.6944239784445,-2.6942849123197474
sub-030,48,correct,1,538.049718305399,2.046934651331282
sub-030,49,correct,1,403.46029869984955,0.6520362576501701
sub-030,50,correct,1,351.6316294158348,-2.2164280455307876
sub-030,51,correct,1,414.62740807424234,0.7412445675968629
sub-030,52,correct,1,387.31121535202243,-0.7907328716577069
sub-030,53,correct,1,369.72292096543214,-2.3449778843576556
sub-030,54,correct,1,557.6634265070909,-1.4844998799651323
sub-030,55,correct,1,491.33677092109764,-2.732696072025264
sub-030,56,error,0,453.07563972551225,-3.842768774702134
sub-030,57,correct,1,550.1374239048937,2.4467003897195956
sub-030,58,correct,1,409.5422523936875,0.7431717099664852
sub-030,59,error,0,534.4701520121877,-1.436147262494178
sub-030,60,correct,1,390.3688708409231,-0.6446463809740485
sub-030,61,correct,1,446.6877675325328,-2.76667825894225
sub-030,62,correct,1,513.7356980700465,-5.697782297387324
sub-030,63,correct,1,487.1311036299756,1.4153164172316446
sub-030,64,correct,1,537.6532117910783,-2.034003766531696
sub-030,65,error,0,581.9702156956048,-4.978119753925077
sub-030,66,correct,1,494.697613126432,-0.8073426868627653
sub-030,67,correct,1,463.8157930471065,1.9101646425653374
sub-030,68,error,0,467.0542157226748,-3.9532216426675992
sub-030,69,correct,1,387.4285982561137,-1.8190318685773543
sub-030,70,correct,1,353.85881460258616,-2.932490559886286
sub-030,71,correct,1,445.0530223827727,-0.511552256062597
sub-030,72,error,0,279.5858103084298,-3.295369025120448
sub-030,73,correct,1,587.6428894453886,0.3597782757391075
sub-030,74,correct,1,462.97520501836874,0.924144638955799
sub-030,75,correct,1,343.412992009046,-0.3273186481087071
sub-030,76,correct,1,727.3386033822503,0.6062671920060214
sub-030,77,correct,1,425.3091728246092,-0.8604358581326819
sub-030,78,correct,1,602.9552030076861,0.16965349936291663
sub-030,79,error,0,522.7853530941243,-2.882525194304985
sub-030,80,correct,1,390.76303531411395,0.12156354480716691
sub-030,81,correct,1,364.5728368156715,-1.7050264345974762
sub-030,82,correct,1,407.4689328157811,0.5550582946773892
sub-030,83,error,0,345.60882108949295,-3.552485686535447
sub-030,84,correct,1,471.6824661824978,2.230348538759381
sub-030,85,correct,1,511.5792212001788,0.9066601739251947
sub-030,86,correct,1,440.0014948796072,-0.5033309804928853
sub-030,87,correct,1,376.0217892114449,-1.7914231475672602
sub-030,88,error,0,564.8403210458304,-1.3413367483798975
sub-030,89,correct,1,477.31176124614643,4.743217348686683
sub-030,90,correct,1,452.147739757692,-0.9610255772606657
sub-030,91,error,0,424.06616635610237,-4.941664299254734
sub-030,92,correct,1,613.6704489491129,-0.06070158291709937
sub-030,93,correct,1,555.2925815710164,5.46778565196988
sub-030,94,correct,1,479.3140037372899,0.7755488230656116
sub-030,95,correct,1,432.25377889581637,1.1183514423633163
sub-030,96,correct,1,559.2879024718925,1.3356803174074519
sub-030,97,correct,1,448.91359276781054,-1.1984522898822012
sub-030,98,error,0,317.47796629059064,-0.21892935205201214
sub-030,99,correct,1,473.79391292704787,0.05537777723808912
sub-030,100,error,0,407.8138718224258,-2.5747534831394447
sub-030,101,error,0,459.13262712964195,-1.8886313992081984
sub-030,102,correct,1,507.40741759397116,1.717947276167104
sub-030,103,correct,1,544.3559558983906,-1.6195143746852776
sub-030,104,correct,1,335.50344314522994,3.666467795563635
sub-030,105,error,0,289.5480868668062,-4.32410712715188
sub-030,106,error,0,508.7718760801853,-6.8311924782289175
sub-030,107,correct,1,440.5483064228517,-1.3546679645392232
sub-030,108,correct,1,510.6936656439773,1.3127287457874672
sub-030,109,correct,1,298.49257992087144,-1.3932764210222088
sub-030,110,correct,1,537.2291002318022,-0.7907993003392951
sub-030,111,correct,1,450.2320694237304,-1.0882261129783282
sub-030,112,correct,1,519.6848037472134,-0.19308761414532927
sub-030,113,error,0,506.0438950303614,-2.1489004259503934
sub-030,114,error,0,390.4310082439162,-2.371855715420997
sub-030,115,error,0,464.257968597679,-3.1434082065898483
sub-030,116,correct,1,292.55050644221546,1.0562363945126898
sub-030,117,correct,1,401.93223278693864,-2.2254331593510557
sub-030,118,correct,1,381.9866896031803,-0.8285173817044333
sub-030,119,correct,1,404.49577767822643,2.6919960663598377
sub-030,120,correct,1,531.6396908888713,0.19621682053783773
sub-030,121,correct,1,435.71288906775067,-3.0916650956748586
sub-030,122,correct,1,469.86746679840576,1.4161943442135176
sub-030,123,correct,1,522.166698235704,0.6214608493654858
sub-030,124,correct,1,545.8098769291387,1.8354837046554584
sub-030,125,correct,1,354.753318405948,1.1382179627120188
sub-030,126,correct,1,458.79462246575616,-5.1941300230816125
sub-030,127,correct,1,370.99578062552166,-3.566917013485041
sub-030,128,correct,1,364.27441656766075,0.7513827838490021
sub-030,129,correct,1,456.3014996081149,-0.8693960193302614
sub-030,130,correct,1,449.2777008252696,-1.2734554444535324
sub-030,131,correct,1,334.85503630471214,-4.418631764379723
sub-030,132,correct,1,413.05220617888386,-0.7441744695636974
sub-030,133,correct,1,414.44245629708007,-1.5540911950719507
sub-030,134,correct,1,579.7030125695443,-2.208653154569111
sub-030,135,correct,1,511.72230400466196,-0.5345133360902609
sub-030,136,correct,1,408.8824564843647,0.7333528420118212
sub-030,137,correct,1,576.8758579005753,0.2301137175406317
sub-030,138,correct,1,450.3860847229925,-2.4194398530012045
sub-030,139,correct,1,371.27476785363444,-2.115694002971515
sub-030,140,correct,1,498.9230897114368,-1.8549042356814325
sub-030,141,correct,1,473.1036089850663,-0.440090185041737
sub-030,142,error,0,301.86868812390617,-5.160833703935388
sub-030,143,correct,1,484.00266501735723,-0.8361136582762556
sub-030,144,correct,1,509.4849224185495,-0.807811833779076
sub-030,145,correct,1,462.079180690584,0.08910636595846921
sub-030,146,correct,1,262.3196676709628,1.54128822889641
sub-030,147,correct,1,467.83355137725084,-0.04266968938255877
sub-030,148,correct,1,401.69351840304614,-4.234025673078266
sub-030,149,correct,1,546.5245996167068,3.3254735962306756
sub-030,150,correct,1,530.2237236943924,-1.6170128964003108
sub-030,151,error,0,454.37480078184575,-1.2764493361085425
sub-030,152,error,0,501.652435194217,-4.063852656624155
sub-030,153,correct,1,503.30285356034915,-5.441337946336578
sub-030,154,correct,1,549.0636864083933,2.153013638746478
sub-030,155,correct,1,506.93731893542287,-1.6916790363716971
sub-030,156,correct,1,492.6716817307236,-0.843379965625407
sub-030,157,correct,1,392.7897029472222,-4.189239500794095
sub-030,158,correct,1,455.5718956486097,-0.057240876401393526
sub-030,159,correct,1,546.9371465305918,-1.9369745288504667
sub-030,160,correct,1,508.35453782622426,-1.054345043791884
sub-031,1,error,0,479.36823726116467,-1.5366582180305106
sub-031,2,correct,1,519.5739302757252,1.9524760248974509
sub-031,3,error,0,502.81236533126463,-3.8526602661297096
sub-031,4,correct,1,448.15674705267196,-1.6671855529873392
sub-031,5,correct,1,360.1019623481177,4.1564613291106
sub-031,6,correct,1,425.24127126250653,-0.8764653281370398
sub-031,7,correct,1,618.6348784970139,4.089990248245389
sub-031,8,correct,1,435.5220790208217,-2.8953050995856167
sub-031,9,correct,1,522.8888346597427,-0.7041230174052209
sub-031,10,error,0,490.0535899366152,-3.387296838444261
sub-031,11,correct,1,645.4543592276862,0.3318330144978534
sub-031,12,error,0,513.4230131721268,0.027021571992551063
sub-031,13,correct,1,399.47351350648995,3.724796440202754
sub-031,14,correct,1,446.1598220966939,-2.9478980203135583
sub-031,15,correct,1,425.2548578299939,-5.476752320346681
sub-031,16,correct,1,363.5386855086546,-1.1298807284057422
sub-031,17,correct,1,417.79861812913896,-0.4330142190376247
sub-031,18,correct,1,322.2611019099346,-1.784066474153943
sub-031,19,correct,1,557.4066970508927,-2.3405923204707166
sub-031,20,correct,1,507.13686169664606,-1.848851913114387
sub-031,21,error,0,369.7390159346717,-2.2753745122010156
sub-031,22,correct,1,340.8402914051472,-2.7108037116993784
sub-031,23,correct,1,471.4806811149082,-1.770512804581526
sub-031,24,correct,1,512.4593517341787,1.0518390795393688
sub-031,25,correct,1,595.8589551147189,-3.5092562759277435
sub-031,26,error,0,359.3829666488699,-3.6589985703908443
sub-031,27,error,0,404.9077237799703,-3.6967261123140944
sub-031,28,error,0,336.8903590949833,-0.22613631406752432
sub-031,29,error,0,476.0045135437895,-4.2140234923180815
sub-031,30,correct,1,370.3116296142598,1.3041362209395426
sub-031,31,correct,1,475.6260192550643,-5.180369964502007
sub-031,32,correct,1,468.84525084230995,-0.6936236596971779
sub-031,33,correct,1,399.1920180704565,-1.5534957898297836
sub-031,34,error,0,439.3873721300403,-1.8329115075310318
sub-031,35,correct,1,399.4208150857886,1.4091153624188821
sub-031,36,correct,1,434.6135107974069,0.963923703359238
sub-031,37,correct,1,467.89979678796254,1.404579578003202
sub-031,38,correct,1,612.4948109567717,-2.429077657055972
sub-031,39,correct,1,466.6400015442021,-0.06602991452572748
sub-031,40,correct,1,425.2540471749047,2.2057213489121983
sub-031,41,correct,1,468.26642088761366,-4.105040540536482
sub-031,42,error,0,249.98181954933654,-0.8398687357320784
sub-031,43,correct,1,428.9691973582617,-6.425125400692214
sub-031,44,correct,1,346.41371145427973,-2.0592936290585815
sub-031,45,correct,1,540.3178398037975,-1.8006342768233723
sub-031,46,correct,1,318.77805055338257,-1.4236272206253322
sub-031,47,correct,1,507.93780533084845,0.954638965277546
sub-031,48,correct,1,403.3483385195816,-2.1706735625350793
sub-031,49,correct,1,431.6851665330233,0.9557912535512374
sub-031,50,correct,1,447.3486271215292,-3.771652138104651
sub-031,51,correct,1,530.8868373438204,-4.382946974462173
sub-031,52,correct,1,535.2819527634535,0.13818194506645232
sub-031,53,correct,1,466.332258468884,0.7207490441395334
sub-031,54,correct,1,324.12685085188957,-2.6897669226982988
sub-031,55,correct,1,470.84717261961504,-0.3475505888597096
sub-031,56,correct,1,354.899020583446,1.0347822035961094
sub-031,57,correct,1,558.8074838457221,-0.7039546718690695
sub-031,58,correct,1,492.665734817334,0.4043230128281756
sub-031,59,correct,1,512.1715938090505,-2.9769151036891826
sub-031,60,correct,1,532.5585524657245,0.37051228318990637
sub-031,61,correct,1,449.30937241742276,-0.2468404450477948
sub-031,62,correct,1,413.79587530847857,-0.2393778097310182
sub-031,63,correct,1,529.8248856814766,-1.890952971355969
sub-031,64,error,0,303.7224384137787,-3.104344177689027
sub-031,65,error,0,370.67318436581587,-1.0150491750050623
sub-031,66,correct,1,462.301429549778,-0.24792936112028763
sub-031,67,correct,1,315.09993940833,0.22932026081695733
sub-031,68,correct,1,543.9747812978926,-2.145941350046261
sub-031,69,correct,1,513.1505681499686,-4.595309547793825
sub-031,70,correct,1,450.70411757598475,-2.5267516842676443
sub-031,71,correct,1,507.0335779389304,-1.3681807135648856
sub-031,72,correct,1,535.2675530851149,-0.5630211071856661
sub-031,73,correct,1,298.2709263500127,-1.4920266608112678
sub-031,74,correct,1,427.3158715492658,-3.721401092832103
sub-031,75,correct,1,363.861276530552,-0.03025315840073739
sub-031,76,correct,1,432.5973482281945,2.518569573337828
sub-031,77,correct,1,527.1534115672987,-3.132484643360411
sub-031,78,correct,1,478.0340989847484,0.4333043544185078
sub-031,79,correct,1,387.2664749712642,0.037303705911715834
sub-031,80,error,0,334.8925801187712,-1.8989006407108073
sub-031,81,correct,1,396.838815252289,2.77115052937628
sub-031,82,correct,1,466.51679125742464,-0.5421710805871458
sub-031,83,correct,1,430.0496662354817,-0.252286017285421
sub-031,84,correct,1,529.3991501053437,0.6730568860474151
sub-031,85,correct,1,429.34527601349356,-4.090013342922915
sub-031,86,correct,1,327.58224445777125,-4.698860558883451
sub-031,87,correct,1,510.503961614496,-0.7585293152505186
sub-031,88,correct,1,352.68462970597534,3.468414878703321
sub-031,89,correct,1,437.9874376817079,0.5094624728765191
sub-031,90,correct,1,492.6626574619949,0.11364675475856889
sub-031,91,correct,1,375.65859162933396,-5.589924799032211
sub-031,92,correct,1,519.509842077921,-3.6455286738013983
sub-031,93,error,0,367.06741002886406,-3.564754078317235
sub-031,94,correct,1,479.0989752104892,-0.689710925109415
sub-031,95,correct,1,298.0178775374018,-1.3724593969253638
sub-031,96,correct,1,377.6812069569594,1.1938144003592
sub-031,97,correct,1,571.4814607621464,1.3229452049080217
sub-031,98,correct,1,484.0481231628542,-1.5112112869515668
sub-031,99,correct,1,650.246215474792,-0.7178690963226271
sub-031,100,correct,1,462.1768019933597,-5.111512254360732
sub-031,101,correct,1,545.3591892197412,1.3733342779718967
sub-031,102,correct,1,500.14992088535695,-1.260234835177923
sub-031,103,correct,1,494.877272092845,-1.761594154603026
sub-031,104,correct,1,432.08935724379245,-1.799415557183808
sub-031,105,correct,1,515.5619605891441,-1.8881074377185758
sub-031,106,correct,1,482.6993146245653,-1.3061509229119725
sub-031,107,error,0,413.26976108624024,-3.9804286904683672
sub-031,108,correct,1,499.23776484699926,-1.3790285435482386
sub-031,109,correct,1,385.8410858472067,-0.1519532024403628
sub-031,110,correct,1,584.9573884327516,-3.3639198930351366
sub-031,111,error,0,477.06388999181917,-3.3854188424979945
sub-031,112,correct,1,500.18680491411135,-0.2014062506804375
sub-031,113,correct,1,414.97383605121786,-2.6317579035107492
sub-031,114,correct,1,410.26477474881676,-0.0048068328454853315
sub-031,115,correct,1,417.4579008675374,1.0840593661127775
sub-031,116,correct,1,402.2640051645018,-0.31194866611709915
sub-031,117,correct,1,484.15770779022245,1.6315347285410453
sub-031,118,correct,1,406.96432110595237,-0.7482322959803253
sub-031,119,correct,1,458.2523195858996,0.8691576151494678
sub-031,120,correct,1,425.2781267236758,0.16296163291818044
sub-031,121,correct,1,467.357279719864,-1.1670414858481113
sub-031,122,error,0,408.02471586303744,-0.09401250500920355
sub-031,123,correct,1,547.2800425792783,-3.4751802588061294
sub-031,124,error,0,354.342195320212,-2.6291274281580477
sub-031,125,correct,1,420.7773630678392,-0.5168977032858938
sub-031,126,correct,1,552.5438414150053,0.8864264957346104
sub-031,127,correct,1,489.02853057818277,-2.4367208709367754
sub-031,128,correct,1,525.7018604485115,-0.9540411953200636
sub-031,129,correct,1,476.63260999562044,5.318258377307236
sub-031,130,correct,1,544.992448678084,2.1953821520093078
sub-031,131,correct,1,579.954317659839,-2.6395387986008485
sub-031,132,correct,1,518.0656603165504,-3.0123382443590936
sub-031,133,correct,1,494.7508009642659,-0.6859707583499626
sub-031,134,correct,1,484.2425349009179,-2.9335697368973475
sub-031,135,correct,1,544.1812053576447,2.495806522375724
sub-031,136,error,0,520.0083000076161,-3.637934956709089
sub-031,137,correct,1,410.9324701767989,2.9925937613051516
sub-031,138,correct,1,331.1914382367329,-4.199152128342436
sub-031,139,correct,1,435.0070021217923,-0.6274150923942792
sub-031,140,correct,1,514.7115519669694,-1.7284177322138299
sub-031,141,correct,1,409.7826313844233,0.3274678029897682
sub-031,142,error,0,414.4679560498518,-4.21345104227527
sub-031,143,correct,1,570.1658962185053,-2.436054511692402
sub-031,144,correct,1,511.490740416837,3.325886398549245
sub-031,145,correct,1,497.3053922758581,-1.191912601935036
sub-031,146,correct,1,405.9987008368902,-1.4721964553754652
sub-031,147,correct,1,378.8270109709839,-0.19686528926888336
sub-031,148,error,0,477.15718745872465,-5.04395075209396
sub-031,149,correct,1,563.7710594811535,-1.59190800731839
sub-031,150,error,0,461.94987806282217,-4.4594586756871335
sub-031,151,correct,1,590.6451900166403,1.0154375264814768
sub-031,152,correct,1,466.2204837509819,-1.9805593235812524
sub-031,153,correct,1,504.02061049422406,1.118676032835914
sub-031,154,error,0,398.97459607021057,-3.11171098801448
sub-031,155,correct,1,527.3591838895603,-0.5470662727013759
sub-031,156,correct,1,395.17376794423427,-1.7802878331916843
sub-031,157,correct,1,433.54297143109676,-0.5329326959096936
sub-031,158,correct,1,571.7205989323888,-0.6564830330104986
sub-031,159,correct,1,456.1171292644431,-2.2386183648545703
sub-031,160,correct,1,459.3688163417646,-3.76352839289327
sub-032,1,correct,1,395.511789152845,1.275820211390247
sub-032,2,error,0,454.9446841469827,1.7930482036294304
sub-032,3,error,0,465.54558124050897,-1.0074073317502874
sub-032,4,correct,1,483.16764649022,-1.454134220032655
sub-032,5,error,0,350.484141783028,-0.23587067255436245
sub-032,6,error,0,304.1986230534183,0.29085311012904524
sub-032,7,correct,1,415.0374675296397,-1.34840339615799
sub-032,8,correct,1,382.7528930955349,-2.299601738164101
sub-032,9,correct,1,363.6496438990343,1.1504621156664832
sub-032,10,correct,1,337.76603378119614,1.7242771091104552
sub-032,11,correct,1,575.2863561977912,0.702725965004484
sub-032,12,correct,1,418.9814772350768,-1.1908297801514005
sub-032,13,correct,1,467.5748584864617,-0.7901555917947467
sub-032,14,correct,1,464.5050780224951,-2.005499771096517
sub-032,15,correct,1,458.47116811283604,1.9311583880506866
sub-032,16,correct,1,530.8260074443269,-1.193841541273898
sub-032,17,correct,1,451.76183663245325,-2.1628971176073946
sub-032,18,correct,1,485.2865900629429,0.13824699495702486
sub-032,19,correct,1,539.257500723414,-1.3638967854440565
sub-032,20,correct,1,561.7672816108926,-0.5638773109945354
sub-032,21,correct,1,448.21817618559226,-3.6415937460996375
sub-032,22,correct,1,464.51041879633704,1.183848661612671
sub-032,23,correct,1,548.5529253390197,1.1086750951419635
sub-032,24,correct,1,452.39644126730724,0.9119586930155007
sub-032,25,correct,1,521.7823577505857,-0.3492997235841529
sub-032,26,error,0,411.73254360061924,-2.114890627186199
sub-032,27,correct,1,363.1931456882602,-3.1601923890237558
sub-032,28,error,0,339.9064594867033,-3.8491156616008184
sub-032,29,correct,1,574.7818879232655,-1.810331170723789
sub-032,30,correct,1,533.9644568663214,-0.554598004140082
sub-032,31,correct,1,381.3499486658898,1.9310342653167853
sub-032,32,error,0,325.6678216176539,-2.4878610052944903
sub-032,33,error,0,493.18971742273,-1.0574624529836893
sub-032,34,correct,1,345.8862861024446,4.230366322817815
sub-032,35,correct,1,486.5560417887854,-0.398997959538974
sub-032,36,correct,1,495.681977858935,-2.3240611850725506
sub-032,37,correct,1,489.14501760664365,-0.6806902233321642
sub-032,38,correct,1,377.38808763785664,-0.0921902989045087
sub-032,39,correct,1,511.4185013387571,-1.8621744195700858
sub-032,40,correct,1,441.26100468654096,-2.767617873352176
sub-032,41,error,0,371.39338757610125,0.4933627223114845
sub-032,42,correct,1,545.14105610057,-2.53794608496119
sub-032,43,correct,1,489.4601095957433,-1.6150527902035225
sub-032,44,error,0,411.7085567386227,-3.7394900512998324
sub-032,45,correct,1,363.1932102446074,-1.54264172447201
sub-032,46,correct,1,387.4308408543442,0.8794302108317246
sub-032,47,correct,1,451.65591494631667,-1.5289237358836587
sub-032,48,correct,1,490.20521620506304,-1.2818288315668545
sub-032,49,correct,1,439.9491289081423,0.6966087605398804
sub-032,50,correct,1,525.2766388535961,0.060029918312317965
sub-032,51,correct,1,474.13067759783735,-2.6787524367268625
sub-032,52,correct,1,396.3966731150955,-2.2708317410403698
sub-032,53,correct,1,508.5735870518568,-1.7274921227732576
sub-032,54,correct,1,421.8371614496203,-0.7184129596792199
sub-032,55,error,0,392.2370842820354,0.14771821537513175
sub-032,56,correct,1,481.28738338027836,2.2402795451752784
sub-032,57,correct,1,493.2272887655103,-4.323833013683698
sub-032,58,correct,1,451.6473415155469,4.536052050738185
sub-032,59,correct,1,417.13134125642887,0.5210349745773936
sub-032,60,correct,1,507.5468116777099,-1.4806030821048903
sub-032,61,correct,1,472.78541638951964,-1.871428676882188
sub-032,62,correct,1,502.6883494032634,0.2985361930361107
sub-032,63,correct,1,510.7829594381366,1.7140081092609836
sub-032,64,error,0,402.9475538402924,0.2651621047104893
sub-032,65,error,0,365.37791087555473,-2.0829578085815
sub-032,66,correct,1,451.7051176257515,-1.0186075891029542
sub-032,67,correct,1,355.04864732040846,-2.186175586591466
sub-032,68,correct,1,416.16941484156274,0.031378724938595504
sub-032,69,error,0,477.46940318952454,-0.26100952795501564
sub-032,70,correct,1,254.70683191483968,0.8743998253635977
sub-032,71,correct,1,519.8551507955166,0.8690098112387218
sub-032,72,correct,1,449.4930671437334,1.400284757353659
sub-032,73,correct,1,603.1253339061757,2.94123549246199
sub-032,74,correct,1,478.15572809145186,-2.290055530681135
sub-032,75,error,0,323.84435081323676,-1.781251521862266
sub-032,76,correct,1,470.8183377964011,-0.17753164319989478
sub-032,77,correct,1,488.8749550936887,-3.4472313927559024
sub-032,78,correct,1,510.0286577699136,-2.74703126514147
sub-032,79,correct,1,404.1221619374784,1.721121082744708
sub-032,80,correct,1,433.81968594119576,-0.1849721599105527
sub-032,81,correct,1,599.9935580387979,2.1035354335411336
sub-032,82,correct,1,335.3457874503294,0.04642398839250078
sub-032,83,correct,1,356.32535898988516,1.318045157947017
sub-032,84,correct,1,417.6425152668669,-3.448027629835912
sub-032,85,correct,1,477.11860627441604,-1.8406274807907255
sub-032,86,correct,1,289.59048567559535,-1.8328814835980491
sub-032,87,correct,1,512.5205739307789,-0.4844548111025173
sub-032,88,correct,1,593.8367885232183,1.9692458867297962
sub-032,89,correct,1,380.26921584248424,-2.4905659588731166
sub-032,90,correct,1,415.1288957360698,-1.2405208467335622
sub-032,91,correct,1,375.818360483716,-2.3142430059036956
sub-032,92,correct,1,370.32233955639816,1.023585621054568
sub-032,93,error,0,469.8144994762895,-1.8971030425842343
sub-032,94,correct,1,530.8445097513819,-1.609845883643139
sub-032,95,correct,1,515.2334937107553,-0.6333843971134208
sub-032,96,correct,1,472.923141235483,-1.6530792655644007
sub-032,97,correct,1,469.80603324242975,-0.24392298014892627
sub-032,98,correct,1,434.2336464927205,-1.642930268804827
sub-032,99,error,0,336.20513289502753,-1.9926411924932754
sub-032,100,correct,1,373.7179372717919,-0.6755441362579018
sub-032,101,correct,1,376.8033568138946,-1.1003611814652299
sub-032,102,correct,1,444.79298004234147,-1.5379599153401515
sub-032,103,correct,1,534.8359825150015,0.2636673366213633
sub-032,104,correct,1,431.90282453619864,-0.4951022282936083
sub-032,105,correct,1,590.3283391020187,-0.8148175562955999
sub-032,106,error,0,450.80987177973657,-1.6494159111183795
sub-032,107,correct,1,516.2420239976904,-0.7536662698243243
sub-032,108,correct,1,495.0481804778563,-0.6850539462411604
sub-032,109,correct,1,493.2866950290231,0.5560630067591318
sub-032,110,correct,1,524.4561912687656,-3.40838728726536
sub-032,111,correct,1,646.5549547007795,-4.716705929569747
sub-032,112,correct,1,582.132505455554,-0.36150079617345465
sub-032,113,error,0,191.07157706198421,1.7884663873850917
sub-032,114,correct,1,458.8867163201973,-2.1397343124990353
sub-032,115,correct,1,463.8956960642549,2.1783416805116085
sub-032,116,error,0,307.8539908425432,1.9135694455095518
sub-032,117,correct,1,450.51070522791673,-2.24122760954525
sub-032,118,correct,1,428.9149273541898,3.181844192001685
sub-032,119,error,0,424.7332197925357,0.17011037510860105
sub-032,120,correct,1,385.89329387237285,-0.9043078863205413
sub-032,121,correct,1,357.25187774958954,0.0752101516107394
sub-032,122,correct,1,468.2614672897229,1.1123606607113126
sub-032,123,correct,1,393.32405565841435,-3.32992980911221
sub-032,124,correct,1,329.86850161476764,-4.749961252034451
sub-032,125,error,0,429.00790259905875,0.45822498439191284
sub-032,126,correct,1,567.1802512207637,-2.0908433650924536
sub-032,127,correct,1,394.82044480020096,0.49015477381059147
sub-032,128,correct,1,513.7890668727392,-3.915142350709749
sub-032,129,correct,1,430.72598957516766,1.7028227368079958
sub-032,130,correct,1,539.7023180201927,2.751885262518706
sub-032,131,correct,1,429.93016346663796,0.039867561684693464
sub-032,132,error,0,370.89962574158204,1.185263140587531
sub-032,133,correct,1,502.301447822655,-3.032416884509563
sub-032,134,correct,1,468.15711019336743,-3.9266121879165015
sub-032,135,correct,1,422.30566728927414,-3.527905670705901
sub-032,136,correct,1,471.85498754176484,0.26498007475700147
sub-032,137,correct,1,556.6819910410136,-0.13519030331941556
sub-032,138,correct,1,429.24135920978165,0.8487880405946365
sub-032,139,error,0,490.1126973806788,-1.2103925043366468
sub-032,140,error,0,452.1866985881283,-2.7093454624742943
sub-032,141,correct,1,508.19222357766887,-3.030764753659241
sub-032,142,correct,1,560.6617290908032,-4.165659271170006
sub-032,143,correct,1,500.4335997269904,-0.7415653339431544
sub-032,144,correct,1,419.0730282857668,-3.2773800852215107
sub-032,145,error,0,439.2663805172725,0.41542697083881275
sub-032,146,correct,1,480.94044708120066,1.2080009480613056
sub-032,147,correct,1,462.4499700675793,-1.8431251562811761
sub-032,148,error,0,458.5562761636687,-1.5214962089573925
sub-032,149,correct,1,413.42956516044444,1.033037663862928
sub-032,150,correct,1,468.3151469485543,-0.9720352393441645
sub-032,151,correct,1,486.0690772599167,-1.8828257417824656
sub-032,152,correct,1,548.7830569068494,-1.4526919316893308
sub-032,153,correct,1,407.9862812649397,0.02345933670185224
sub-032,154,correct,1,508.7711473362989,-3.0141220717288197
sub-032,155,correct,1,425.76888028352465,-1.3139452506377554
sub-032,156,correct,1,584.9260304176964,-4.573545342891767
sub-032,157,correct,1,395.19325845502107,-1.5183047986454858
sub-032,158,correct,1,361.3836374056105,0.6314971459595772
sub-032,159,correct,1,607.9018854948622,-2.620631078145161
sub-032,160,correct,1,459.2872496442949,0.08853693237352789
sub-033,1,correct,1,483.56470813412284,-0.6965405208522457
sub-033,2,correct,1,610.4774060193449,-1.6882552169189033
sub-033,3,correct,1,457.83452421742743,-1.4685530919065541
sub-033,4,correct,1,477.5167347321291,-0.4900771369011724
sub-033,5,error,0,395.5794329303735,-0.5861338720408094
sub-033,6,correct,1,398.0761933151392,-1.6534752797507035
sub-033,7,correct,1,460.0522575118561,-2.1832713682497125
sub-033,8,correct,1,311.9929856570993,-2.1058902510799484
sub-033,9,correct,1,549.9520988326343,-1.8702700971144013
sub-033,10,error,0,556.8767809621378,-2.5494814536834824
sub-033,11,correct,1,451.26501438357315,-2.1671967526436293
sub-033,12,correct,1,479.60194128003786,-2.584311965340635
sub-033,13,error,0,330.74677859691565,0.9190891857562755
sub-033,14,correct,1,442.52820027686266,-0.39561402280633406
sub-033,15,correct,1,518.8773344043008,0.6874883762282529
sub-033,16,error,0,434.408540980054,-3.1743753206870133
sub-033,17,correct,1,432.47676322415236,1.4060165225171397
sub-033,18,correct,1,604.1093709182148,-4.792034999829053
sub-033,19,correct,1,452.32917889055824,-0.3898738575348268
sub-033,20,correct,1,566.5007607791491,0.5878681830662347
sub-033,21,correct,1,517.5073868478156,-1.0299854104641606
sub-033,22,error,0,467.55397871792155,-0.7976205334004804
sub-033,23,error,0,448.07505588592,-0.8302268605577243
sub-033,24,correct,1,540.4326523330612,-2.317239457475262
sub-033,25,correct,1,589.0229159103203,1.297342803271243
sub-033,26,correct,1,378.19314532511544,4.156643097337564
sub-033,27,error,0,403.9700163791643,-1.2442437729187579
sub-033,28,correct,1,494.89853617388314,-1.4725877084366987
sub-033,29,correct,1,457.0695963731222,0.3694104090137312
sub-033,30,correct,1,563.1857472847579,-1.9371447129952168
sub-033,31,correct,1,319.8803649250174,3.2465723139936555
sub-033,32,correct,1,344.3487301687296,-2.086925044799953
sub-033,33,correct,1,526.8378993535091,-0.5857287891042852
sub-033,34,error,0,530.1234948168327,-0.21016991384837747
sub-033,35,correct,1,356.4469143856565,1.1784085507468776
sub-033,36,correct,1,483.8570146899638,1.0871251240737183
sub-033,37,correct,1,466.7740358198325,-6.234359494582458
sub-033,38,correct,1,523.3174256972737,-2.485231927148898
sub-033,39,correct,1,414.774431760001,1.6469126340978981
sub-033,40,correct,1,467.95339272255717,1.502659336058961
sub-033,41,error,0,336.11238299529816,-0.8949119372937031
sub-033,42,correct,1,441.30504478661544,1.0377684462103944
sub-033,43,correct,1,505.1719097214953,0.2624712946782441
sub-033,44,correct,1,408.4777517391455,-4.741126544089748
sub-033,45,error,0,392.55168971769683,-2.4199585527683274
sub-033,46,correct,1,378.75412347707015,-0.5449066984226305
sub-033,47,correct,1,551.4917951252071,-2.364088320123129
sub-033,48,error,0,522.1924223263682,-1.5548137624912193
sub-033,49,error,0,356.04327062123974,-0.6160533589880757
sub-033,50,correct,1,475.7354464504721,-0.8307324887239371
sub-033,51,correct,1,548.3902639815176,-3.1963732698641607
sub-033,52,correct,1,463.0111539450728,-2.609822668043792
sub-033,53,correct,1,546.7837090005274,-4.669302406160858
sub-033,54,correct,1,551.7625776171421,0.33007443915834694
sub-033,55,correct,1,485.19961853061085,-1.7790644624466982
sub-033,56,correct,1,343.6311181433379,-0.466186770194166
sub-033,57,correct,1,560.3740991005903,-1.0926624656859178
sub-033,58,correct,1,391.253906151391,-2.974672185247593
sub-033,59,correct,1,419.70348694034976,1.0320262123608661
sub-033,60,correct,1,576.4628933024902,-1.7674305718659673
sub-033,61,correct,1,416.2733879348264,-4.126003315185959
sub-033,62,correct,1,302.31990332076924,1.1045847451095863
sub-033,63,correct,1,504.840279094178,-1.3239512124460122
sub-033,64,correct,1,500.34235493565575,-0.9302942355871933
sub-033,65,correct,1,469.7228829421477,-2.498093210997412
sub-033,66,correct,1,336.91704756263323,-0.5757294890309911
sub-033,67,error,0,495.0092434230894,-3.807626383940346
sub-033,68,correct,1,538.5389579073367,0.46749008512862206
sub-033,69,error,0,303.4873021989167,-2.2885063469431484
sub-033,70,correct,1,529.2227075733241,-0.6676021845762559
sub-033,71,correct,1,622.0072412112395,0.5243031399355826
sub-033,72,error,0,372.7823803750584,-2.413456037151793
sub-033,73,correct,1,467.40967245646846,0.46356873775559154
sub-033,74,correct,1,534.6020169061186,0.8494321199581958
sub-033,75,correct,1,518.2970797240348,4.6641300054072365
sub-033,76,correct,1,365.28786403074275,3.481519903707895
sub-033,77,error,0,598.9729913397167,0.39476862271282753
sub-033,78,error,0,480.4559186123587,-2.512273342350886
sub-033,79,correct,1,537.4776728732485,-4.8106185326545745
sub-033,80,correct,1,503.9547339356278,-0.7971354717281413
sub-033,81,correct,1,470.57692496002977,-1.603639797146837
sub-033,82,correct,1,480.9076131889657,-0.7186101418994908
sub-033,83,correct,1,446.77826493797033,0.3573812278402089
sub-033,84,correct,1,560.0155150050365,2.9497776115103003
sub-033,85,correct,1,689.5026152082435,0.12471164054494482
sub-033,86,correct,1,455.66459460265395,-0.10625694848384065
sub-033,87,correct,1,445.8793804536848,-2.691032995962859
sub-033,88,correct,1,748.7122049121081,1.9350796590046238
sub-033,89,correct,1,386.05493720034474,-0.3508278945948877
sub-033,90,correct,1,582.3327064843776,-2.0035872615746455
sub-033,91,error,0,388.6377784978669,-0.5701170160713365
sub-033,92,correct,1,310.0941641251666,1.7741115027802001
sub-033,93,correct,1,478.9194459220281,-0.2603708683088771
sub-033,94,correct,1,481.61012892908406,-1.3522398030578389
sub-033,95,correct,1,443.48616124889116,-3.0862737909296585
sub-033,96,correct,1,609.9512928317288,-0.8881265009705623
sub-033,97,error,0,395.4324979900016,1.6774776363927442
sub-033,98,correct,1,440.0448113246723,1.577826605525955
sub-033,99,error,0,471.92739182752285,-2.881311683589275
sub-033,100,correct,1,434.65469457174925,4.380146508598587
sub-033,101,correct,1,540.7733395612563,3.063652618299812
sub-033,102,correct,1,552.896817383062,-4.2274117535856455
sub-033,103,correct,1,507.10971129224856,-0.433046869878804
sub-033,104,error,0,449.61850006204276,1.6266492474816567
sub-033,105,error,0,518.6732341033469,-1.107162219999443
sub-033,106,correct,1,522.6277186596393,0.8700111376966142
sub-033,107,error,0,212.9922918389567,-3.271488297962488
sub-033,108,error,0,373.7186016485216,-1.4609627209265579
sub-033,109,correct,1,421.39971200458615,-2.3832900247974154
sub-033,110,correct,1,565.3542051655731,-2.5409307879584198
sub-033,111,correct,1,490.62968336287486,-2.874258305316784
sub-033,112,correct,1,402.0864256605074,0.39375243130608123
sub-033,113,correct,1,457.6320267664633,-2.64206117396544
sub-033,114,correct,1,476.49015721051546,-4.769914586377987
sub-033,115,correct,1,524.638231428068,0.7431953248666452
sub-033,116,correct,1,536.2321564883068,0.5537919999422538
sub-033,117,correct,1,438.23892174781963,-2.7044513266538854
sub-033,118,correct,1,503.7281900650015,-2.550415706120711
sub-033,119,correct,1,485.62151580297535,-0.9448331877705256
sub-033,120,correct,1,384.77064736084026,1.7805578771762454
sub-033,121,correct,1,454.2797285214967,1.2503169274658188
sub-033,122,error,0,458.3309690582832,-2.0586064907515493
sub-033,123,error,0,389.5693157710491,1.5366672721184427
sub-033,124,correct,1,393.5880005784439,-1.048569214604066
sub-033,125,correct,1,431.98320016163746,-1.5996597057572572
sub-033,126,correct,1,360.6491954233622,-2.246782601212726
sub-033,127,error,0,367.4117017066424,-1.993897370975596
sub-033,128,correct,1,504.36302153653565,-0.20404075273758768
sub-033,129,correct,1,574.0788293885068,-1.2384970654053054
sub-033,130,error,0,458.4823138388797,-3.5419233895643885
sub-033,131,correct,1,490.7734206580128,1.6346179315542533
sub-033,132,correct,1,545.697485305293,1.8289060160366324
sub-033,133,correct,1,372.2680049518802,-1.6226261320496047
sub-033,134,error,0,381.93625039577313,-0.8618864372323315
sub-033,135,correct,1,422.6723128595524,-3.400860453014801
sub-033,136,correct,1,487.39916022849326,3.213778401046983
sub-033,137,error,0,617.1915409490985,-1.1510644309659408
sub-033,138,error,0,250.10398049361768,0.49946480181245856
sub-033,139,correct,1,440.02292395125613,-2.2129725559674798
sub-033,140,correct,1,486.01378345472506,-2.6488473098387724
sub-033,141,correct,1,486.8586799067454,-1.03654155423514
sub-033,142,correct,1,371.57854951483387,-2.150949416479427
sub-033,143,correct,1,505.30159965946706,-0.5306667223472851
sub-033,144,correct,1,453.58523983201405,-1.4687672680542188
sub-033,145,correct,1,472.2322893675932,-0.7432572807720328
sub-033,146,correct,1,485.9392637435172,-0.7766850238090794
sub-033,147,correct,1,712.6231619216651,-1.9086630779234315
sub-033,148,correct,1,678.6017953765279,-1.1793773846563707
sub-033,149,correct,1,602.3869232864016,0.23591324751275972
sub-033,150,correct,1,399.1479825421898,-0.10207306749490991
sub-033,151,correct,1,461.04672019421156,-1.2679259776423315
sub-033,152,correct,1,579.9249598023672,-1.5400468698818575
sub-033,153,correct,1,372.2218545236849,-1.601693025010691
sub-033,154,error,0,414.19202518289103,-0.8483117796274164
sub-033,155,error,0,453.2059131669642,1.1422070154547883
sub-033,156,correct,1,442.17736260597786,0.13321361572703022
sub-033,157,correct,1,542.6486067484497,-1.6517763842364452
sub-033,158,correct,1,502.014435563232,3.7533015174036426
sub-033,159,correct,1,447.38005356369234,-0.9248996269244003
sub-033,160,correct,1,361.2403460762006,-4.564685675279341
sub-034,1,error,0,438.6052205457912,-3.3336450177685504
sub-034,2,correct,1,472.12873642783177,-0.8937714747372971
sub-034,3,correct,1,694.0158700665861,2.256242939407315
sub-034,4,correct,1,337.70298058343366,0.9817641430185831
sub-034,5,correct,1,353.2500873564515,-1.9245048784364576
sub-034,6,correct,1,493.9080441325432,-0.22131625501780972
sub-034,7,correct,1,619.2895700663128,1.9760926396554155
sub-034,8,correct,1,426.7002645212975,-2.354756422168167
sub-034,9,correct,1,442.35421522564167,2.0049493785933983
sub-034,10,correct,1,313.4763754072436,-3.6431163558699593
sub-034,11,correct,1,441.0006055622574,-1.2086090695872966
sub-034,12,correct,1,473.3657474188891,-0.33188444152557967
sub-034,13,correct,1,388.016631512581,-6.615969923240339
sub-034,14,correct,1,452.4749101939254,-3.2098229165782284
sub-034,15,correct,1,349.61151353466545,-3.4283798240918655
sub-034,16,correct,1,671.1903276865172,-1.7305400710265229
sub-034,17,correct,1,422.4199937934564,-2.2747118670940427
sub-034,18,correct,1,587.4855468392334,-3.356249017821888
sub-034,19,correct,1,428.6659227300534,-0.5547434982492355
sub-034,20,error,0,452.5089388708062,0.0501814220773662
sub-034,21,correct,1,528.033140564316,-2.4222730769288603
sub-034,22,error,0,374.6669931390673,-4.113862690290256
sub-034,23,correct,1,597.2815772841129,1.169194074512985
sub-034,24,correct,1,273.5929868061201,3.979299506538559
sub-034,25,correct,1,508.2311632628814,-3.525939980165453
sub-034,26,correct,1,600.8339815703639,-1.0542068144459638
sub-034,27,error,0,412.0444927208232,-5.375402374173639
sub-034,28,correct,1,514.6881359757209,-4.414367890023971
sub-034,29,correct,1,539.1252512624204,-1.5392776782838942
sub-034,30,error,0,485.8526819577529,-0.4654825611539861
sub-034,31,correct,1,382.53101225689346,0.11991374022620727
sub-034,32,correct,1,354.7530535537278,-1.7025122482640562
sub-034,33,error,0,300.1127011581434,-3.3552253761579283
sub-034,34,error,0,305.97820246888875,-3.32776709096479
sub-034,35,error,0,434.5813147162502,-1.341153499865496
sub-034,36,correct,1,602.7413368444172,1.5994337803217522
sub-034,37,correct,1,531.1644574723659,3.565697343663529
sub-034,38,correct,1,369.7303142620413,-0.8740389276971997
sub-034,39,correct,1,515.1994488591068,0.03714600131668311
sub-034,40,correct,1,417.119240594587,-1.2221801777628465
sub-034,41,correct,1,294.46472270732494,3.3873250843575446
sub-034,42,correct,1,517.1477351511485,0.40086435082064864
sub-034,43,correct,1,503.69228542607186,-2.4119000602123517
sub-034,44,error,0,429.1871923675932,-1.7527721571964794
sub-034,45,correct,1,495.90050630370337,-0.28951525048438437
sub-034,46,correct,1,466.46152850529535,0.25762064309185706
sub-034,47,error,0,491.0731973658973,-4.4328805334483175
sub-034,48,correct,1,416.57415034195225,1.4184913995513873
sub-034,49,error,0,468.93582816010934,-1.6766451397443343
sub-034,50,error,0,555.7711631066476,-3.7233511351551014
sub-034,51,correct,1,513.3183050985298,2.3601180643319637
sub-034,52,error,0,399.0809784011023,-6.2907887138947185
sub-034,53,correct,1,362.7246432192759,-4.690886806721558
sub-034,54,correct,1,430.8591464001614,-5.100951297983364
sub-034,55,correct,1,655.4771064257754,-2.70249475655824
sub-034,56,correct,1,536.2252903738628,-2.7062641198071686
sub-034,57,error,0,422.8566531529683,-4.783027824043771
sub-034,58,correct,1,438.5619317481591,-1.146817007967881
sub-034,59,correct,1,379.8964377819122,-3.847008728239878
sub-034,60,correct,1,428.64955204808683,2.6700719691190278
sub-034,61,correct,1,473.3118616884725,-0.6943892543395589
sub-034,62,correct,1,444.5403351827332,-1.5668709516863162
sub-034,63,correct,1,514.0914192121588,-2.372328022348665
sub-034,64,correct,1,573.9540671852977,-0.49872725865703277
sub-034,65,correct,1,457.9115882265747,0.9956118172040989
sub-034,66,correct,1,518.28212299646,1.6975347692654152
sub-034,67,correct,1,525.7746633911747,1.1610161156066505
sub-034,68,error,0,523.7759239285016,-4.154107012144788
sub-034,69,correct,1,536.0354312916862,-1.488195336854363
sub-034,70,correct,1,364.69218982474666,-0.8003737982948123
sub-034,71,correct,1,530.9120301851985,1.159654545960846
sub-034,72,correct,1,400.5734739270381,1.2941009726166122
sub-034,73,correct,1,364.12251600825374,-1.0102513358071203
sub-034,74,correct,1,561.7656999430983,-4.267575470713165
sub-034,75,correct,1,574.2030477876116,-0.6890268054852122
sub-034,76,correct,1,444.7226339232545,-7.892524306814646
sub-034,77,error,0,393.7171966740183,-0.43997911313241067
sub-034,78,correct,1,586.7164612923712,-5.759011671321148
sub-034,79,correct,1,595.056816808659,-0.5175427050834773
sub-034,80,error,0,467.6536756602603,-1.018831179419704
sub-034,81,correct,1,558.7118208387841,-2.31304904547984
sub-034,82,correct,1,607.0557166785156,-2.0150485920317465
sub-034,83,correct,1,585.9408789499851,-1.9560177178392537
sub-034,84,correct,1,504.22956248546785,1.112388102702649
sub-034,85,correct,1,573.2248974651387,-3.8407357901809824
sub-034,86,correct,1,343.97190742758244,1.371726244906921
sub-034,87,correct,1,509.24027103778985,-0.6459902529660961
sub-034,88,error,0,454.81833203708726,-5.79784458297971
sub-034,89,correct,1,476.7350146239962,0.3861539244527934
sub-034,90,correct,1,572.1440175922457,4.4448964766739545
sub-034,91,correct,1,486.6270320764837,0.859571639395661
sub-034,92,error,0,408.33212471198823,-5.678973003589681
sub-034,93,correct,1,396.7800616761695,-4.258102772077796
sub-034,94,error,0,436.55013895082556,-0.08240588404973259
sub-034,95,correct,1,650.5252236799043,-2.184618858005841
sub-034,96,correct,1,518.5849912088061,-3.933016375786438
sub-034,97,correct,1,631.8459278306079,-0.2827498752101553
sub-034,98,correct,1,541.3133181048008,3.134423222224445
sub-034,99,correct,1,395.4476007302525,-1.437372724293776
sub-034,100,correct,1,618.2879955131252,0.8662016075484804
sub-034,101,correct,1,400.8650364286606,1.3362442352314152
sub-034,102,error,0,435.0733905988498,-3.7776482278974073
sub-034,103,error,0,457.2632451257874,-1.8423167858653164
sub-034,104,correct,1,559.7616988328269,-0.14671048151591015
sub-034,105,correct,1,421.07185631697956,-1.457087983751837
sub-034,106,error,0,482.5655306665235,0.4000122867631859
sub-034,107,error,0,490.83163576863876,-1.4930572774772541
sub-034,108,correct,1,419.55391455625954,-2.7502616200477474
sub-034,109,error,0,353.77419866861857,-2.7656634014350323
sub-034,110,correct,1,408.28205218093467,0.9502645407926704
sub-034,111,correct,1,474.47279339667523,-0.7060162229151355
sub-034,112,error,0,438.43089002266333,-5.3119686193333
sub-034,113,error,0,405.72999872925453,-0.3436280142689969
sub-034,114,correct,1,522.0734426672543,-0.6925902052830859
sub-034,115,correct,1,431.7750433044016,1.8595968994940393
sub-034,116,correct,1,579.6895709566606,1.129290064352139
sub-034,117,correct,1,456.0008998779951,2.6202356475288298
sub-034,118,error,0,316.6741285942623,-0.9532210783868149
sub-034,119,error,0,544.5457577533839,-1.26012130265452
sub-034,120,error,0,400.9993199603321,-1.1843932237686032
sub-034,121,error,0,454.51030640430383,-2.240362667732251
sub-034,122,correct,1,574.2370024450322,0.7539567711213639
sub-034,123,correct,1,436.1557062255185,-2.3684164646644126
sub-034,124,error,0,476.0414319068286,-3.972772195091596
sub-034,125,correct,1,375.4244962172659,-0.1797586172833402
sub-034,126,correct,1,452.63203940571753,1.1204686283129972
sub-034,127,correct,1,437.7102053155752,-0.8278671110099767
sub-034,128,correct,1,433.7005685781263,1.5032698572361942
sub-034,129,correct,1,439.6395482866349,-2.7648241354941883
sub-034,130,correct,1,484.6058826453585,-1.6601686827890447
sub-034,131,correct,1,474.3163743657263,0.9420451361803155
sub-034,132,correct,1,439.6279587716255,1.841854414605309
sub-034,133,error,0,397.4690021906583,-5.193979239916322
sub-034,134,correct,1,452.6744277479272,-1.2784671654247175
sub-034,135,correct,1,478.2209427076816,-1.2821203708355537
sub-034,136,error,0,303.31240467033393,-1.2221485710627027
sub-034,137,correct,1,538.5147208803388,-0.9377815281029513
sub-034,138,correct,1,271.5507870778548,-3.3627309810657815
sub-034,139,correct,1,525.0903318741924,-0.4858167895160819
sub-034,140,correct,1,547.6682389111616,0.875113911545665
sub-034,141,correct,1,422.2388886216562,0.053083150511327726
sub-034,142,correct,1,456.5142830643524,-2.188709332758388
sub-034,143,correct,1,592.6938199951404,-1.4557536291608066
sub-034,144,correct,1,535.8419685001165,-0.782005545830588
sub-034,145,error,0,590.2875386184037,-2.4266158547260788
sub-034,146,error,0,534.8326718332943,-6.799297952090544
sub-034,147,correct,1,409.7478614829856,2.427490624376099
sub-034,148,error,0,406.1176494514467,-3.707771549899074
sub-034,149,correct,1,469.12524510793133,0.10946902613897957
sub-034,150,error,0,334.79359544515927,-3.088351954217192
sub-034,151,correct,1,425.8228079687875,2.703755441464404
sub-034,152,correct,1,150.0,-0.6318071437381119
sub-034,153,correct,1,585.8372861787554,-4.112974326227802
sub-034,154,correct,1,395.08316807629774,-2.3807729326436755
sub-034,155,correct,1,511.3987917528361,-0.75131188299664
sub-034,156,correct,1,373.3656369066626,-3.044748716089389
sub-034,157,correct,1,423.7026944377124,-0.46164072562322367
sub-034,158,correct,1,500.7591293682731,-0.04688728258314612
sub-034,159,correct,1,632.3994501190714,-0.03803532067123261
sub-034,160,error,0,431.7636821259342,-2.061047475894271
sub-035,1,correct,1,430.8473759572069,1.3489338672374178
sub-035,2,correct,1,457.44224642178676,-4.715067701504457
sub-035,3,error,0,654.3644743814913,-4.535965516818562
sub-035,4,correct,1,375.59444250758526,-0.47653809666278807
sub-035,5,correct,1,443.5165276430234,-2.5465552150299224
sub-035,6,correct,1,542.623891179033,-1.6644147189118896
sub-035,7,correct,1,523.0285476198266,-1.2346219596364216
sub-035,8,correct,1,401.94756714259654,-2.0409387506036234
sub-035,9,error,0,448.9945071170343,0.21560319230493863
sub-035,10,correct,1,554.6438831094825,-4.862866802136582
sub-035,11,correct,1,465.93649371954854,-0.8674730896561106
sub-035,12,correct,1,369.74102928763904,-2.241766081980097
sub-035,13,correct,1,495.46568230709846,-0.1213986798434098
sub-035,14,correct,1,512.1344456615893,-1.5190759689895132
sub-035,15,correct,1,502.11487244773423,1.1621542267810567
sub-035,16,correct,1,495.38282809220914,2.084879650009933
sub-035,17,correct,1,407.5642738299218,0.030922512388351198
sub-035,18,correct,1,323.4268620543679,-0.7223448420321278
sub-035,19,correct,1,572.23215578085,-0.610438395076706
sub-035,20,error,0,425.53135247527825,-0.18426196043645882
sub-035,21,error,0,306.55854879755907,-2.112928075454625
sub-035,22,correct,1,376.2692251209269,-0.8770813844588099
sub-035,23,correct,1,348.8275381462028,-2.524475799740452
sub-035,24,error,0,535.9801336256122,-1.3516671741666855
sub-035,25,error,0,513.1644525039576,-3.575578713037651
sub-035,26,correct,1,502.16130761560976,-0.5191662082527317
sub-035,27,correct,1,509.2215337276857,-3.2409897644412853
sub-035,28,correct,1,363.70457939202754,-1.7191790172056445
sub-035,29,correct,1,464.96320990488766,-2.8030415313072634
sub-035,30,correct,1,621.213649485404,-2.805659593693843
sub-035,31,correct,1,356.3287303169924,-1.1722594508159025
sub-035,32,correct,1,478.2344844370977,-0.5242044589606196
sub-035,33,correct,1,520.7106068288721,1.9761168936895126
sub-035,34,correct,1,546.2662757865224,2.1563071895149335
sub-035,35,error,0,488.9162151395823,-2.394790169235832
sub-035,36,error,0,515.505776070451,-0.4769745920150732
sub-035,37,correct,1,581.8384913738457,-3.2756902433864683
sub-035,38,correct,1,459.08921984605274,-0.2842719095179067
sub-035,39,correct,1,452.06137147422703,-3.026298567698702
sub-035,40,correct,1,574.7690408585953,-1.6791137817118544
sub-035,41,correct,1,393.60496790772294,-4.213641637491002
sub-035,42,correct,1,473.6705005134857,2.4817712126615508
sub-035,43,correct,1,498.6530546668544,-1.3053329861133443
sub-035,44,correct,1,360.28936702679795,0.839815904139402
sub-035,45,correct,1,483.66708694904355,-1.6711046860526686
sub-035,46,error,0,479.56931035804445,-1.5192758985767618
sub-035,47,correct,1,627.7951211264646,0.7935948395448549
sub-035,48,correct,1,416.9728064397798,-1.106610502853954
sub-035,49,correct,1,496.06241973308914,-3.588702753479189
sub-035,50,correct,1,455.6744180890501,1.2116860466132826
sub-035,51,correct,1,440.6642842048288,-5.067730766678829
sub-035,52,correct,1,516.2433574191912,-0.3675904807146729
sub-035,53,correct,1,381.4560695829992,0.004362194087128013
sub-035,54,correct,1,349.5727834661948,-0.7811237323953697
sub-035,55,correct,1,407.19221903017956,-3.3747219527249355
sub-035,56,correct,1,643.9066148855491,-4.491310997801541
sub-035,57,correct,1,530.4256503139242,-1.6961653998741066
sub-035,58,correct,1,354.43619589324874,-1.534193848173994
sub-035,59,error,0,340.659577723149,-0.10586238302300055
sub-035,60,correct,1,275.1243337566785,0.37502293102860484
sub-035,61,correct,1,461.634088806334,-3.6270235179158794
sub-035,62,correct,1,408.29368063411573,-2.8630307797573877
sub-035,63,error,0,282.2841927126344,-3.23005782402202
sub-035,64,correct,1,371.6483961982075,-4.8093328832251965
sub-035,65,correct,1,370.49656131266977,-2.1228908761726704
sub-035,66,correct,1,472.61436714811384,1.7191628296036872
sub-035,67,correct,1,559.8433354144078,-2.0855097708155066
sub-035,68,correct,1,309.9959959658975,-3.143928219475346
sub-035,69,correct,1,456.75548178311215,3.2160519854372565
sub-035,70,correct,1,583.7488553786523,-2.8985201863115435
sub-035,71,correct,1,549.593722077203,-0.8509907999361712
sub-035,72,correct,1,431.39825770996646,-1.4633887798726173
sub-035,73,correct,1,492.3890846400084,3.5842944867945254
sub-035,74,correct,1,436.930200204835,1.0238342140053103
sub-035,75,correct,1,495.69836087029245,-1.80289294321563
sub-035,76,correct,1,527.7120285414784,-1.8957315185148331
sub-035,77,error,0,418.1255286672063,-1.5100506741063193
sub-035,78,correct,1,370.851669590083,1.083897135041643
sub-035,79,correct,1,466.06718404308225,0.35243295243635253
sub-035,80,error,0,436.33117291645766,-0.42576534077849315
sub-035,81,error,0,425.3793544244552,-0.39223311124533744
sub-035,82,error,0,329.52149938746453,0.045024690529791744
sub-035,83,error,0,364.1069728581774,1.2735801776007736
sub-035,84,error,0,444.14784312802396,-1.0261426674422867
sub-035,85,correct,1,362.89410354171304,-1.4180122423150925
sub-035,86,correct,1,384.8241823193084,-2.3878488503621074
sub-035,87,error,0,506.6980406364408,-6.484338821377472
sub-035,88,correct,1,491.06436397578045,-0.2526156788763695
sub-035,89,correct,1,552.1879859850656,-2.9866956371632076
sub-035,90,correct,1,543.9430399776952,-0.2520516162826345
sub-035,91,error,0,452.03736927117745,-4.037872578243719
sub-035,92,correct,1,531.6751265237868,1.377287826504934
sub-035,93,error,0,579.2602065917108,-0.9553783009709849
sub-035,94,correct,1,499.70544005077187,-5.160099206203302
sub-035,95,correct,1,393.26123132111303,2.1233421395726095
sub-035,96,error,0,620.3211765035383,1.5136608516261107
sub-035,97,error,0,298.97586419792003,-1.9310245107305182
sub-035,98,error,0,407.52911196043806,1.046618992040949
sub-035,99,correct,1,515.7763306527957,-2.8779596704914
sub-035,100,correct,1,386.4002194770271,0.3033196317822484
sub-035,101,error,0,563.0531833770112,-5.6359976972640435
sub-035,102,correct,1,468.13432442430167,-1.1380116955872797
sub-035,103,correct,1,427.3261894474559,0.7915016847178094
sub-035,104,correct,1,441.6570518721877,0.9039081537363258
sub-035,105,correct,1,424.2475230568664,-1.9784431032426044
sub-035,106,correct,1,649.8114094554392,-1.5760388606861353
sub-035,107,correct,1,583.2189042831706,-0.7822653481669378
sub-035,108,error,0,452.0067360054044,1.6019668086002543
sub-035,109,correct,1,524.9736400933937,-1.2054342089096433
sub-035,110,correct,1,467.7517430409997,-1.436598533543235
sub-035,111,correct,1,462.8631196901847,1.8474210907396997
sub-035,112,correct,1,482.1819349287168,1.6031024408533916
sub-035,113,correct,1,416.4238552236396,1.8160224231709614
sub-035,114,correct,1,363.44728695971435,1.4740652001723797
sub-035,115,correct,1,550.5112379320396,-1.9027240008405366
sub-035,116,correct,1,363.46732132747184,1.8045284750385047
sub-035,117,correct,1,322.13632390046735,1.6902489571804546
sub-035,118,correct,1,432.73832925113857,-2.740417886008438
sub-035,119,correct,1,475.7489636589271,-2.7473943268911283
sub-035,120,correct,1,339.83230076817125,1.9468735413186116
sub-035,121,correct,1,506.6080358245147,-1.1032646761948381
sub-035,122,correct,1,455.6620484897013,-1.5470518949634182
sub-035,123,correct,1,422.8253950526043,-5.246059303360272
sub-035,124,correct,1,481.839629431926,3.4267077060357476
sub-035,125,correct,1,420.16135107018573,-2.495104537595429
sub-035,126,correct,1,430.677905828391,-1.944296982342075
sub-035,127,correct,1,571.6981107017393,-1.2967529726111353
sub-035,128,correct,1,487.2634141386234,0.7744552453455822
sub-035,129,error,0,520.0359283856891,-2.0108250866774195
sub-035,130,correct,1,437.5381814548776,0.3391402677751567
sub-035,131,correct,1,318.6715807416547,-1.6548996797019506
sub-035,132,correct,1,360.37481635641734,-1.6875983352018853
sub-035,133,correct,1,366.2186202020464,-0.6435080517241988
sub-035,134,correct,1,523.9216209878299,-0.15791730639611012
sub-035,135,correct,1,346.9508342092559,-5.22559256289057
sub-035,136,correct,1,457.02982459831065,-3.6831742891823094
sub-035,137,correct,1,327.3481265310882,-1.87780616058679
sub-035,138,correct,1,403.2923629990621,-1.7350123138916103
sub-035,139,correct,1,543.5811648675992,-0.19456409007712516
sub-035,140,correct,1,509.06248193078824,0.07312762655278271
sub-035,141,correct,1,457.6122929683971,-3.528621153202012
sub-035,142,correct,1,481.66054543420114,-2.097821029544983
sub-035,143,correct,1,558.8462647333215,-3.605948244202769
sub-035,144,correct,1,360.1712618943961,1.3692323649207727
sub-035,145,error,0,466.47862560899523,-5.626104030910423
sub-035,146,correct,1,413.7681294719831,-2.53038173061008
sub-035,147,correct,1,472.00059298167423,-1.360938367740965
sub-035,148,correct,1,534.7569283854306,-2.023393195603821
sub-035,149,correct,1,410.18333596045886,2.7902952661475338
sub-035,150,correct,1,370.40151686775357,0.4270611565766391
sub-035,151,correct,1,511.935066669919,0.8917935837806457
sub-035,152,correct,1,534.2366027707227,-3.4233921522924504
sub-035,153,correct,1,550.9073974856761,-2.4371058601048325
sub-035,154,correct,1,414.63006606636657,-0.3003513537413568
sub-035,155,correct,1,499.08143037678843,1.5352313661738635
sub-035,156,correct,1,506.80977670141743,-3.3933799675114056
sub-035,157,correct,1,478.21319049473465,-1.1486490532982576
sub-035,158,correct,1,441.4865017303368,-0.24378543130085129
sub-035,159,correct,1,456.54152163161626,-2.169472853357175
sub-035,160,correct,1,430.75674210172355,-0.49925241247825397
sub-036,1,correct,1,492.4298488192279,0.33415039416846243
sub-036,2,correct,1,472.0923595236126,1.1525807837568334
sub-036,3,correct,1,632.7531513029642,3.869703726752853
sub-036,4,correct,1,419.2903435889255,0.4349636774978196
sub-036,5,correct,1,435.8817996728575,0.7837133582435193
sub-036,6,error,0,532.6846920561939,-2.961191391434911
sub-036,7,correct,1,409.7105429096102,1.4253143670675512
sub-036,8,correct,1,563.8852947885682,-2.2517451291573627
sub-036,9,correct,1,511.4424040666089,-0.772721732457331
sub-036,10,error,0,388.81501026171713,-3.401702971901029
sub-036,11,correct,1,449.8879676118845,2.028497335211485
sub-036,12,correct,1,452.0010125434219,1.913583888242212
sub-036,13,correct,1,313.35845543105336,-2.8187418919021816
sub-036,14,correct,1,444.5029341048559,-0.6583045733298619
sub-036,15,correct,1,476.0653820252489,2.335148648366755
sub-036,16,correct,1,273.89272324292455,0.6389679829817354
sub-036,17,correct,1,442.477068188634,-1.7738512418781278
sub-036,18,correct,1,471.17455391674514,-1.8175285687066753
sub-036,19,correct,1,518.0895272364144,1.3948653386484282
sub-036,20,correct,1,349.8138534087941,-0.06376509055768698
sub-036,21,correct,1,553.6747275018208,-0.20915250515630218
sub-036,22,correct,1,681.5725637938234,1.6131649438301074
sub-036,23,correct,1,338.23867121597186,1.1383914561428368
sub-036,24,correct,1,602.7663948512212,2.084977560918996
sub-036,25,correct,1,438.92037697274424,-2.1602932383878137
sub-036,26,error,0,333.92142373058806,1.1021493451529014
sub-036,27,correct,1,399.64634976351965,-1.4630525001777153
sub-036,28,correct,1,540.0654353631048,0.0749059968707714
sub-036,29,correct,1,366.2190424091371,-0.17645222933188498
sub-036,30,correct,1,584.3771834592478,-0.7335501909082806
sub-036,31,correct,1,615.3756562685494,0.7311985749140326
sub-036,32,correct,1,545.3631115424374,-1.065174892948942
sub-036,33,correct,1,484.3672659447259,1.0597110683185205
sub-036,34,correct,1,525.1929516486767,2.2802077792470072
sub-036,35,correct,1,404.33951191664244,1.2401460928369858
sub-036,36,correct,1,453.44901868423585,-0.38541158439704004
sub-036,37,correct,1,593.292749721493,-1.2266293014506833
sub-036,38,correct,1,513.3257859042884,1.085471313180242
sub-036,39,correct,1,459.53019435887126,-1.3190358884112197
sub-036,40,correct,1,364.80469465959675,2.9196766678903128
sub-036,41,error,0,368.7362818019235,-1.0393777998042248
sub-036,42,correct,1,401.4103852213317,1.5172348796587007
sub-036,43,correct,1,521.5275746854893,-0.6584185176695395
sub-036,44,correct,1,687.8345541225058,-1.1057340874315438
sub-036,45,correct,1,542.7743715893203,1.7802058763797275
sub-036,46,correct,1,551.0198142440066,0.26234931955087176
sub-036,47,correct,1,598.4159178471041,-1.752383939209536
sub-036,48,correct,1,430.398686162623,-0.3180853604522014
sub-036,49,correct,1,333.6117033718235,0.3788325643484566
sub-036,50,correct,1,502.9766806710641,-0.5258888618762949
sub-036,51,correct,1,428.7603383760132,-0.7496867856975401
sub-036,52,correct,1,452.30032401556105,1.536955383651637
sub-036,53,correct,1,422.10765413987104,1.2448120490660295
sub-036,54,correct,1,390.66187572318154,0.8795407435920066
sub-036,55,correct,1,524.0588820266303,-3.0120591185118073
sub-036,56,correct,1,581.1201500947224,2.099831838953656
sub-036,57,correct,1,600.5415980745654,-2.061036384961902
sub-036,58,correct,1,560.5620433984584,1.6041531219942868
sub-036,59,correct,1,423.69435361437905,-0.1396588875032734
sub-036,60,correct,1,572.8068886594274,0.44741730457926365
sub-036,61,correct,1,368.90564603773197,0.031093728901875367
sub-036,62,correct,1,592.9944918185577,-1.9592554262005824
sub-036,63,correct,1,361.2539644944084,0.9125384643373324
sub-036,64,correct,1,641.6943680953963,-1.0360461237007983
sub-036,65,error,0,463.57335807587856,0.2167779848595044
sub-036,66,correct,1,349.9142520572616,1.763050363136771
sub-036,67,correct,1,626.5501457645537,-1.5908647471907076
sub-036,68,correct,1,353.497691494162,1.0093324793305396
sub-036,69,correct,1,599.5734044342629,0.012484204766508827
sub-036,70,correct,1,498.39458493584686,-3.5823345718784116
sub-036,71,correct,1,519.8573438281568,0.7182760144257141
sub-036,72,correct,1,606.923314142429,-1.8040951826617073
sub-036,73,error,0,424.04414078247464,-0.44369687091571375
sub-036,74,error,0,503.2112685842881,1.1412620120614763
sub-036,75,correct,1,575.2008022074253,1.6795532973758072
sub-036,76,correct,1,476.4078864139681,-1.218615711348488
sub-036,77,correct,1,479.6205070512385,-0.07867357351875899
sub-036,78,correct,1,430.75576836149526,-2.6747618104574604
sub-036,79,correct,1,442.3689106359542,-2.1676588313839478
sub-036,80,error,0,539.7363501976157,-0.523996651968457
sub-036,81,error,0,562.2294633034688,-0.2937374555933988
sub-036,82,correct,1,526.258628195576,3.1813817734416068
sub-036,83,correct,1,360.7559351191625,2.6059386754991047
sub-036,84,error,0,416.76741745760637,-0.3780651477166147
sub-036,85,correct,1,475.2386662395009,-0.6137468154355927
sub-036,86,correct,1,544.6521652694366,1.2672857518357434
sub-036,87,correct,1,392.9501244360906,1.3025447524591716
sub-036,88,correct,1,665.5357737298309,0.1347219167453711
sub-036,89,error,0,237.8889790153546,1.303601348309069
sub-036,90,correct,1,366.25821840877506,-0.6484642413722841
sub-036,91,correct,1,542.9043890191186,-2.737295608085069
sub-036,92,correct,1,491.47305686138805,-0.922402904945894
sub-036,93,correct,1,472.1943609098441,1.7716072356885006
sub-036,94,correct,1,493.6064795124375,1.000518043001532
sub-036,95,correct,1,531.5663725555345,-3.4300945990240885
sub-036,96,correct,1,323.4264386158552,0.5313783372253779
sub-036,97,correct,1,589.4307507368935,-2.338190151667887
sub-036,98,correct,1,712.9875674817151,-0.09285620659136798
sub-036,99,correct,1,485.04813996041764,-1.1339583512497495
sub-036,100,correct,1,492.233039212028,-0.24561860801250746
sub-036,101,correct,1,491.3728055947551,1.3667660069917904
sub-036,102,correct,1,403.0614063762949,2.042170693973018
sub-036,103,error,0,529.321345228947,1.3887536198700354
sub-036,104,correct,1,544.9207672672478,1.5169860074211798
sub-036,105,error,0,392.90882580587476,-0.03165261865048952
sub-036,106,correct,1,499.40934015013545,-4.727249770835922
sub-036,107,correct,1,488.29220720421057,0.1262208123169763
sub-036,108,correct,1,374.94708500964447,-0.07737959619164142
sub-036,109,correct,1,423.21567505461337,1.5069007160647756
sub-036,110,error,0,462.0142553988027,-1.2711188674043734
sub-036,111,correct,1,431.4698042947851,-2.755647302843027
sub-036,112,error,0,527.7596464601131,-0.7341347858384386
sub-036,113,correct,1,392.5838716976658,1.4603687448938878
sub-036,114,error,0,592.4292376054682,2.2156534723356485
sub-036,115,correct,1,536.3684785107805,1.1743230941608807
sub-036,116,correct,1,408.85675915490623,-0.1051350997195469
sub-036,117,correct,1,533.0550792375419,-5.330289671643071
sub-036,118,correct,1,523.0181471341765,-3.1904919715311806
sub-036,119,error,0,372.4149420272231,0.25224091930954096
sub-036,120,correct,1,534.0027768036846,-0.6338822530056678
sub-036,121,error,0,433.6643958979825,1.3148525445722716
sub-036,122,correct,1,477.56301966758383,-1.6214384830345268
sub-036,123,correct,1,477.82366898893554,3.001782342742475
sub-036,124,correct,1,482.5263759327995,1.7060431344165978
sub-036,125,correct,1,603.2426916653683,1.4432020983487643
sub-036,126,correct,1,490.55703824590586,0.2092201115503497
sub-036,127,correct,1,446.8841223981558,-4.326820223041301
sub-036,128,correct,1,476.0508681424797,-1.0602014081769462
sub-036,129,error,0,209.69203760119063,-0.23749609685894868
sub-036,130,correct,1,380.8655977011133,-2.657512727335562
sub-036,131,correct,1,371.05158742271414,2.5490654741945686
sub-036,132,correct,1,485.08837558369095,1.581080737795798
sub-036,133,correct,1,382.82150500834405,2.401362083548718
sub-036,134,correct,1,343.0534642901243,-0.28092510636544776
sub-036,135,correct,1,344.5662199334536,2.1841855608805556
sub-036,136,correct,1,486.2302725735726,-0.0715698629900761
sub-036,137,correct,1,403.61300219406274,-1.4741243681101002
sub-036,138,correct,1,412.8320692387145,3.0619764497531037
sub-036,139,correct,1,575.2100796268876,-0.04621938469604901
sub-036,140,error,0,400.9259069863961,-1.9963932914696423
sub-036,141,correct,1,333.16456048072405,-2.7381580766355205
sub-036,142,error,0,470.10959798924785,-5.526760925681082
sub-036,143,correct,1,426.82367765049776,-3.073646785352145
sub-036,144,correct,1,522.5357068310298,2.4442033108306154
sub-036,145,correct,1,434.5861232578841,-0.05160142379033113
sub-036,146,error,0,478.8510990910388,-2.3224283208481395
sub-036,147,correct,1,430.7955938237731,-4.521571649158281
sub-036,148,correct,1,459.0988452870212,-0.6060042825371672
sub-036,149,correct,1,626.9068951830341,3.2691987112613248
sub-036,150,correct,1,414.7328135289872,0.3441774319926057
sub-036,151,correct,1,466.7957064021185,4.785810055206603
sub-036,152,error,0,485.66465660358153,2.7862134070255298
sub-036,153,correct,1,397.4813654394751,-1.9995597801140077
sub-036,154,correct,1,457.0929875127253,-3.3008844214304753
sub-036,155,correct,1,478.9348370845463,-0.7419764685275764
sub-036,156,correct,1,489.9646117601408,1.4585362271766116
sub-036,157,correct,1,454.6691669474939,-3.3931573964165906
sub-036,158,correct,1,393.6838242405584,-0.3228762173300209
sub-036,159,correct,1,476.2222854027018,2.9462239424849708
sub-036,160,error,0,415.75001350639445,-1.0028223790015633
sub-037,1,correct,1,464.18366326138073,2.2900999384984444
sub-037,2,correct,1,504.363375056041,-1.2336155487811231
sub-037,3,error,0,404.2662743591237,-2.026466827015753
sub-037,4,correct,1,473.9511260798896,0.6245013987127479
sub-037,5,correct,1,615.7613330678258,-3.775367168600656
sub-037,6,correct,1,423.55296094317305,-1.7651812071514035
sub-037,7,correct,1,541.6557495434262,-2.801257668064623
sub-037,8,correct,1,473.4600597078528,-0.8972551200208183
sub-037,9,error,0,363.66004846622104,-2.1543731368047423
sub-037,10,error,0,368.3640593661459,-2.356149259029845
sub-037,11,correct,1,443.51473318362446,2.4970878893836645
sub-037,12,correct,1,425.09134295855256,0.7550536207240119
sub-037,13,correct,1,494.45382770298886,-2.314488474394408
sub-037,14,correct,1,400.5364626112829,-0.7360148950387202
sub-037,15,error,0,482.8394401499976,0.6233036551168076
sub-037,16,correct,1,445.31969766143067,-0.9385690495412156
sub-037,17,correct,1,462.71572451826586,-1.9855778361681509
sub-037,18,correct,1,459.777076889608,-0.49074605339510374
sub-037,19,correct,1,507.0260724750498,-2.740503815809479
sub-037,20,correct,1,530.9134366577938,-1.922776057744382
sub-037,21,correct,1,487.9469365205667,2.006523706317698
sub-037,22,correct,1,333.4055270139447,3.4257430689769537
sub-037,23,correct,1,358.4293400983256,3.8282925802013477
sub-037,24,correct,1,442.9394236682368,-0.34469895914494975
sub-037,25,correct,1,512.2657867336438,-1.0911094225959361
sub-037,26,correct,1,399.41468029976505,-1.4211855264113942
sub-037,27,error,0,227.93336507230052,-1.2964601818367525
sub-037,28,correct,1,552.1461688399926,-0.5837541475133059
sub-037,29,error,0,500.2755083461842,-5.2768082420861235
sub-037,30,correct,1,435.86061583863875,-1.2471519665603041
sub-037,31,correct,1,456.0997009335416,-2.3218835167964165
sub-037,32,correct,1,599.7297860843175,-2.9583350952831444
sub-037,33,correct,1,451.98426229155166,-0.6025955353627535
sub-037,34,correct,1,500.84581316752417,-0.3363931808121678
sub-037,35,correct,1,370.60533589019855,2.6311495021909215
sub-037,36,correct,1,505.7648648865934,-0.9370806909314469
sub-037,37,correct,1,429.0826117329644,1.5121844379859193
sub-037,38,correct,1,479.04509726832043,1.9445755970328578
sub-037,39,correct,1,374.74743360946763,1.172002136831611
sub-037,40,error,0,558.7679773607229,-3.2239650549044505
sub-037,41,correct,1,527.8556868438861,3.900776532732343
sub-037,42,correct,1,430.2487396541597,-3.8444165855728767
sub-037,43,error,0,433.99628756635957,-3.461084553315791
sub-037,44,correct,1,452.05584066123083,-3.7839069137815255
sub-037,45,correct,1,547.2603704704819,0.8370569455830992
sub-037,46,correct,1,414.13771233714925,-4.939572746790769
sub-037,47,correct,1,559.2709005960917,-0.7011576496552153
sub-037,48,correct,1,498.7280550133088,-0.21193825415586942
sub-037,49,error,0,506.1911758585428,-0.6863905075928884
sub-037,50,correct,1,504.6746092740432,2.6852665500094166
sub-037,51,correct,1,413.0775542581396,2.4385961969551144
sub-037,52,correct,1,390.6557306533364,-0.20208872737063605
sub-037,53,correct,1,450.2518744838493,-2.5613071890699746
sub-037,54,correct,1,533.4881026519771,0.33977129415165835
sub-037,55,correct,1,528.2525208392706,-0.9977546007307603
sub-037,56,correct,1,518.3419398721229,-1.8822261339815967
sub-037,57,correct,1,379.9692076933839,1.0349136797403766
sub-037,58,correct,1,439.3644295909253,2.7300778271808577
sub-037,59,correct,1,579.0232373058245,2.361936304794011
sub-037,60,correct,1,356.41081609306326,0.014874406931142503
sub-037,61,correct,1,493.5980093764066,-1.571343418134007
sub-037,62,correct,1,455.7133914127269,0.35468237454353707
sub-037,63,correct,1,469.42282159723123,-0.5483212112071475
sub-037,64,correct,1,551.1377625738473,-1.3765803298951147
sub-037,65,error,0,518.3077367330858,-3.1873625469900437
sub-037,66,correct,1,380.25641884941456,0.8436872554316375
sub-037,67,correct,1,353.8135791086708,2.0539544155298306
sub-037,68,correct,1,565.3346813171743,-0.31671970277009726
sub-037,69,correct,1,456.79298590521967,-1.3223589900708634
sub-037,70,error,0,403.73868788821085,-2.9977496694204957
sub-037,71,correct,1,450.13286128278315,-1.5385612542062668
sub-037,72,correct,1,631.564665600894,2.210538787749554
sub-037,73,error,0,573.6889503445841,-4.114261547891745
sub-037,74,correct,1,529.489184205834,-3.2047265633010675
sub-037,75,correct,1,603.1679269284789,-2.1271699065427105
sub-037,76,correct,1,447.20644776368744,-2.149566174123068
sub-037,77,correct,1,319.11876341543666,0.8563392722448733
sub-037,78,correct,1,480.9023194276129,0.6472548288165307
sub-037,79,correct,1,430.00034857089963,-0.348984098925438
sub-037,80,correct,1,360.12687884950356,-1.8057068099358224
sub-037,81,correct,1,459.9680387141332,-2.011311454441786
sub-037,82,correct,1,417.88938181309277,-0.9538818418152191
sub-037,83,correct,1,457.6295911990231,0.44920677063083775
sub-037,84,error,0,571.5888042597132,-1.9582136980505895
sub-037,85,correct,1,443.9478579484161,-1.368596277143249
sub-037,86,correct,1,494.457801778718,-2.890689995099943
sub-037,87,correct,1,301.5873682696946,-0.4405614316880259
sub-037,88,correct,1,410.1612618262566,-2.2130551879131146
sub-037,89,correct,1,482.6418756343794,0.2867691921044639
sub-037,90,correct,1,367.0201780768123,-3.0003122727019447
sub-037,91,correct,1,442.2388630806437,-0.02299445030371522
sub-037,92,correct,1,402.0703448891925,2.0292723337606025
sub-037,93,error,0,570.9734357986815,-2.3774680627890223
sub-037,94,error,0,428.4371659483979,-3.0768622853576426
sub-037,95,error,0,516.2385872530051,-2.060902307185998
sub-037,96,correct,1,579.0930651275103,0.49381070928648946
sub-037,97,correct,1,501.61341212267934,1.975787131847293
sub-037,98,correct,1,490.6189913490951,0.06011835915549246
sub-037,99,correct,1,485.67840972755613,-2.242250163892493
sub-037,100,correct,1,463.20192858362225,-3.5430762362721255
sub-037,101,correct,1,477.3832123852441,-1.217915970221739
sub-037,102,correct,1,373.13205360556947,-0.36952909216955143
sub-037,103,error,0,439.02537610993465,2.0323905507571576
sub-037,104,correct,1,481.47487896272605,-0.44910500786101204
sub-037,105,correct,1,620.4179974801752,1.1137261073936129
sub-037,106,correct,1,489.0259971321061,1.400682446397877
sub-037,107,correct,1,607.191633631068,-1.0974139616795038
sub-037,108,error,0,549.922189936735,-0.3902514972423561
sub-037,109,correct,1,676.2745977858119,2.265544599875849
sub-037,110,correct,1,529.8632510493146,0.6801100665113249
sub-037,111,correct,1,498.006933295598,2.315595478153615
sub-037,112,correct,1,671.9366389519383,-3.11630299422925
sub-037,113,correct,1,504.4647105319257,-2.805372342740239
sub-037,114,correct,1,555.3410552796738,-2.0180923888734377
sub-037,115,correct,1,469.1823485979753,-0.23828082360203448
sub-037,116,error,0,430.6444033259674,-1.965221018971964
sub-037,117,correct,1,569.4454865492935,-0.29547733476193944
sub-037,118,correct,1,439.2558889087874,-6.488948575876919
sub-037,119,correct,1,627.2356818336594,-1.3296010798000504
sub-037,120,correct,1,342.33471074062413,1.8118783417079656
sub-037,121,correct,1,539.0648422730335,-3.7499433916792078
sub-037,122,correct,1,464.1208458072881,1.1175604482875288
sub-037,123,correct,1,457.5155902207747,-1.1475251828981214
sub-037,124,correct,1,603.0449785149864,-0.3943997995169819
sub-037,125,correct,1,282.1249742315689,2.6751976004042595
sub-037,126,correct,1,550.9434909288487,2.1503241139156755
sub-037,127,correct,1,455.5311605735671,2.6914356249116063
sub-037,128,correct,1,641.6332062258293,0.34944286390851126
sub-037,129,error,0,373.4625485415074,0.9263457386845995
sub-037,130,correct,1,465.4117378908302,1.4717608783958667
sub-037,131,correct,1,642.2613032354114,-1.4067376371193498
sub-037,132,correct,1,477.07681291611925,1.9946397763035373
sub-037,133,correct,1,550.6841416512116,-0.20779232708105536
sub-037,134,error,0,392.1975261882802,-2.9451869877233845
sub-037,135,correct,1,394.89048647916997,1.4051411227911534
sub-037,136,correct,1,610.2200521511626,0.029599571930685242
sub-037,137,correct,1,307.06657096859226,-0.38147687055374757
sub-037,138,error,0,411.0090266398468,-0.8068545621303984
sub-037,139,correct,1,662.2024473227975,-4.312956001662037
sub-037,140,correct,1,400.9012521218001,1.2700484368003484
sub-037,141,correct,1,429.9462565269158,-1.4442072458491781
sub-037,142,error,0,404.658510644619,-3.358641715929962
sub-037,143,correct,1,378.69512122907247,-1.0623711966149123
sub-037,144,correct,1,352.0948213437865,-1.0229631553464666
sub-037,145,correct,1,427.1109114743936,-0.4974315239127031
sub-037,146,correct,1,495.1824444033596,3.062745185664357
sub-037,147,correct,1,370.2917708561308,-2.60664314852043
sub-037,148,correct,1,398.1848804504054,1.8594465300117764
sub-037,149,correct,1,346.5108396011948,-3.991860777716045
sub-037,150,error,0,401.8724933884612,-1.0694929704205327
sub-037,151,correct,1,551.2652465768533,2.0214146799342507
sub-037,152,correct,1,492.0862437638929,0.758494054783458
sub-037,153,correct,1,402.5202941783177,-0.38312673571056877
sub-037,154,correct,1,554.5840294784749,-4.386102140686906
sub-037,155,correct,1,486.2415789782542,-1.7021951685702532
sub-037,156,correct,1,541.567473284556,2.894979920884218
sub-037,157,correct,1,575.3909836570018,1.7864414150490173
sub-037,158,correct,1,481.53688081533215,-1.86258254631053
sub-037,159,correct,1,393.6710661980498,-1.1293900865141016
sub-037,160,correct,1,561.7307262227438,3.087556772408122
sub-038,1,correct,1,457.1541870976973,-0.3936558243487484
sub-038,2,correct,1,399.5157110625276,-0.32447973436115096
sub-038,3,correct,1,678.4325976166591,-3.5748382118961177
sub-038,4,correct,1,526.4611373020791,-3.260984577891093
sub-038,5,correct,1,371.7777704875358,1.4719280393338599
sub-038,6,correct,1,373.89339017844634,-2.959900069284752
sub-038,7,correct,1,374.0578591662136,-4.106340256802171
sub-038,8,error,0,439.45956684841843,-0.28333485639915557
sub-038,9,correct,1,583.1167878148851,-1.9559151211738008
sub-038,10,correct,1,484.606112219814,0.4945836608526103
sub-038,11,correct,1,512.0618876177608,-5.608207149851479
sub-038,12,correct,1,569.3489133971945,-2.1006073373401115
sub-038,13,correct,1,530.2425506838381,0.3477531775670518
sub-038,14,correct,1,364.28076965132345,0.36905080812127145
sub-038,15,error,0,397.65758698961895,-1.6222415156044203
sub-038,16,correct,1,301.43761637019657,-0.6648140036826509
sub-038,17,correct,1,414.2339921524176,-0.7346961586352383
sub-038,18,correct,1,502.0737082266712,-3.3095182976757456
sub-038,19,correct,1,452.86310213475724,-1.8911076463739045
sub-038,20,correct,1,533.0208767679107,-2.3554201673955166
sub-038,21,correct,1,470.4668190587188,-1.923279134454091
sub-038,22,correct,1,321.77303504697056,0.32234456593964855
sub-038,23,correct,1,587.4743274934078,-2.190229741944676
sub-038,24,correct,1,492.901810443854,-0.30682589202722566
sub-038,25,error,0,514.6995881565042,0.6326912780142169
sub-038,26,correct,1,502.8972530131532,-0.19092512894653002
sub-038,27,correct,1,573.5450928574344,0.47508299174557644
sub-038,28,correct,1,489.6944245788028,-1.5667061147304453
sub-038,29,correct,1,521.1206655425095,0.43724354188716485
sub-038,30,correct,1,501.6790166619433,-3.4501164154291195
sub-038,31,correct,1,434.5507406449236,3.248113036518587
sub-038,32,correct,1,485.36369182087816,0.2550302694408152
sub-038,33,correct,1,450.3671619169582,0.8332606403434691
sub-038,34,correct,1,316.8557788170817,-3.9694678379056776
sub-038,35,correct,1,477.99135883893115,1.862518070783699
sub-038,36,error,0,519.5968105694566,-8.251924897119608
sub-038,37,correct,1,403.53860169796053,-4.660005526017107
sub-038,38,correct,1,525.3681094453686,-1.2030442899127487
sub-038,39,error,0,400.9369545994809,-0.8655882194055405
sub-038,40,error,0,408.9361913250574,-1.7286037362185132
sub-038,41,correct,1,573.1634167632669,1.8290223014994456
sub-038,42,correct,1,435.65816557377076,-0.47395855255198904
sub-038,43,correct,1,516.1413084927522,-2.4879671825308787
sub-038,44,correct,1,394.4368303861012,3.049354049035669
sub-038,45,correct,1,540.6159813239396,2.0288279133920395
sub-038,46,correct,1,467.88448558650236,-1.5927935976100938
sub-038,47,correct,1,429.316871555318,-2.3293981488129902
sub-038,48,correct,1,425.34373294259694,-0.6299953481450535
sub-038,49,correct,1,364.4208889191624,-0.7221094408920348
sub-038,50,error,0,531.2404856248783,-3.0254681421042795
sub-038,51,correct,1,541.6389899394071,0.390113516465998
sub-038,52,correct,1,392.829614623954,2.057833122912111
sub-038,53,correct,1,409.83100469143477,3.290230577478621
sub-038,54,correct,1,460.3653238526246,2.420952552129874
sub-038,55,correct,1,562.7406636857788,-2.677316370398598
sub-038,56,correct,1,539.216153770029,2.4283128041048894
sub-038,57,correct,1,463.1227113301182,-2.5867216739788064
sub-038,58,correct,1,430.1260049713879,2.874571350342445
sub-038,59,error,0,467.5583902867824,-5.160519794601193
sub-038,60,correct,1,454.99301561698655,-0.6489500215141883
sub-038,61,correct,1,547.4510680176427,-5.131260153976954
sub-038,62,correct,1,431.8181253167754,-8.41338725932236
sub-038,63,correct,1,345.98391666510906,0.7718330090649154
sub-038,64,correct,1,439.5612538337012,-0.0686026335869181
sub-038,65,correct,1,369.5492260150007,0.2932102049277917
sub-038,66,correct,1,452.7255541832116,-0.03941377027441917
sub-038,67,correct,1,492.0657598613494,0.7780529096529242
sub-038,68,correct,1,421.4146389233644,-0.7832868236014177
sub-038,69,correct,1,384.29542869789196,-3.89197842945984
sub-038,70,error,0,452.9365363099534,0.20312806754897306
sub-038,71,error,0,484.9845165255522,-0.7668686925951833
sub-038,72,correct,1,308.9899297424099,2.946955015130141
sub-038,73,error,0,420.5325565714288,0.6300814891651156
sub-038,74,correct,1,389.0701558093464,-0.9704122077373752
sub-038,75,correct,1,352.2102938592574,-3.066186367010213
sub-038,76,correct,1,483.51811932739247,-1.186456400503566
sub-038,77,correct,1,409.40948933042034,0.4365978355730832
sub-038,78,error,0,382.47696964108985,-4.1472489851752155
sub-038,79,correct,1,574.4193221284388,-0.42649640532831773
sub-038,80,correct,1,546.3965583554767,1.136513669567893
sub-038,81,correct,1,573.4074257792745,-0.5629240629280969
sub-038,82,correct,1,536.6333436852162,0.2561492977170018
sub-038,83,correct,1,450.9468433796033,-1.6117160158301826
sub-038,84,correct,1,490.6356519812458,1.5709833574626262
sub-038,85,correct,1,432.6163341175577,-0.8202607092565515
sub-038,86,correct,1,564.6527198699941,-0.2504880975017879
sub-038,87,correct,1,463.8127396896661,-0.1990683336742649
sub-038,88,correct,1,467.94894971130407,2.385956627211365
sub-038,89,correct,1,441.34903980919387,-2.942973099345428
sub-038,90,correct,1,475.9539724468956,0.18278617141002118
sub-038,91,correct,1,637.2341746418545,2.0473195357767917
sub-038,92,correct,1,593.1354323207266,0.00882849419069387
sub-038,93,correct,1,456.7487897394348,2.0470940650319216
sub-038,94,correct,1,425.75097487397915,-4.815971114384646
sub-038,95,correct,1,521.9242856496994,1.2290359089266585
sub-038,96,correct,1,330.2140255244842,-3.5462910849507505
sub-038,97,correct,1,438.2872816098469,-2.5662680736348404
sub-038,98,correct,1,646.6776356897274,0.40639963209097696
sub-038,99,correct,1,387.1031950192311,-0.6903860719971967
sub-038,100,correct,1,552.3359030795507,-0.7313074610728928
sub-038,101,correct,1,446.63708066911795,-0.825409409131606
sub-038,102,correct,1,312.164896302114,-0.38392171664099445
sub-038,103,error,0,469.1262916020107,0.41207745860741163
sub-038,104,correct,1,513.4596707142464,-0.07487133349873254
sub-038,105,correct,1,409.220948998922,-0.6167683981461551
sub-038,106,error,0,368.22471420568525,-0.9538362076488909
sub-038,107,correct,1,484.12083170647685,2.421590077139944
sub-038,108,correct,1,433.0037553430628,-4.869416193176594
sub-038,109,correct,1,349.9453460354287,-3.305797384355342
sub-038,110,correct,1,375.34507498487267,-3.4654639254556545
sub-038,111,correct,1,394.3305361101559,-3.7182535853911722
sub-038,112,correct,1,489.6352345671425,-1.5951567876622104
sub-038,113,correct,1,502.99728834888913,-3.8032627489634443
sub-038,114,correct,1,525.0180983822873,-2.3192587694325417
sub-038,115,correct,1,509.9449837240345,-2.088260919397882
sub-038,116,correct,1,581.5924856633783,0.8466210333187975
sub-038,117,correct,1,500.0106879245325,-1.7827116280198885
sub-038,118,correct,1,511.4355179910863,-1.3832038270401659
sub-038,119,correct,1,298.8959836954692,3.2604749058738283
sub-038,120,error,0,463.7914076929098,-3.2027387672540595
sub-038,121,correct,1,549.3405802679292,-0.5148098940626498
sub-038,122,correct,1,524.3374853378895,-1.4542260781059626
sub-038,123,correct,1,369.688177086125,0.4211400982338901
sub-038,124,correct,1,576.8480214466687,-1.6344133489937707
sub-038,125,correct,1,428.14025133704007,0.569276935620684
sub-038,126,correct,1,565.4149525965294,1.2742099198019874
sub-038,127,correct,1,481.7009697785003,1.3976035099063027
sub-038,128,correct,1,582.4728891579003,-3.2260290520604977
sub-038,129,correct,1,321.6446395529476,-2.6981480765950465
sub-038,130,correct,1,531.0469360407085,3.8896851435669
sub-038,131,correct,1,490.30919111735994,-4.673915617838202
sub-038,132,correct,1,581.1746908663172,-1.9679573241224295
sub-038,133,error,0,391.7700130423883,-5.5934863642303565
sub-038,134,correct,1,469.3514652513128,-0.5892128701582453
sub-038,135,correct,1,309.7373841385189,-2.9604774570660966
sub-038,136,correct,1,543.7365325260821,0.630595298576507
sub-038,137,correct,1,554.4694667659594,-0.22164984694399736
sub-038,138,correct,1,320.3832980092352,-0.35438894004187993
sub-038,139,error,0,438.1925843447133,-2.153644127208748
sub-038,140,correct,1,587.4233711432221,1.2620806523049422
sub-038,141,error,0,314.84271608787907,1.639127324394607
sub-038,142,correct,1,513.4774223404293,-0.7888693223652643
sub-038,143,error,0,369.2657246477986,-0.925554713631723
sub-038,144,correct,1,672.6597468975856,1.9192481574168894
sub-038,145,correct,1,577.83640808627,-3.280659521766823
sub-038,146,correct,1,559.5079299859115,-4.202525780520889
sub-038,147,correct,1,456.2729928961273,3.264156292248136
sub-038,148,correct,1,590.1998377846626,-2.462152191282251
sub-038,149,error,0,425.6594614813458,-3.013131069054216
sub-038,150,correct,1,518.0250067492254,1.4083862833077352
sub-038,151,correct,1,475.1337057745672,-5.995707123442258
sub-038,152,correct,1,401.46007968443143,-0.8377797884639331
sub-038,153,correct,1,675.9712211892089,-4.176834360397097
sub-038,154,correct,1,468.67602672489056,-1.25595825312816
sub-038,155,correct,1,519.5456139058705,1.4857080597836712
sub-038,156,correct,1,646.2879095906443,-0.4005591427630842
sub-038,157,correct,1,506.67365598530625,2.448604689798758
sub-038,158,correct,1,438.2848842332078,0.1931205706617397
sub-038,159,error,0,477.5990050066955,0.9494440079393831
sub-038,160,correct,1,461.8271795717337,0.3058031450817674
sub-039,1,error,0,419.2235427645824,-1.4485411866445665
sub-039,2,correct,1,554.5284461545605,-1.6646747523848773
sub-039,3,correct,1,347.1220302347475,-1.4460705759373589
sub-039,4,correct,1,497.51837583882144,-2.952085533618727
sub-039,5,correct,1,565.2044293356008,0.3421495920309503
sub-039,6,correct,1,488.00502359234537,-1.0715690538290161
sub-039,7,error,0,414.5604986832639,-1.5306105009747801
sub-039,8,correct,1,414.90087263607774,1.742048175606111
sub-039,9,correct,1,315.7352255986064,-3.481359597137535
sub-039,10,correct,1,414.3842092702553,1.5809815846524478
sub-039,11,correct,1,385.97360084141854,-2.220740695582947
sub-039,12,correct,1,493.77596382288834,1.75070137992254
sub-039,13,error,0,481.18859156886253,1.003280340382645
sub-039,14,correct,1,644.2239041865407,-3.4175465891053878
sub-039,15,correct,1,585.075185685884,-3.5217224801107228
sub-039,16,correct,1,618.4546886489887,-0.8227649136644863
sub-039,17,correct,1,504.57698680191163,2.1799649832263794
sub-039,18,correct,1,297.88283226601015,2.552573788212586
sub-039,19,correct,1,428.5836591232112,0.9209609128495713
sub-039,20,correct,1,544.3812702005605,0.49932590644727726
sub-039,21,correct,1,483.9468551181506,-3.639946469824777
sub-039,22,correct,1,514.2717336996241,1.1490855590437532
sub-039,23,correct,1,551.7777261538579,0.2498709533627801
sub-039,24,correct,1,468.1722805134083,2.240389273705962
sub-039,25,correct,1,587.1125883645781,-1.6750192352407818
sub-039,26,error,0,438.0753615390924,1.0252009347109134
sub-039,27,correct,1,624.7397209730202,-2.045100776334277
sub-039,28,correct,1,429.33287123035495,-1.6336181687162048
sub-039,29,correct,1,527.6101738254708,0.6451693323259695
sub-039,30,correct,1,473.016863325866,1.1086827977496758
sub-039,31,correct,1,407.1920402337685,0.6997934461529045
sub-039,32,correct,1,561.388496022953,-2.963524554877522
sub-039,33,error,0,401.25681458312243,-2.281357072625856
sub-039,34,correct,1,492.215450110165,-0.5016652272751229
sub-039,35,error,0,381.61406515766896,-1.7397862150146817
sub-039,36,error,0,470.30345057156546,-2.6585287677879044
sub-039,37,correct,1,436.77768515756543,-0.11213714883311054
sub-039,38,correct,1,374.3789548367009,-4.487878735011167
sub-039,39,error,0,428.8988148382113,-0.4521356023496015
sub-039,40,correct,1,246.32048035222437,1.0073024734567047
sub-039,41,correct,1,482.025023956238,-0.9229779039869632
sub-039,42,correct,1,388.80133855468597,0.7148856916345889
sub-039,43,correct,1,520.6540998925786,-2.993283882303464
sub-039,44,error,0,370.61657518223404,-2.0166265858991284
sub-039,45,correct,1,549.4356420975845,1.3506269748111959
sub-039,46,correct,1,362.36405926405143,-0.24495381738781263
sub-039,47,error,0,460.30087101417524,-4.346698585922447
sub-039,48,correct,1,406.1820290383073,-2.512840618805008
sub-039,49,correct,1,462.7642917419413,0.09134451907422969
sub-039,50,error,0,542.6836227403167,-1.388126939349439
sub-039,51,correct,1,657.266104884336,1.4383889558997152
sub-039,52,correct,1,567.255681827806,1.56480188870413
sub-039,53,correct,1,417.32559824879786,-1.9654456773980367
sub-039,54,correct,1,619.3982237918528,-0.5239737373369905
sub-039,55,correct,1,269.8237463653088,1.5603320119199737
sub-039,56,correct,1,396.68015278772623,-0.8713875307180248
sub-039,57,correct,1,457.2424794313387,3.106209151307306
sub-039,58,correct,1,433.86102286602323,-3.356466806446347
sub-039,59,correct,1,477.0534981401318,1.7088837034433406
sub-039,60,correct,1,526.1252342237432,-3.743036232699046
sub-039,61,error,0,508.78678777312007,-1.1793493817343215
sub-039,62,correct,1,506.7455240713329,-0.7448860921186796
sub-039,63,correct,1,346.4968173466526,-0.4478706270453544
sub-039,64,correct,1,472.914030235276,-1.7713038184807486
sub-039,65,correct,1,488.8870067135111,-2.8587418037276198
sub-039,66,error,0,304.9073781043496,-0.1187846989437884
sub-039,67,correct,1,481.62867614604454,1.0568818945747827
sub-039,68,correct,1,556.1115839994774,1.5823551174341581
sub-039,69,correct,1,516.9249970961362,-1.071471830407336
sub-039,70,correct,1,339.220098468454,-0.7209283857231448
sub-039,71,error,0,445.9052063230062,-0.8426938515196839
sub-039,72,correct,1,475.3975383407833,-2.5487087748560175
sub-039,73,error,0,426.66107364627123,-0.3523738111583625
sub-039,74,error,0,412.45385254844547,-4.411579195353587
sub-039,75,correct,1,494.3550658500379,0.4842599701736212
sub-039,76,correct,1,355.0228829843568,3.21292071904458
sub-039,77,correct,1,464.55603651738176,-3.435873591381802
sub-039,78,correct,1,404.107589321466,-2.05709704081002
sub-039,79,correct,1,461.58627404375727,-1.182175560325648
sub-039,80,correct,1,448.0462258216347,-0.14497152800420976
sub-039,81,correct,1,414.24983701395666,-3.1647114635263187
sub-039,82,error,0,312.20279224786475,0.817722836208318
sub-039,83,error,0,463.3391124436136,-2.6200805158632168
sub-039,84,correct,1,593.6198019250786,-0.0441454836366687
sub-039,85,correct,1,397.36545376674115,0.7925863916034674
sub-039,86,correct,1,474.90581299139166,-0.6410726329016713
sub-039,87,correct,1,498.9264176198175,-1.5641719104658476
sub-039,88,error,0,348.9021966218626,-1.4283992221892907
sub-039,89,error,0,348.9286265084879,1.227564092551447
sub-039,90,correct,1,297.98342191382034,0.29151940833322576
sub-039,91,correct,1,443.1281820351038,-1.8903508543007081
sub-039,92,correct,1,477.56038507813605,-1.8966143548528247
sub-039,93,correct,1,554.1918440491852,0.8687957479743811
sub-039,94,correct,1,476.421150231218,1.551044616111473
sub-039,95,error,0,414.31421838894767,-0.40222846075309016
sub-039,96,correct,1,428.09721665887616,1.403766783255009
sub-039,97,error,0,419.8537253561259,0.2696520679999108
sub-039,98,correct,1,497.45439429084985,-1.7615707024242206
sub-039,99,correct,1,397.1371252882989,-2.9597827609040115
sub-039,100,correct,1,534.1282728721065,-0.18327389803961935
sub-039,101,error,0,463.4440051456433,0.7816864666676282
sub-039,102,correct,1,441.58884204424544,-2.903498022157293
sub-039,103,error,0,409.42347549266646,1.7941385160642644
sub-039,104,correct,1,517.9762796098859,-3.202380682806956
sub-039,105,correct,1,405.82363836621846,0.3307517102355513
sub-039,106,correct,1,495.17499553065267,0.3870371719557071
sub-039,107,correct,1,594.9962841256217,-0.6898343138571426
sub-039,108,correct,1,548.3258148283994,-1.1567160513393944
sub-039,109,correct,1,303.8943615154601,0.9554667289154946
sub-039,110,correct,1,462.22594429066976,-1.2421446300896606
sub-039,111,correct,1,527.4191170962525,1.1246053426103964
sub-039,112,correct,1,510.4011511494651,-0.8371848912723387
sub-039,113,correct,1,480.25251279174665,-4.0404610012025515
sub-039,114,correct,1,402.24193348872916,-2.750786342823859
sub-039,115,correct,1,377.6204992270003,-2.785261055587853
sub-039,116,correct,1,416.2204091824783,2.276591853688428
sub-039,117,correct,1,491.6293792877362,-1.2501719076646665
sub-039,118,error,0,364.8625613824397,1.4829673477610221
sub-039,119,correct,1,415.8429719103132,-1.6504717933933915
sub-039,120,correct,1,282.78126122288654,1.8941613082568223
sub-039,121,correct,1,447.8371812012747,0.3843032560688304
sub-039,122,error,0,471.5577339660103,-0.03651005173752586
sub-039,123,correct,1,513.8422998609199,-1.67439692652368
sub-039,124,correct,1,372.13647030353354,-3.0552610195338517
sub-039,125,correct,1,348.80869733028567,-1.4758944169751398
sub-039,126,correct,1,459.5272134245553,1.5071100725107303
sub-039,127,error,0,372.14680622112223,1.8708283657649316
sub-039,128,correct,1,382.2079952275762,-2.0139688021497966
sub-039,129,correct,1,456.6990051574816,-0.29103459534447124
sub-039,130,correct,1,601.2772773214283,0.09720512568191153
sub-039,131,correct,1,514.2060495988422,0.463147048164142
sub-039,132,error,0,410.715965657258,2.1861537882481756
sub-039,133,correct,1,448.1422414021732,1.2504521341663475
sub-039,134,correct,1,541.3683221854699,-2.258302367458321
sub-039,135,correct,1,472.38962957265977,-5.583445558060838
sub-039,136,correct,1,431.3249949997636,0.5518235360450341
sub-039,137,correct,1,443.21497482756956,-0.6063026391744883
sub-039,138,correct,1,516.1992332242489,-2.012635690399745
sub-039,139,correct,1,552.6248876545158,-4.278612016043832
sub-039,140,correct,1,412.9806951670988,-0.6201520584120901
sub-039,141,correct,1,451.17593394347847,-2.0222893950205547
sub-039,142,error,0,494.1550190075919,-3.0372116808257563
sub-039,143,error,0,551.0881403265925,-2.373163485824425
sub-039,144,error,0,325.3222680639966,4.112171894633036
sub-039,145,error,0,503.33981949827387,-1.7947778171400826
sub-039,146,error,0,593.9090132255859,1.252551263506835
sub-039,147,correct,1,575.109368602946,-4.042193902259425
sub-039,148,error,0,430.2968994033523,-1.2470867229445166
sub-039,149,correct,1,521.0938927752642,-1.7802947074728621
sub-039,150,correct,1,415.4488502156281,0.6912134915892181
sub-039,151,correct,1,496.2536824332071,1.0083119528163205
sub-039,152,correct,1,527.3908721820466,-0.40411200631629896
sub-039,153,correct,1,427.4011432168469,-2.157819480294072
sub-039,154,correct,1,384.15489210107773,-0.21181065721326453
sub-039,155,error,0,420.6781697314048,-1.900320252683832
sub-039,156,correct,1,456.6044841000882,-4.049828580609988
sub-039,157,correct,1,507.87228965112234,0.077958277137959
sub-039,158,correct,1,526.6089308460004,-2.245105527227183
sub-039,159,correct,1,391.7008012020376,0.33975280772303096
sub-039,160,error,0,468.16141941305517,-5.186137719622938
sub-040,1,correct,1,585.1784540331928,1.49397495932079
sub-040,2,correct,1,573.5975290976312,-3.740625903245734
sub-040,3,correct,1,460.23605646033843,-2.486322468092641
sub-040,4,correct,1,523.8180183756858,2.268255693141448
sub-040,5,correct,1,600.3105887478793,0.4295645905376284
sub-040,6,correct,1,516.4451543211676,-0.32371989153133507
sub-040,7,correct,1,391.8861597377481,2.669092894570321
sub-040,8,correct,1,604.4977332947831,-2.174461188052986
sub-040,9,correct,1,407.1017838261613,-2.996965000252428
sub-040,10,correct,1,494.64311568343,1.366898372142293
sub-040,11,correct,1,556.4211895216118,-0.6492259618690921
sub-040,12,correct,1,671.902059127708,-2.1574290461453054
sub-040,13,correct,1,350.21023088915,-1.606390456767452
sub-040,14,correct,1,446.63008569184876,0.1667376771334721
sub-040,15,correct,1,536.2567181456844,-0.69694484336173
sub-040,16,correct,1,481.7657723188286,2.790167962675361
sub-040,17,correct,1,397.83027225616445,-1.3627691859834261
sub-040,18,correct,1,514.4801067467944,1.4533737644063898
sub-040,19,correct,1,334.5520751348271,-2.3817119272133884
sub-040,20,correct,1,537.6264320286158,0.6409000714560114
sub-040,21,correct,1,351.0436931469659,-1.917817264421095
sub-040,22,correct,1,476.2799609777087,-1.299420247580693
sub-040,23,correct,1,373.8079778107794,-1.7240306865331612
sub-040,24,correct,1,474.8401318625603,-0.7914820937294011
sub-040,25,correct,1,507.10792781105187,-1.6655564263651994
sub-040,26,correct,1,500.8030551835528,2.89285013760663
sub-040,27,correct,1,462.256468953663,-3.887591440859513
sub-040,28,correct,1,491.5571781234106,-3.171393394765854
sub-040,29,correct,1,503.03911089213574,-2.805342293057821
sub-040,30,correct,1,467.9481543665486,-4.06451421991048
sub-040,31,correct,1,430.19801179727546,0.6452641318626444
sub-040,32,correct,1,547.5115257890055,-0.513655253805597
sub-040,33,correct,1,621.1348669418934,0.6064651656537783
sub-040,34,correct,1,484.50325826941105,-2.0502292510683953
sub-040,35,correct,1,548.3385875295229,-1.4252952618092043
sub-040,36,correct,1,448.08770639809245,-1.6867441693874239
sub-040,37,correct,1,464.0313424778659,-4.030528430590855
sub-040,38,correct,1,433.9060051478998,-0.21509870963474953
sub-040,39,correct,1,397.20799477344053,-0.47957205533692254
sub-040,40,correct,1,552.477145468998,-2.5333606710414456
sub-040,41,error,0,408.19687872211654,-0.9891358997033097
sub-040,42,correct,1,496.31232855896394,1.7052067307495729
sub-040,43,correct,1,601.7065708127092,-2.224497953425539
sub-040,44,error,0,463.21303457554404,-4.667905441198226
sub-040,45,correct,1,504.65285294205546,-1.4709875420203755
sub-040,46,correct,1,562.4481088428113,0.6557658359720375
sub-040,47,correct,1,375.01645160105994,-5.339560899009136
sub-040,48,error,0,369.6371635364955,-1.9797923319314583
sub-040,49,correct,1,484.3868151817101,-2.438535642199885
sub-040,50,correct,1,394.01844265618354,2.9942542599929762
sub-040,51,correct,1,479.6986854296562,-2.4867603210769564
sub-040,52,correct,1,426.84474799741946,0.765243433198669
sub-040,53,correct,1,424.3287158937431,-0.43662033539317524
sub-040,54,correct,1,398.1078271018181,-2.8205944464429917
sub-040,55,correct,1,545.6524918351574,-1.7063269870794224
sub-040,56,error,0,536.2114691631546,1.521648901811843
sub-040,57,correct,1,440.4217790951202,-0.9269819990911948
sub-040,58,correct,1,435.68217569108873,-1.2698077689573777
sub-040,59,correct,1,446.5285510845756,-1.8254009213756093
sub-040,60,correct,1,399.41342600304495,-1.3358514564350044
sub-040,61,error,0,383.180227265439,0.5792425247327053
sub-040,62,error,0,426.28227813569737,-3.682106950604301
sub-040,63,correct,1,622.6433582780223,1.1836423298459766
sub-040,64,correct,1,476.97942026953547,-4.744700237976311
sub-040,65,correct,1,294.40518326580235,0.5785266061116863
sub-040,66,correct,1,440.4857785745506,2.7741298358893647
sub-040,67,correct,1,616.3827598531493,-0.795900412893263
sub-040,68,correct,1,391.7360738658525,-0.4880114958343321
sub-040,69,correct,1,545.6514219350814,-0.8626889891052133
sub-040,70,error,0,282.5026697848582,-0.9552270352234596
sub-040,71,correct,1,520.076446356628,0.8692471798725694
sub-040,72,error,0,349.6587295245762,-1.8297266485032269
sub-040,73,correct,1,449.0768814262008,-1.7713383134162544
sub-040,74,correct,1,462.2123970364774,-3.1728377184369694
sub-040,75,correct,1,413.8266702121117,3.0227773152937343
sub-040,76,correct,1,485.52047605386554,1.778075772821945
sub-040,77,correct,1,422.95006589117077,-0.5820054326181592
sub-040,78,correct,1,488.8809380256669,-0.0384254500476684
sub-040,79,correct,1,446.77918327424675,2.2924490107925273
sub-040,80,correct,1,548.3595069469378,-0.6689558955826356
sub-040,81,error,0,378.19887092709064,-2.2714051941698092
sub-040,82,error,0,408.9329162951458,1.2196583038380722
sub-040,83,error,0,435.2757120911206,0.05250282902348169
sub-040,84,correct,1,362.6941495475641,-0.20901566991788068
sub-040,85,correct,1,339.50366024759484,2.864381022482007
sub-040,86,correct,1,369.01771289434504,0.5340303757148184
sub-040,87,correct,1,549.2821401490264,-2.16412896637594
sub-040,88,error,0,467.80062420344046,-2.728998980150565
sub-040,89,error,0,400.87086011410986,-3.735412563087806
sub-040,90,correct,1,286.6820523055609,0.8343909081445064
sub-040,91,correct,1,549.7412443165416,2.6853243560118054
sub-040,92,correct,1,416.3625674848232,-1.4005713220886624
sub-040,93,error,0,420.48316737708495,-1.770531560652341
sub-040,94,correct,1,534.6340796682501,-2.1694418730179077
sub-040,95,correct,1,346.42074751272827,2.2001329806486716
sub-040,96,error,0,434.43814792300236,-2.4495351898346263
sub-040,97,correct,1,240.6682627337811,-1.0139090063401492
sub-040,98,correct,1,546.9127447893173,0.5802727622159805
sub-040,99,correct,1,407.5186012671785,0.7957222589445816
sub-040,100,correct,1,337.9033929688551,-1.274962080124724
sub-040,101,correct,1,407.4076931459962,0.8574241778371896
sub-040,102,correct,1,436.9430017613312,0.49627371021539823
sub-040,103,correct,1,397.76452528681847,-1.8591149277230408
sub-040,104,correct,1,480.2799820283519,-3.5891534258092817
sub-040,105,correct,1,429.8208096672303,-2.828001786342205
sub-040,106,error,0,466.2453684762143,-2.338475845396712
sub-040,107,correct,1,371.62871239099326,-0.7959716276359504
sub-040,108,correct,1,673.0118216503502,0.5548165180162137
sub-040,109,correct,1,484.4256412066091,-2.462999487219151
sub-040,110,correct,1,544.3303630921658,1.4504792600189456
sub-040,111,correct,1,441.63210459107154,-2.5471084717497376
sub-040,112,correct,1,398.88345544950096,0.9569295543383027
sub-040,113,correct,1,491.8218544636004,-1.2999137573462998
sub-040,114,correct,1,426.0525315127884,1.7507620993798705
sub-040,115,correct,1,352.39708752579503,-0.4890427968615295
sub-040,116,correct,1,383.9749192074076,-3.8032097477484874
sub-040,117,error,0,500.36033425408766,-1.3083032214121721
sub-040,118,correct,1,401.2467863079589,1.2605124739193148
sub-040,119,correct,1,551.251123470508,1.0680351760199533
sub-040,120,correct,1,549.6842140854957,-3.791895795423508
sub-040,121,correct,1,478.85219339875516,-2.7350775509741947
sub-040,122,correct,1,377.6376215249952,0.9625595254955617
sub-040,123,correct,1,441.56530010701545,-3.1706741170923887
sub-040,124,error,0,485.53814299612975,-1.9637538076450864
sub-040,125,correct,1,470.8659796006374,0.2747940869964114
sub-040,126,correct,1,442.08102176725066,-2.998434476034303
sub-040,127,correct,1,448.76771631134403,2.31032554114487
sub-040,128,correct,1,232.30985167041925,4.616847228558486
sub-040,129,correct,1,520.0223526486394,-1.479209962053488
sub-040,130,correct,1,591.123259279099,-0.45784549918438666
sub-040,131,correct,1,424.3809870960464,-1.2719577199480945
sub-040,132,correct,1,374.9802856158625,0.5423849118238668
sub-040,133,correct,1,348.3744163869984,-2.945339024037489
sub-040,134,correct,1,405.6335177652936,1.1916577419559555
sub-040,135,correct,1,383.1061250621765,-1.5237153649895636
sub-040,136,correct,1,417.0552937751078,-1.8479686528363257
sub-040,137,correct,1,432.6652815270442,-0.3819186288881466
sub-040,138,correct,1,342.77177303957814,-1.5214676130355755
sub-040,139,correct,1,607.6407236203934,-2.5357123023679007
sub-040,140,correct,1,408.1970450102935,-0.3024441472717396
sub-040,141,error,0,486.6437836371598,-4.635632605170468
sub-040,142,correct,1,372.80251666766765,-0.6345673049209051
sub-040,143,correct,1,352.84151602463294,-2.7855808457773357
sub-040,144,correct,1,448.5901111521509,-0.5073072376118207
sub-040,145,correct,1,498.97401709408376,-2.1567150298126503
sub-040,146,error,0,357.76506673200527,0.9098731637414159
sub-040,147,error,0,348.3676527085654,-0.22132439820040894
sub-040,148,error,0,488.230200067905,-4.383929746663854
sub-040,149,correct,1,533.3901644965224,2.9700415981045594
sub-040,150,correct,1,446.7719184050205,0.5306862503991572
sub-040,151,correct,1,479.7421759829503,-0.38159853116026526
sub-040,152,error,0,405.2766907232112,-1.3918586886514281
sub-040,153,correct,1,636.2286751858112,-4.652434933590803
sub-040,154,error,0,363.612625651308,-3.3760781532621618
sub-040,155,correct,1,597.5467442251785,-1.6198741086065782
sub-040,156,correct,1,373.5183478618184,2.49014302376243
sub-040,157,correct,1,535.8916971393461,4.049977452476067
sub-040,158,correct,1,505.3285135515443,-2.7485412092913535
sub-040,159,error,0,507.39529817841924,-1.2827637503007758
sub-040,160,correct,1,537.3379926115646,-1.9982129102124537
