subject_id,trial_id,condition,correct,rt_ms,ern_uv,is_correct,rt_valid,trial_valid,trial_type
sub-001,1,correct,1,436.862990027445,-1.7118660760243074,True,True,True,correct
sub-001,2,correct,1,521.3339743504278,-0.3924832099792952,True,True,True,correct
sub-001,3,correct,1,314.8921068400139,0.0310078281703356,True,True,True,correct
sub-001,4,correct,1,463.0659589935644,-1.5198879604723283,True,True,True,correct
sub-001,5,correct,1,501.38024858766096,4.275714820293303,True,True,True,correct
sub-001,6,correct,1,491.3311490621151,-4.626904256475349,True,True,True,correct
sub-001,7,error,0,437.0097449027979,-2.8429618804071586,False,True,True,error
sub-001,8,correct,1,467.56233323922777,0.89892930897379,True,True,True,correct
sub-001,9,correct,1,459.17202429449895,-0.3915593844403152,True,True,True,correct
sub-001,10,correct,1,510.27276310611546,0.3144380993525111,True,True,True,correct
sub-001,11,correct,1,621.4814826831239,-1.593263794775154,True,True,True,correct
sub-001,12,correct,1,726.7599783462706,-3.9831011260160034,True,True,True,correct
sub-001,13,correct,1,532.9898540108608,2.2722875037722545,True,True,True,correct
sub-001,14,correct,1,451.51614820504034,0.1225814518083824,True,True,True,correct
sub-001,15,correct,1,599.0303468469526,-0.3736263155160297,True,True,True,correct
sub-001,16,correct,1,481.8794365580786,-1.3450815888039935,True,True,True,correct
sub-001,17,correct,1,523.0327589032088,-2.0103214949109534,True,True,True,correct
sub-001,18,error,0,465.6019453345745,2.656499844325181,False,True,True,error
sub-001,19,error,0,498.4100283447417,-4.0457223551317085,False,True,True,error
sub-001,20,correct,1,367.82689321386334,-3.1179535616929144,True,True,True,correct
sub-001,21,correct,1,463.52130752380657,-0.5210989917721919,True,True,True,correct
sub-001,22,correct,1,433.9974073988097,-2.8684672784693674,True,True,True,correct
sub-001,23,correct,1,469.8709448372143,-1.182143764144559,True,True,True,correct
sub-001,24,correct,1,421.3419344793817,1.850011413190059,True,True,True,correct
sub-001,25,correct,1,559.0876068172281,-0.9861474380592696,True,True,True,correct
sub-001,26,correct,1,397.1993764303389,-3.301580114785033,True,True,True,correct
sub-001,27,correct,1,443.8699496267151,-0.057109925237813,True,True,True,correct
sub-001,28,correct,1,306.1403689833376,1.3797146590078702,True,True,True,correct
sub-001,29,correct,1,442.56216416945057,-1.9934991566541935,True,True,True,correct
sub-001,30,correct,1,583.4780068701367,1.0678256047382917,True,True,True,correct
sub-001,31,correct,1,480.8559665962553,-1.562030809153337,True,True,True,correct
sub-001,32,error,0,548.7253083880352,-2.168122104742895,False,True,True,error
sub-001,33,correct,1,486.34998310735074,2.140982812307884,True,True,True,correct
sub-001,34,correct,1,386.4842316214582,0.1899933931120414,True,True,True,correct
sub-001,35,correct,1,627.243950690367,-0.4403268445501521,True,True,True,correct
sub-001,36,correct,1,493.837793950668,-4.917208005787545,True,True,True,correct
sub-001,37,correct,1,425.3203268092939,-0.2679143609924822,True,True,True,correct
sub-001,38,error,0,533.2578015029092,-4.555314751800836,False,True,True,error
sub-001,39,correct,1,411.148908732698,-1.8471292779549373,True,True,True,correct
sub-001,40,correct,1,487.7686149283013,-3.6235350695693054,True,True,True,correct
sub-001,41,correct,1,577.2599662717423,-0.9248970159272212,True,True,True,correct
sub-001,42,correct,1,480.8478383754304,-1.4555936864564285,True,True,True,correct
sub-001,43,correct,1,463.3313339598772,1.0936450915312392,True,True,True,correct
sub-001,44,error,0,251.16881085395408,-5.090592446102324,False,True,True,error
sub-001,45,correct,1,391.1040237535426,4.385971304624941,True,True,True,correct
sub-001,46,correct,1,451.9473406459636,1.5129171958410057,True,True,True,correct
sub-001,47,correct,1,519.2404279561015,-0.3852455884866262,True,True,True,correct
sub-001,48,error,0,541.180292043375,-2.811297279161644,False,True,True,error
sub-001,49,correct,1,560.6308403680557,0.394473832001038,True,True,True,correct
sub-001,50,error,0,440.86207030041135,-1.1459655081315376,False,True,True,error
sub-001,51,correct,1,478.9207775338698,3.94713561328144,True,True,True,correct
sub-001,52,correct,1,446.2828168414823,-1.745986414170846,True,True,True,correct
sub-001,53,error,0,516.8273514967574,-4.586888163372045,False,True,True,error
sub-001,54,correct,1,362.2696411012568,-1.3721752896355868,True,True,True,correct
sub-001,55,correct,1,401.8258341038349,2.3402400332350624,True,True,True,correct
sub-001,56,correct,1,395.6471719689904,-2.1410727534241247,True,True,True,correct
sub-001,57,correct,1,476.8434850835457,0.9153307894320422,True,True,True,correct
sub-001,58,correct,1,480.1417996070824,0.8550155659207785,True,True,True,correct
sub-001,59,correct,1,493.6784850527891,-2.261306709217627,True,True,True,correct
sub-001,60,error,0,427.5026868658185,-4.078339094531381,False,True,True,error
sub-001,61,error,0,371.651961697686,-3.0320053082555054,False,True,True,error
sub-001,62,correct,1,432.9234723719287,-0.1777367201462113,True,True,True,correct
sub-001,63,correct,1,612.0601519152356,-1.8463734904372104,True,True,True,correct
sub-001,64,correct,1,445.5050958640194,-0.7885321477710959,True,True,True,correct
sub-001,65,correct,1,545.4203456327323,-0.9104148965635824,True,True,True,correct
sub-001,66,correct,1,531.7259791793729,4.546209378592335,True,True,True,correct
sub-001,67,correct,1,331.70325972791545,-1.5752690284733846,True,True,True,correct
sub-001,68,correct,1,532.5322134002172,-0.3970382554089331,True,True,True,correct
sub-001,69,correct,1,571.373360475436,-2.070043961537809,True,True,True,correct
sub-001,70,correct,1,489.6403276706773,-0.4828859562446294,True,True,True,correct
sub-001,71,correct,1,513.6828038986463,-3.429973428194729,True,True,True,correct
sub-001,72,correct,1,565.7326483921904,3.9492535738726335,True,True,True,correct
sub-001,73,correct,1,422.539549582329,-1.301820268063097,True,True,True,correct
sub-001,74,correct,1,333.0363916051431,-2.753838339998347,True,True,True,correct
sub-001,75,correct,1,546.1523912514638,-1.5569492307254262,True,True,True,correct
sub-001,76,error,0,594.0310957544444,-4.314258232318036,False,True,True,error
sub-001,77,error,0,484.8094067954094,-5.875519107924912,False,True,True,error
sub-001,78,correct,1,351.3368516513042,2.4765779471325,True,True,True,correct
sub-001,79,error,0,320.706766386577,-4.276188539903487,False,True,True,error
sub-001,80,correct,1,607.6782657156014,0.0202195602024967,True,True,True,correct
sub-001,81,correct,1,566.3429434532452,-0.494164026375349,True,True,True,correct
sub-001,82,correct,1,402.654562137578,-4.283811668866139,True,True,True,correct
sub-001,83,correct,1,514.968728302332,0.4119599688236444,True,True,True,correct
sub-001,84,correct,1,624.1778555075427,0.0013847011615213,True,True,True,correct
sub-001,85,correct,1,506.6218436780663,-1.7513047227151934,True,True,True,correct
sub-001,86,correct,1,400.9319199528235,-0.2300216856133383,True,True,True,correct
sub-001,87,correct,1,481.2275149761504,2.906134004455688,True,True,True,correct
sub-001,88,correct,1,290.85431880999386,1.9139407815475271,True,True,True,correct
sub-001,89,correct,1,620.1323186136337,-0.8754434320899324,True,True,True,correct
sub-001,90,correct,1,428.4407206279635,-0.1003299212850912,True,True,True,correct
sub-001,91,correct,1,461.07306010788017,0.7232871698616342,True,True,True,correct
sub-001,92,correct,1,469.5584185065373,-1.7905891246993473,True,True,True,correct
sub-001,93,error,0,612.9238989023258,-9.010454440043,False,True,True,error
sub-001,94,correct,1,514.851142042387,-3.058036119445129,True,True,True,correct
sub-001,95,correct,1,440.8738521299489,-1.449287367587761,True,True,True,correct
sub-001,96,correct,1,496.54172557586094,-3.300834460085315,True,True,True,correct
sub-001,97,correct,1,387.36275402462593,3.0135267288055614,True,True,True,correct
sub-001,98,correct,1,559.0256337659962,0.4949032517129293,True,True,True,correct
sub-001,99,correct,1,468.0763722553386,0.6863428447375435,True,True,True,correct
sub-001,100,correct,1,423.2080372441211,-2.1685478070633453,True,True,True,correct
sub-001,101,correct,1,537.466175229232,1.6876313622122163,True,True,True,correct
sub-001,102,correct,1,468.0136660733931,1.5916436447502706,True,True,True,correct
sub-001,103,correct,1,385.9355786256608,-2.465605280505925,True,True,True,correct
sub-001,104,error,0,458.0439237389145,-1.6556197696601744,False,True,True,error
sub-001,105,correct,1,468.7781522433526,1.4632386793174517,True,True,True,correct
sub-001,106,error,0,419.14481995608594,-0.9742532186056412,False,True,True,error
sub-001,107,correct,1,489.85003645081633,-1.0762663449890724,True,True,True,correct
sub-001,108,correct,1,442.84929462766246,-0.7488005423246479,True,True,True,correct
sub-001,109,correct,1,487.7164243650361,-2.6079975484618867,True,True,True,correct
sub-001,110,correct,1,540.5866643816296,5.763071043702284,True,True,True,correct
sub-001,111,correct,1,361.2328031944625,-3.525348280625879,True,True,True,correct
sub-001,112,correct,1,501.1235019055949,1.5150863073681269,True,True,True,correct
sub-001,113,correct,1,524.7133441437221,-3.8492401269661256,True,True,True,correct
sub-001,114,correct,1,584.750010089531,-1.9867814351917084,True,True,True,correct
sub-001,115,correct,1,396.72146528632265,-0.5392757191490836,True,True,True,correct
sub-001,116,correct,1,467.93677781445285,-3.718697620490574,True,True,True,correct
sub-001,117,correct,1,533.8592761251517,-3.193315010580985,True,True,True,correct
sub-001,118,correct,1,410.2529648088764,-1.7410807707314973,True,True,True,correct
sub-001,119,correct,1,425.8919496293724,-0.2177269795926378,True,True,True,correct
sub-001,120,correct,1,478.2162665092712,1.6713885612987804,True,True,True,correct
sub-001,121,correct,1,468.5212482263679,-2.711722378829996,True,True,True,correct
sub-001,122,correct,1,599.8381010035971,-3.127994207808883,True,True,True,correct
sub-001,123,error,0,423.177175025966,-1.4575714462251317,False,True,True,error
sub-001,124,error,0,460.0922962720148,-0.0798283989676647,False,True,True,error
sub-001,125,correct,1,351.9715461276325,-3.179539643157951,True,True,True,correct
sub-001,126,correct,1,546.1127902160225,-2.453199323890556,True,True,True,correct
sub-001,127,correct,1,469.7546183663941,-0.8085764792047755,True,True,True,correct
sub-001,128,correct,1,429.41887470770905,-1.180045329064065,True,True,True,correct
sub-001,129,correct,1,483.3990053013903,0.8973286223312922,True,True,True,correct
sub-001,130,correct,1,510.7474096428156,-1.4162916153592455,True,True,True,correct
sub-001,131,correct,1,589.007486036128,-0.7341366973725232,True,True,True,correct
sub-001,132,correct,1,587.3124350631616,2.0342962081923126,True,True,True,correct
sub-001,133,correct,1,506.9596900700271,-0.2232093403849354,True,True,True,correct
sub-001,134,correct,1,374.6211723441277,0.4405237043679756,True,True,True,correct
sub-001,135,error,0,330.6846274717415,-2.3691716628673847,False,True,True,error
sub-001,136,error,0,448.6023524380799,-4.734017310476966,False,True,True,error
sub-001,137,correct,1,408.5721877491392,3.8395901690531806,True,True,True,correct
sub-001,138,correct,1,413.9619142496661,-2.1916847705362943,True,True,True,correct
sub-001,139,error,0,411.94676335060416,-1.4135104144561348,False,True,True,error
sub-001,140,correct,1,388.5769207082377,0.3223047111218748,True,True,True,correct
sub-001,141,correct,1,471.337101569341,0.9734760949230344,True,True,True,correct
sub-001,142,error,0,512.5458852644657,-3.930727685245471,False,True,True,error
sub-001,143,correct,1,387.0003342224516,-2.2250615615790457,True,True,True,correct
sub-001,144,correct,1,403.60830002864986,2.4489583072166416,True,True,True,correct
sub-001,145,error,0,408.9816000000972,-1.0802155905494564,False,True,True,error
sub-001,146,correct,1,530.3531704204394,-2.820388515429645,True,True,True,correct
sub-001,147,correct,1,389.490648600717,-4.352777963752176,True,True,True,correct
sub-001,148,correct,1,400.4159790245872,0.7516905076328396,True,True,True,correct
sub-001,149,error,0,555.1903447634709,-5.5543181455363735,False,True,True,error
sub-001,150,correct,1,513.6480688056187,0.3642243967949288,True,True,True,correct
sub-001,151,correct,1,538.1915218739699,-3.276334467173152,True,True,True,correct
sub-001,152,correct,1,423.6283794902604,0.772653037785466,True,True,True,correct
sub-001,153,correct,1,464.16301407686274,-0.1964728220337593,True,True,True,correct
sub-001,154,correct,1,403.7966377019876,-1.293648605330361,True,True,True,correct
sub-001,155,error,0,461.2328573198313,-2.4918482134868998,False,True,True,error
sub-001,156,correct,1,484.9036150080344,-0.4281623974095748,True,True,True,correct
sub-001,157,correct,1,514.6381929516018,3.3832101234534964,True,True,True,correct
sub-001,158,correct,1,541.4134715854588,1.09259724646958,True,True,True,correct
sub-001,159,correct,1,556.0459920439108,1.169978413953638,True,True,True,correct
sub-001,160,correct,1,374.71491740367935,-1.567616149369256,True,True,True,correct
sub-002,1,correct,1,574.0115340850898,-1.8405001250017037,True,True,True,correct
sub-002,2,correct,1,513.7649557324844,-3.637890083368686,True,True,True,correct
sub-002,3,correct,1,535.6218708696476,-4.47980103777989,True,True,True,correct
sub-002,4,correct,1,568.2440609997358,-2.345445389106775,True,True,True,correct
sub-002,5,correct,1,419.5660755662263,-3.689728408079183,True,True,True,correct
sub-002,6,correct,1,424.73583290299166,0.5552627763390956,True,True,True,correct
sub-002,7,error,0,464.61844190229016,-1.1903772475486454,False,True,True,error
sub-002,8,correct,1,407.6539591170609,0.6067036684529978,True,True,True,correct
sub-002,9,error,0,367.8031711042116,-3.9631719392392313,False,True,True,error
sub-002,10,correct,1,435.0021016198919,0.9630285600170844,True,True,True,correct
sub-002,11,correct,1,662.8095052406646,-1.6020318728653231,True,True,True,correct
sub-002,12,correct,1,424.9972409030827,-1.812643107649512,True,True,True,correct
sub-002,13,correct,1,458.8696105470427,-4.511899606632404,True,True,True,correct
sub-002,14,error,0,367.0078586295603,-4.369954691259874,False,True,True,error
sub-002,15,correct,1,542.8244326837731,-0.5113304472331539,True,True,True,correct
sub-002,16,correct,1,461.3510870159649,-3.132088965983318,True,True,True,correct
sub-002,17,correct,1,450.23650179588,-1.3433430564726132,True,True,True,correct
sub-002,18,correct,1,554.6381701334174,-1.0742130783548374,True,True,True,correct
sub-002,19,correct,1,497.72796368821525,-3.73922608816515,True,True,True,correct
sub-002,20,correct,1,323.9403468439548,-0.6215413292293679,True,True,True,correct
sub-002,21,error,0,320.08833446883017,1.2452297265679475,False,True,True,error
sub-002,22,error,0,384.8340204326619,-1.8376220646092885,False,True,True,error
sub-002,23,correct,1,367.5504209627532,0.3942657114861456,True,True,True,correct
sub-002,24,correct,1,423.16466202384765,-1.6042940400726553,True,True,True,correct
sub-002,25,correct,1,461.9290993726714,-2.44146457490716,True,True,True,correct
sub-002,26,correct,1,409.9202512692968,-0.2234118210926046,True,True,True,correct
sub-002,27,correct,1,406.7202995463633,-2.668497909227532,True,True,True,correct
sub-002,28,correct,1,347.85329348218306,-1.3625977078339533,True,True,True,correct
sub-002,29,correct,1,479.3375727991356,-1.0311837138652145,True,True,True,correct
sub-002,30,correct,1,488.1038324233928,-1.4608709780855755,True,True,True,correct
sub-002,31,correct,1,366.5923218742504,-2.003301308823205,True,True,True,correct
sub-002,32,correct,1,364.03001973948767,-3.686459594150527,True,True,True,correct
sub-002,33,error,0,360.3137280131835,-2.172968838555983,False,True,True,error
sub-002,34,correct,1,413.92313941528994,1.6977296479668764,True,True,True,correct
sub-002,35,correct,1,516.9141369447321,-2.647286268793392,True,True,True,correct
sub-002,36,correct,1,274.662455806843,2.502636766147519,True,True,True,correct
sub-002,37,correct,1,417.89224719632654,0.2451906352152726,True,True,True,correct
sub-002,38,correct,1,452.690440117464,-2.5659094026291096,True,True,True,correct
sub-002,39,correct,1,365.0114897737429,-2.1548314606386905,True,True,True,correct
sub-002,40,correct,1,414.7341628625068,-0.8140355754592554,True,True,True,correct
sub-002,41,error,0,450.85926717061824,-4.153022580564353,False,True,True,error
sub-002,42,correct,1,582.2700173650439,-2.9111172041641917,True,True,True,correct
sub-002,43,correct,1,569.9318993049912,-1.85162127242514,True,True,True,correct
sub-002,44,error,0,474.9969597312653,-1.0663353101786743,False,True,True,error
sub-002,45,correct,1,375.0167240552788,4.15596657911917,True,True,True,correct
sub-002,46,correct,1,479.9279899054328,0.8917353285552638,True,True,True,correct
sub-002,47,correct,1,633.7044470726767,0.1514381118849851,True,True,True,correct
sub-002,48,error,0,410.61714463380457,-3.8357763114303873,False,True,True,error
sub-002,49,correct,1,372.5834175842342,0.7166734990009249,True,True,True,correct
sub-002,50,correct,1,401.2808086728895,0.7923580105562225,True,True,True,correct
sub-002,51,correct,1,396.46063657272816,1.761163856963925,True,True,True,correct
sub-002,52,correct,1,453.0905438214582,-0.8762045295075644,True,True,True,correct
sub-002,53,correct,1,466.9716036752246,0.1761486260422177,True,True,True,correct
sub-002,54,error,0,362.2369597922816,-2.3737235674762247,False,True,True,error
sub-002,55,correct,1,392.6845225236417,-0.2375939847705441,True,True,True,correct
sub-002,56,correct,1,476.0001433327675,-0.7118486355523601,True,True,True,correct
sub-002,57,correct,1,396.71349765475634,-0.1510483206594604,True,True,True,correct
sub-002,58,correct,1,420.1310829800797,-0.8040562001653309,True,True,True,correct
sub-002,59,correct,1,421.2284868185616,0.7352374202806216,True,True,True,correct
sub-002,60,correct,1,449.7730476156725,0.7242991260079155,True,True,True,correct
sub-002,61,correct,1,485.1416695195528,-0.3182448397344072,True,True,True,correct
sub-002,62,correct,1,538.8177654286696,0.6806821302723625,True,True,True,correct
sub-002,63,correct,1,421.3989217914643,-0.2268452972981289,True,True,True,correct
sub-002,64,correct,1,380.4570956880429,-1.1716818208026596,True,True,True,correct
sub-002,65,error,0,443.6286000635288,-2.189998145939139,False,True,True,error
sub-002,66,correct,1,356.88894407550754,1.1422030482091812,True,True,True,correct
sub-002,67,correct,1,470.3257195226345,0.7648885411429098,True,True,True,correct
sub-002,68,correct,1,481.69976734750816,-0.4688964826991823,True,True,True,correct
sub-002,69,correct,1,361.6106877195092,0.908637125614105,True,True,True,correct
sub-002,70,correct,1,410.6375910609513,-1.954837892175047,True,True,True,correct
sub-002,71,correct,1,572.4917949651706,0.3605564604439917,True,True,True,correct
sub-002,72,correct,1,507.7031823361959,0.7748808204061546,True,True,True,correct
sub-002,73,error,0,438.845292279376,-2.259483146399684,False,True,True,error
sub-002,74,correct,1,465.9031822049028,-1.8939737100543683,True,True,True,correct
sub-002,75,correct,1,391.6814233593735,-0.4111182021138092,True,True,True,correct
sub-002,76,correct,1,688.3532771872999,-0.4338153393275443,True,True,True,correct
sub-002,77,correct,1,468.91250006163375,-1.7522397317848486,True,True,True,correct
sub-002,78,error,0,542.9430252282567,-0.776620244557068,False,True,True,error
sub-002,79,correct,1,488.290648862533,-0.6405800823535257,True,True,True,correct
sub-002,80,correct,1,418.26035820029176,-0.7258944665940996,True,True,True,correct
sub-002,81,correct,1,496.6594237391069,-1.904192766299014,True,True,True,correct
sub-002,82,correct,1,429.21257768744704,-1.61424047411324,True,True,True,correct
sub-002,83,error,0,425.6245843020118,-0.7426284344303801,False,True,True,error
sub-002,84,correct,1,330.08504810763293,0.4492125470977344,True,True,True,correct
sub-002,85,correct,1,379.6631531121398,-5.761145489725989,True,True,True,correct
sub-002,86,correct,1,392.9117344107193,-0.2603587392686974,True,True,True,correct
sub-002,87,correct,1,663.9423310478318,-4.0425920386439405,True,True,True,correct
sub-002,88,correct,1,645.738396073115,-1.4477659110225964,True,True,True,correct
sub-002,89,correct,1,422.928004826519,-4.543677846079017,True,True,True,correct
sub-002,90,correct,1,397.2081764917086,-2.4504037407600725,True,True,True,correct
sub-002,91,correct,1,438.5036836960929,0.4879478047059062,True,True,True,correct
sub-002,92,correct,1,483.2746453880395,-6.676943767436448,True,True,True,correct
sub-002,93,correct,1,305.7064849008616,-1.6978664836835848,True,True,True,correct
sub-002,94,correct,1,447.4926865006491,0.7579852467729267,True,True,True,correct
sub-002,95,error,0,420.9260987758364,-2.402823539956072,False,True,True,error
sub-002,96,correct,1,517.8214242640298,-0.530792108402182,True,True,True,correct
sub-002,97,correct,1,444.5254971251992,-1.6008333661307317,True,True,True,correct
sub-002,98,correct,1,486.4982839718909,-1.9252426973594376,True,True,True,correct
sub-002,99,error,0,371.0905773403973,-2.377573051068875,False,True,True,error
sub-002,100,correct,1,308.36894792120006,0.1262562806665853,True,True,True,correct
sub-002,101,correct,1,408.9407287650973,4.3508181597874245,True,True,True,correct
sub-002,102,error,0,496.13576514886256,0.720160022555574,False,True,True,error
sub-002,103,correct,1,487.0654057620482,2.5995951516689844,True,True,True,correct
sub-002,104,correct,1,341.23409147155246,-3.854384536135439,True,True,True,correct
sub-002,105,error,0,428.4153334905638,-0.7558150941985308,False,True,True,error
sub-002,106,error,0,465.4224255199145,-2.911050465291866,False,True,True,error
sub-002,107,correct,1,378.4833274168031,-2.4541198129491644,True,True,True,correct
sub-002,108,correct,1,477.0279807802614,-1.3227601776455251,True,True,True,correct
sub-002,109,correct,1,498.6442018532312,-3.8059500045487606,True,True,True,correct
sub-002,110,correct,1,470.8381054731521,0.4017142056421526,True,True,True,correct
sub-002,111,correct,1,312.503191045575,-1.7546837147761418,True,True,True,correct
sub-002,112,error,0,486.3819994835196,-3.216472966917796,False,True,True,error
sub-002,113,correct,1,475.2184247156868,-1.965076516880771,True,True,True,correct
sub-002,114,correct,1,420.0163206980035,-2.2085766598255234,True,True,True,correct
sub-002,115,correct,1,481.3881217405829,-3.2385012984308794,True,True,True,correct
sub-002,116,correct,1,528.926938500177,0.6869635192279913,True,True,True,correct
sub-002,117,error,0,353.45672018758694,-1.599905727061344,False,True,True,error
sub-002,118,correct,1,550.8082502057134,-1.41909726803659,True,True,True,correct
sub-002,119,correct,1,524.4831908543102,-1.620915481180749,True,True,True,correct
sub-002,120,correct,1,428.1836919621373,-2.611912928360931,True,True,True,correct
sub-002,121,error,0,518.0191506412252,-0.9126534633268638,False,True,True,error
sub-002,122,correct,1,383.5893045414798,-2.5529678337616866,True,True,True,correct
sub-002,123,correct,1,575.5045419408832,1.7976099874697162,True,True,True,correct
sub-002,124,correct,1,527.8708211883278,0.1883975528260413,True,True,True,correct
sub-002,125,correct,1,494.4635874593216,-2.357595035679966,True,True,True,correct
sub-002,126,correct,1,437.1333347086405,-1.6292526161070096,True,True,True,correct
sub-002,127,correct,1,395.524919761082,-3.477271707488584,True,True,True,correct
sub-002,128,correct,1,529.4444038330764,3.279928767868049,True,True,True,correct
sub-002,129,correct,1,467.18100322339,-2.550576129892073,True,True,True,correct
sub-002,130,correct,1,498.9551653245408,0.7991517383092868,True,True,True,correct
sub-002,131,correct,1,540.2493396502638,-3.18111308428488,True,True,True,correct
sub-002,132,correct,1,490.3607132503232,0.6774635532950073,True,True,True,correct
sub-002,133,correct,1,340.6045907744324,-1.809938745221324,True,True,True,correct
sub-002,134,error,0,566.4010406665864,-0.5635055242614407,False,True,True,error
sub-002,135,correct,1,447.083877253288,-0.4168290068929682,True,True,True,correct
sub-002,136,correct,1,454.7991853715405,-1.9431191751477568,True,True,True,correct
sub-002,137,error,0,378.5270613689444,-0.7869103182711497,False,True,True,error
sub-002,138,correct,1,385.9250630724144,-1.849277792684345,True,True,True,correct
sub-002,139,correct,1,462.1634165786463,2.285798108576723,True,True,True,correct
sub-002,140,correct,1,616.8436238527725,-3.053708065091225,True,True,True,correct
sub-002,141,correct,1,445.3278017886616,-2.123972893643004,True,True,True,correct
sub-002,142,correct,1,418.5336452074524,0.2076629516188771,True,True,True,correct
sub-002,143,correct,1,458.0637717532952,-0.0742111999600714,True,True,True,correct
sub-002,144,correct,1,723.3498385542192,0.0636973201951486,True,True,True,correct
sub-002,145,correct,1,496.2933972070069,-3.276272103715257,True,True,True,correct
sub-002,146,correct,1,490.37300580063607,0.3222906654040652,True,True,True,correct
sub-002,147,correct,1,611.1626648081959,-3.0277195654356506,True,True,True,correct
sub-002,148,correct,1,453.5779886426116,-0.511561356621218,True,True,True,correct
sub-002,149,error,0,515.8884616162029,1.7844651796572106,False,True,True,error
sub-002,150,error,0,399.9193002468996,-0.3668976149642806,False,True,True,error
sub-002,151,correct,1,447.1689785696105,-1.631503620995343,True,True,True,correct
sub-002,152,correct,1,539.7044270159672,0.9707366491744724,True,True,True,correct
sub-002,153,correct,1,481.3347177729062,3.728859598585426,True,True,True,correct
sub-002,154,correct,1,343.8485052022869,-1.695056343397588,True,True,True,correct
sub-002,155,correct,1,573.5292963359567,2.2105413786161523,True,True,True,correct
sub-002,156,correct,1,556.5017754055697,0.7480367331377169,True,True,True,correct
sub-002,157,correct,1,478.4143223069462,-1.404648091405301,True,True,True,correct
sub-002,158,correct,1,371.32867997840526,2.613735867829245,True,True,True,correct
sub-002,159,correct,1,487.9324592951808,0.8048828853415753,True,True,True,correct
sub-002,160,correct,1,558.6621639777857,-5.862012343355429,True,True,True,correct
sub-003,1,error,0,396.8446693557788,-1.8605218151221723,False,True,True,error
sub-003,2,correct,1,444.6860635681323,2.91652408404398,True,True,True,correct
sub-003,3,correct,1,446.03473992385074,1.1747658534377547,True,True,True,correct
sub-003,4,correct,1,561.6222125190191,-0.7939688890077905,True,True,True,correct
sub-003,5,correct,1,509.92948187032994,0.9092534643445443,True,True,True,correct
sub-003,6,correct,1,507.3995492279613,3.2826393467815,True,True,True,correct
sub-003,7,correct,1,427.0475538971198,1.4542080315664223,True,True,True,correct
sub-003,8,correct,1,453.1070519028965,-1.5298789730174074,True,True,True,correct
sub-003,9,correct,1,547.5323835162835,1.909509502881589,True,True,True,correct
sub-003,10,correct,1,442.74892655340943,-1.410420288208492,True,True,True,correct
sub-003,11,correct,1,506.5703127285333,-1.6913508046019583,True,True,True,correct
sub-003,12,correct,1,457.2681128093918,-0.9860101473927508,True,True,True,correct
sub-003,13,correct,1,434.6411827778242,-1.198061202841293,True,True,True,correct
sub-003,14,correct,1,532.6606506317652,-2.91828577252396,True,True,True,correct
sub-003,15,correct,1,427.35191523087167,-0.040896224035841,True,True,True,correct
sub-003,16,correct,1,490.72125542055136,3.002865784961288,True,True,True,correct
sub-003,17,correct,1,394.0989679614425,-0.3528040312386353,True,True,True,correct
sub-003,18,correct,1,379.0619622743165,-2.673454069016848,True,True,True,correct
sub-003,19,correct,1,406.31588592433855,-2.066338243036917,True,True,True,correct
sub-003,20,error,0,572.9959716668766,-4.485424218628957,False,True,True,error
sub-003,21,correct,1,494.1071089242915,-1.941135200220139,True,True,True,correct
sub-003,22,correct,1,448.4856490192577,-4.533873319366046,True,True,True,correct
sub-003,23,correct,1,483.35502753118624,-1.8246587069349909,True,True,True,correct
sub-003,24,correct,1,462.81348023342366,-0.638476572157608,True,True,True,correct
sub-003,25,correct,1,396.6685801087568,3.054396615472692,True,True,True,correct
sub-003,26,correct,1,519.1332855830295,-1.1934616742110886,True,True,True,correct
sub-003,27,correct,1,546.832609667103,-4.200449411279971,True,True,True,correct
sub-003,28,correct,1,410.5487327148814,2.461970117014184,True,True,True,correct
sub-003,29,correct,1,535.5478195580777,1.5527474252478932,True,True,True,correct
sub-003,30,correct,1,389.3820118289646,0.3633564146804464,True,True,True,correct
sub-003,31,correct,1,292.2688558150786,-2.9522411254771117,True,True,True,correct
sub-003,32,correct,1,437.303850334385,-0.3182267910281128,True,True,True,correct
sub-003,33,correct,1,451.2879497126184,-3.616343914278912,True,True,True,correct
sub-003,34,correct,1,404.08806733850656,0.0657923950274745,True,True,True,correct
sub-003,35,correct,1,399.4823355623612,-3.354260752388005,True,True,True,correct
sub-003,36,correct,1,481.9695957550517,1.2705910143539825,True,True,True,correct
sub-003,37,correct,1,384.87619329437234,-4.513771749901251,True,True,True,correct
sub-003,38,correct,1,407.30630962914927,4.035599240320187,True,True,True,correct
sub-003,39,correct,1,508.74289229880384,-0.4678013147128046,True,True,True,correct
sub-003,40,correct,1,571.6620575345654,-2.1431714995290867,True,True,True,correct
sub-003,41,correct,1,450.5137474894189,0.5243145480638554,True,True,True,correct
sub-003,42,correct,1,498.21583860757687,5.4475644649893225,True,True,True,correct
sub-003,43,correct,1,484.0733645300824,-2.1777998341702927,True,True,True,correct
sub-003,44,correct,1,455.4988555940795,-0.1421674418195385,True,True,True,correct
sub-003,45,error,0,442.77664815919707,-1.5339966046511748,False,True,True,error
sub-003,46,correct,1,599.5298035029984,-0.5910479901067097,True,True,True,correct
sub-003,47,correct,1,435.5565854126108,4.109597416330008,True,True,True,correct
sub-003,48,correct,1,579.9344923266183,-0.7627933953365962,True,True,True,correct
sub-003,49,error,0,509.5657470054613,-4.068063190997721,False,True,True,error
sub-003,50,error,0,387.2884402764909,-4.180059970341456,False,True,True,error
sub-003,51,correct,1,440.1651153006376,-0.4977215302175896,True,True,True,correct
sub-003,52,correct,1,408.4804284577286,-1.7749449524757088,True,True,True,correct
sub-003,53,correct,1,414.51441940207457,-2.747633170288072,True,True,True,correct
sub-003,54,error,0,313.53046603944176,-3.9518844826393735,False,True,True,error
sub-003,55,error,0,571.6966809107842,-3.452749467610788,False,True,True,error
sub-003,56,correct,1,513.1271357355233,0.5923879784348753,True,True,True,correct
sub-003,57,correct,1,605.2176036843797,0.3283574432771549,True,True,True,correct
sub-003,58,correct,1,472.0347090959257,-0.0669403245320798,True,True,True,correct
sub-003,59,error,0,458.58411911067697,-1.9215996681263687,False,True,True,error
sub-003,60,correct,1,533.1808403061973,-0.8789172079380972,True,True,True,correct
sub-003,61,correct,1,472.3789578239448,-1.4784081667650173,True,True,True,correct
sub-003,62,correct,1,534.0359677126278,-0.1646514843712956,True,True,True,correct
sub-003,63,correct,1,433.2997202378023,0.3385256884006922,True,True,True,correct
sub-003,64,correct,1,382.11716346164985,-2.018085950193816,True,True,True,correct
sub-003,65,correct,1,514.637749558695,-2.165912691062241,True,True,True,correct
sub-003,66,correct,1,470.9954552189552,-1.8888905565541507,True,True,True,correct
sub-003,67,correct,1,424.61862737868256,-0.9934540594114688,True,True,True,correct
sub-003,68,correct,1,522.4891798664567,0.3496654881417286,True,True,True,correct
sub-003,69,correct,1,523.8332496305959,0.3517208952927875,True,True,True,correct
sub-003,70,correct,1,483.5034511530832,1.6064963073976604,True,True,True,correct
sub-003,71,correct,1,401.0280712398379,-1.7372027975210556,True,True,True,correct
sub-003,72,correct,1,345.70606560631484,0.2815702030657521,True,True,True,correct
sub-003,73,correct,1,518.2772960476668,-2.4616620702301857,True,True,True,correct
sub-003,74,correct,1,452.4047535638889,0.6588559379608561,True,True,True,correct
sub-003,75,correct,1,429.2900974586015,-3.451679067362023,True,True,True,correct
sub-003,76,correct,1,471.8520620602335,0.7735073713820622,True,True,True,correct
sub-003,77,correct,1,476.9070382647952,1.6064380187336893,True,True,True,correct
sub-003,78,correct,1,461.5386129174615,3.0917786348898986,True,True,True,correct
sub-003,79,correct,1,549.4653503347088,-0.5869803972115979,True,True,True,correct
sub-003,80,correct,1,519.909449714254,-2.506518235347678,True,True,True,correct
sub-003,81,correct,1,327.76873625173647,-2.675565544519852,True,True,True,correct
sub-003,82,correct,1,358.8600800539595,-2.48062815368895,True,True,True,correct
sub-003,83,correct,1,622.405768420946,4.238084483152076,True,True,True,correct
sub-003,84,correct,1,528.3963105643821,-2.044268438232689,True,True,True,correct
sub-003,85,correct,1,591.4203933101703,0.8969107134251999,True,True,True,correct
sub-003,86,correct,1,559.5752137056537,-0.7759545404728176,True,True,True,correct
sub-003,87,error,0,363.21599961105386,-3.4886819543177814,False,True,True,error
sub-003,88,correct,1,501.4839412131883,0.1695676070707306,True,True,True,correct
sub-003,89,error,0,387.9352683386261,-0.9143136316937636,False,True,True,error
sub-003,90,correct,1,460.65049644304224,-0.2264371990822654,True,True,True,correct
sub-003,91,correct,1,288.2490350402303,-0.0528708491353223,True,True,True,correct
sub-003,92,correct,1,437.1001471761382,-1.4022796013162833,True,True,True,correct
sub-003,93,error,0,539.5682253081959,-4.237352028085588,False,True,True,error
sub-003,94,correct,1,500.3503170863432,0.9422504165322914,True,True,True,correct
sub-003,95,correct,1,433.113540009865,-0.9690899563845377,True,True,True,correct
sub-003,96,correct,1,551.9083013046829,3.358722916340699,True,True,True,correct
sub-003,97,correct,1,442.17712933555833,-1.7534127620311568,True,True,True,correct
sub-003,98,correct,1,367.27524860874365,2.174706330165892,True,True,True,correct
sub-003,99,error,0,506.0484070226457,-3.009403231536857,False,True,True,error
sub-003,100,correct,1,464.7214304858838,-0.8724751884533177,True,True,True,correct
sub-003,101,correct,1,513.208149062382,-0.8451382789053798,True,True,True,correct
sub-003,102,correct,1,445.7518312520318,-2.7087190299252297,True,True,True,correct
sub-003,103,correct,1,537.8601130838007,0.519152213043772,True,True,True,correct
sub-003,104,correct,1,442.9216184247477,-3.0664605907037825,True,True,True,correct
sub-003,105,correct,1,497.6877767914159,-1.736255448379339,True,True,True,correct
sub-003,106,correct,1,537.2971496398459,1.5635284333766262,True,True,True,correct
sub-003,107,correct,1,583.572148723641,-1.5923340084334898,True,True,True,correct
sub-003,108,correct,1,538.1317292210001,-0.2877514649001199,True,True,True,correct
sub-003,109,correct,1,271.13325662540086,-1.027378113609792,True,True,True,correct
sub-003,110,correct,1,419.11905590219,1.692725463287743,True,True,True,correct
sub-003,111,correct,1,397.5883850176555,4.062044619845617,True,True,True,correct
sub-003,112,correct,1,387.7684624835251,-1.051847450891897,True,True,True,correct
sub-003,113,correct,1,440.9726737506491,-0.7605537578053122,True,True,True,correct
sub-003,114,correct,1,479.4103682239136,-0.887707062985877,True,True,True,correct
sub-003,115,correct,1,510.6403631828418,0.6653510934323486,True,True,True,correct
sub-003,116,correct,1,532.2246058928775,1.0815625373378803,True,True,True,correct
sub-003,117,correct,1,425.1957966623743,1.579335999993552,True,True,True,correct
sub-003,118,correct,1,508.4259532685671,2.216862699932267,True,True,True,correct
sub-003,119,correct,1,455.8650197584798,-1.9630351847219691,True,True,True,correct
sub-003,120,error,0,543.9665388730598,-5.748299653462441,False,True,True,error
sub-003,121,correct,1,489.142352626244,0.258883719328909,True,True,True,correct
sub-003,122,error,0,496.698838624972,-6.29511052994205,False,True,True,error
sub-003,123,correct,1,616.9254329907768,-1.1844836817754978,True,True,True,correct
sub-003,124,correct,1,525.6520822359844,-2.1894844551621846,True,True,True,correct
sub-003,125,correct,1,538.5648427187816,0.5358233814653017,True,True,True,correct
sub-003,126,correct,1,480.9782613410174,1.4099292141796549,True,True,True,correct
sub-003,127,correct,1,534.8277158493826,-2.7516094508169258,True,True,True,correct
sub-003,128,correct,1,386.4838121934954,4.9917265818565495,True,True,True,correct
sub-003,129,correct,1,497.9665162514097,1.5638077971772493,True,True,True,correct
sub-003,130,correct,1,452.7317144683503,3.918170781585924,True,True,True,correct
sub-003,131,correct,1,279.4748836386015,0.488376810936347,True,True,True,correct
sub-003,132,correct,1,271.365762808273,-2.590171295943603,True,True,True,correct
sub-003,133,correct,1,574.2142054676859,-0.216272928123301,True,True,True,correct
sub-003,134,correct,1,421.0258939509674,-0.7309551408349702,True,True,True,correct
sub-003,135,correct,1,400.8752872673482,1.5902671187477735,True,True,True,correct
sub-003,136,correct,1,429.1677399778192,-2.595053018664353,True,True,True,correct
sub-003,137,correct,1,404.5789217832312,-1.449359242048474,True,True,True,correct
sub-003,138,correct,1,355.56130081536645,-0.2704175904232463,True,True,True,correct
sub-003,139,correct,1,485.5410793585909,1.1852766718632874,True,True,True,correct
sub-003,140,correct,1,349.32846835920634,3.3691366082186605,True,True,True,correct
sub-003,141,correct,1,389.6906960189001,2.948833722727546,True,True,True,correct
sub-003,142,correct,1,414.15535514855776,-3.150983170630264,True,True,True,correct
sub-003,143,correct,1,297.5616654787211,1.6303886858968923,True,True,True,correct
sub-003,144,correct,1,572.7344735446277,2.3314836250043767,True,True,True,correct
sub-003,145,correct,1,322.48606900708955,1.054947021905052,True,True,True,correct
sub-003,146,correct,1,366.7382891163609,-1.5286202536735325,True,True,True,correct
sub-003,147,error,0,373.0370067191985,-1.2174323148984705,False,True,True,error
sub-003,148,correct,1,437.5314637809127,-2.9306579857249653,True,True,True,correct
sub-003,149,correct,1,410.9012781978858,1.058588554789844,True,True,True,correct
sub-003,150,correct,1,435.4218892515567,0.605436995307697,True,True,True,correct
sub-003,151,correct,1,504.4596065242448,-0.2841569289006567,True,True,True,correct
sub-003,152,correct,1,496.6315428840919,-2.6876636583577764,True,True,True,correct
sub-003,153,correct,1,522.3636558777082,1.001526622020237,True,True,True,correct
sub-003,154,error,0,337.0051036250718,-1.3343779913907658,False,True,True,error
sub-003,155,correct,1,490.0704513436681,2.170277590581317,True,True,True,correct
sub-003,156,error,0,465.3100218432061,-8.637103763762687,False,True,True,error
sub-003,157,error,0,443.3457764331986,-5.599868178488529,False,True,True,error
sub-003,158,correct,1,382.2992747257257,-0.2452534354647929,True,True,True,correct
sub-003,159,error,0,463.8708945619417,-0.5503581993464794,False,True,True,error
sub-003,160,error,0,354.0871592288513,-1.307411244689471,False,True,True,error
sub-004,1,correct,1,538.7317396662908,-0.1651198750523104,True,True,True,correct
sub-004,2,error,0,387.092722381748,-3.684434418319253,False,True,True,error
sub-004,3,correct,1,486.029795624204,-2.241836055861121,True,True,True,correct
sub-004,4,error,0,462.1004500053975,-0.9238579966346192,False,True,True,error
sub-004,5,correct,1,610.7164951267273,1.1912033189701594,True,True,True,correct
sub-004,6,error,0,430.79616760638527,-0.8337041033912052,False,True,True,error
sub-004,7,correct,1,423.7502567924141,-0.1998826929889176,True,True,True,correct
sub-004,8,error,0,517.9078024289163,-0.5099360697340398,False,True,True,error
sub-004,9,correct,1,515.6858827022872,-0.3071939458820836,True,True,True,correct
sub-004,10,correct,1,511.6587399688309,-1.2655810932386529,True,True,True,correct
sub-004,11,correct,1,526.0636667076508,-1.476400928523142,True,True,True,correct
sub-004,12,correct,1,436.6997129962835,-1.1016547989791352,True,True,True,correct
sub-004,13,correct,1,521.3684032526276,-0.7019705924382641,True,True,True,correct
sub-004,14,correct,1,402.5946489723143,0.0575896144971543,True,True,True,correct
sub-004,15,correct,1,376.2451802751677,-0.7138322932401502,True,True,True,correct
sub-004,16,correct,1,325.2161258842979,-1.5563983711881064,True,True,True,correct
sub-004,17,correct,1,398.27490340257566,-3.6934152189875102,True,True,True,correct
sub-004,18,correct,1,575.7487708976436,3.0104927293953683,True,True,True,correct
sub-004,19,correct,1,388.8220765812501,2.521099951616604,True,True,True,correct
sub-004,20,correct,1,519.2685206855913,3.7014715842771473,True,True,True,correct
sub-004,21,correct,1,541.8515058477763,-3.1704434212231885,True,True,True,correct
sub-004,22,correct,1,335.1194536116129,-1.6258800625772474,True,True,True,correct
sub-004,23,correct,1,472.9759038556107,-4.324977534450771,True,True,True,correct
sub-004,24,correct,1,287.2311212202496,2.907411404368465,True,True,True,correct
sub-004,25,correct,1,586.8380971607613,-2.763925290759165,True,True,True,correct
sub-004,26,correct,1,454.2099249744725,-0.9195290750159736,True,True,True,correct
sub-004,27,correct,1,507.6747595178232,1.882531423593933,True,True,True,correct
sub-004,28,correct,1,506.71102252515055,0.718176772676031,True,True,True,correct
sub-004,29,correct,1,310.5331617669516,-0.3299412046197688,True,True,True,correct
sub-004,30,correct,1,390.30118382152193,-2.503541716694796,True,True,True,correct
sub-004,31,correct,1,497.6558709482516,-0.4285406522806151,True,True,True,correct
sub-004,32,correct,1,393.19819994601295,-0.1955611178681163,True,True,True,correct
sub-004,33,correct,1,418.7413025597465,-0.9139892537429416,True,True,True,correct
sub-004,34,correct,1,490.23816152377617,-2.946858276810993,True,True,True,correct
sub-004,35,error,0,374.1376811575572,-0.6223263127895922,False,True,True,error
sub-004,36,correct,1,469.8666290063823,1.507983162074411,True,True,True,correct
sub-004,37,correct,1,445.9686537101494,-1.281643341079204,True,True,True,correct
sub-004,38,error,0,436.6160311116859,2.419415509186232,False,True,True,error
sub-004,39,correct,1,388.2393628049,0.2426970184235342,True,True,True,correct
sub-004,40,correct,1,468.8247706961638,-1.910312153689505,True,True,True,correct
sub-004,41,correct,1,412.1784969296269,1.3117162224342396,True,True,True,correct
sub-004,42,correct,1,458.2522327619871,3.3068104384971773,True,True,True,correct
sub-004,43,error,0,355.24693082906333,1.9373425674036049,False,True,True,error
sub-004,44,correct,1,440.3370468396115,-0.1797013740064945,True,True,True,correct
sub-004,45,correct,1,416.567789093424,-1.9647102992818144,True,True,True,correct
sub-004,46,correct,1,599.6275255126577,0.3090801073037822,True,True,True,correct
sub-004,47,error,0,556.3776775766883,-2.5316205780012515,False,True,True,error
sub-004,48,correct,1,419.77110199283663,1.5750582848588763,True,True,True,correct
sub-004,49,correct,1,431.1878844900697,0.2918682104653508,True,True,True,correct
sub-004,50,correct,1,401.8975653811271,-0.4236464309012675,True,True,True,correct
sub-004,51,correct,1,472.5324489474894,-0.3632930339010867,True,True,True,correct
sub-004,52,correct,1,474.100022623796,0.764692187957856,True,True,True,correct
sub-004,53,correct,1,451.5111270113717,-1.8965288632293609,True,True,True,correct
sub-004,54,correct,1,566.3546542217484,-1.0170523795842903,True,True,True,correct
sub-004,55,correct,1,466.8556009474517,3.5706519044760343,True,True,True,correct
sub-004,56,correct,1,409.3853472672445,-2.308282919184282,True,True,True,correct
sub-004,57,correct,1,589.598135583745,1.4398729327764817,True,True,True,correct
sub-004,58,correct,1,487.5665556347498,-1.1202104430836208,True,True,True,correct
sub-004,59,correct,1,521.6650035102346,1.8503692955369715,True,True,True,correct
sub-004,60,error,0,245.9770132409146,-2.328059846860981,False,True,True,error
sub-004,61,error,0,376.8466090318138,-0.7300905597453731,False,True,True,error
sub-004,62,error,0,456.2581567670376,-2.884710328863945,False,True,True,error
sub-004,63,error,0,300.2851165869047,-4.801786658790332,False,True,True,error
sub-004,64,correct,1,358.2076346168361,0.4732652237903848,True,True,True,correct
sub-004,65,correct,1,399.6743651145699,0.220527432763764,True,True,True,correct
sub-004,66,correct,1,352.25325592173704,-5.566344301808874,True,True,True,correct
sub-004,67,correct,1,608.8281203549924,-1.5400751273552102,True,True,True,correct
sub-004,68,error,0,545.5245556943855,-3.1267139830217845,False,True,True,error
sub-004,69,correct,1,445.3839273769357,-2.508771313214004,True,True,True,correct
sub-004,70,correct,1,319.63580134360154,-1.8683696599987871,True,True,True,correct
sub-004,71,correct,1,327.5250394598518,-0.9130038094728689,True,True,True,correct
sub-004,72,correct,1,488.3812534056785,-2.621731619886307,True,True,True,correct
sub-004,73,correct,1,404.4448994717966,-2.8832805315390475,True,True,True,correct
sub-004,74,correct,1,504.28429432653536,-0.3707767960544152,True,True,True,correct
sub-004,75,correct,1,535.3063238476748,0.5814630586614545,True,True,True,correct
sub-004,76,correct,1,378.2592776115943,1.829091342723029,True,True,True,correct
sub-004,77,correct,1,339.51607918291006,-0.7331514522151631,True,True,True,correct
sub-004,78,correct,1,530.1719375550687,2.613569594141489,True,True,True,correct
sub-004,79,error,0,369.2908596777619,-0.659765822209559,False,True,True,error
sub-004,80,correct,1,378.9162974414288,-1.8112949924964763,True,True,True,correct
sub-004,81,correct,1,490.8517098119978,-0.0865979436269708,True,True,True,correct
sub-004,82,error,0,450.27093885873376,-0.0653566637843952,False,True,True,error
sub-004,83,correct,1,385.2218306934821,-1.8201960553924736,True,True,True,correct
sub-004,84,correct,1,510.2344908628247,0.5492296485230715,True,True,True,correct
sub-004,85,correct,1,549.2538686626433,-0.5300159271276177,True,True,True,correct
sub-004,86,correct,1,556.6688634389014,2.1325766013310035,True,True,True,correct
sub-004,87,correct,1,389.5247205286199,-3.918802303454396,True,True,True,correct
sub-004,88,error,0,509.1180617589199,-2.036545321466879,False,True,True,error
sub-004,89,correct,1,405.666962014753,-0.7105626937415406,True,True,True,correct
sub-004,90,correct,1,574.0368222949523,0.5148900507730899,True,True,True,correct
sub-004,91,error,0,520.3097811383502,-0.094807325923377,False,True,True,error
sub-004,92,correct,1,375.9716281921624,-4.077016626001536,True,True,True,correct
sub-004,93,correct,1,413.0305020765083,-2.9649391267094924,True,True,True,correct
sub-004,94,correct,1,679.9452932252784,-1.7027358696820727,True,True,True,correct
sub-004,95,correct,1,539.4678327385709,-0.075609678465224,True,True,True,correct
sub-004,96,error,0,509.3085972609365,-3.943293371840813,False,True,True,error
sub-004,97,correct,1,542.2484339316158,0.9222123619290497,True,True,True,correct
sub-004,98,correct,1,570.9013043356318,-1.263261449433024,True,True,True,correct
sub-004,99,correct,1,485.13505723270526,-5.18693350056954,True,True,True,correct
sub-004,100,correct,1,546.955964318041,-3.721878697692416,True,True,True,correct
sub-004,101,error,0,425.8385194994916,-4.628139918490739,False,True,True,error
sub-004,102,error,0,352.6874126528046,-4.1337824588696765,False,True,True,error
sub-004,103,correct,1,531.2807390177704,0.2534445916003298,True,True,True,correct
sub-004,104,correct,1,317.5012929918961,-0.928490060346884,True,True,True,correct
sub-004,105,error,0,449.49584809753503,-2.4041567270538766,False,True,True,error
sub-004,106,correct,1,522.38833662046,1.6586313164200468,True,True,True,correct
sub-004,107,correct,1,470.7774856389413,-3.41236737420451,True,True,True,correct
sub-004,108,correct,1,500.7055152392695,-0.3626552283763072,True,True,True,correct
sub-004,109,correct,1,483.9148895642677,-1.6135539006852502,True,True,True,correct
sub-004,110,correct,1,560.2470500310992,0.032956663781661,True,True,True,correct
sub-004,111,error,0,344.3156169304799,2.328112752745055,False,True,True,error
sub-004,112,correct,1,455.4573224357137,2.591282279781708,True,True,True,correct
sub-004,113,correct,1,459.8811882319595,-2.699061021770111,True,True,True,correct
sub-004,114,error,0,296.6165822877764,-5.017185846388292,False,True,True,error
sub-004,115,correct,1,420.0181567510495,-3.0149243776404924,True,True,True,correct
sub-004,116,correct,1,512.4854038168969,-0.6697653761187784,True,True,True,correct
sub-004,117,correct,1,401.0983158556163,-3.589124781684641,True,True,True,correct
sub-004,118,error,0,443.071940386038,-4.0558870409465095,False,True,True,error
sub-004,119,correct,1,514.7109112190064,-3.245845663169502,True,True,True,correct
sub-004,120,correct,1,450.34107911836816,-1.6866379689660338,True,True,True,correct
sub-004,121,error,0,470.87259319107824,-1.9792708373615289,False,True,True,error
sub-004,122,correct,1,390.1458763349448,-0.8348284775599881,True,True,True,correct
sub-004,123,correct,1,646.493592880221,-2.514259039411573,True,True,True,correct
sub-004,124,correct,1,390.3404894080171,-2.7342304515596774,True,True,True,correct
sub-004,125,correct,1,575.6873990243618,4.098948781488794,True,True,True,correct
sub-004,126,correct,1,492.5463255634643,-0.0867933211085448,True,True,True,correct
sub-004,127,correct,1,639.7182032236095,0.1545032271116918,True,True,True,correct
sub-004,128,correct,1,353.2402636575232,-0.7412919798605484,True,True,True,correct
sub-004,129,correct,1,262.59385278340005,-0.5624805423747442,True,True,True,correct
sub-004,130,correct,1,475.7954500198895,0.7178908429738745,True,True,True,correct
sub-004,131,error,0,414.071792083406,-3.649417040412326,False,True,True,error
sub-004,132,correct,1,378.809584521675,-2.227227451657866,True,True,True,correct
sub-004,133,correct,1,462.2471757418649,-4.102493666548761,True,True,True,correct
sub-004,134,correct,1,373.6508750129007,0.529895290627444,True,True,True,correct
sub-004,135,correct,1,493.0760006405037,-0.3650935360703274,True,True,True,correct
sub-004,136,correct,1,439.1002414486903,-0.7024630360728081,True,True,True,correct
sub-004,137,correct,1,413.5106893402392,-0.2896775123106457,True,True,True,correct
sub-004,138,correct,1,432.6416473431755,-0.5013402431788291,True,True,True,correct
sub-004,139,correct,1,475.2761688903967,2.5035726455080383,True,True,True,correct
sub-004,140,error,0,509.73118779158,-3.416201798524884,False,True,True,error
sub-004,141,correct,1,366.7954535332203,-0.3419161727422031,True,True,True,correct
sub-004,142,correct,1,489.5744802454744,1.5351960678213787,True,True,True,correct
sub-004,143,error,0,537.4738286712661,-0.9727391607224276,False,True,True,error
sub-004,144,correct,1,414.29606288724426,0.1640050826264533,True,True,True,correct
sub-004,145,error,0,549.3927469622619,0.3094161468349599,False,True,True,error
sub-004,146,correct,1,566.043837174319,0.7641823292073439,True,True,True,correct
sub-004,147,correct,1,495.5067160962493,-2.8312851396598457,True,True,True,correct
sub-004,148,correct,1,437.408907903333,-1.754205685551958,True,True,True,correct
sub-004,149,correct,1,307.80312678835537,-1.2413777322395294,True,True,True,correct
sub-004,150,correct,1,376.2369163725646,-0.0850719895799095,True,True,True,correct
sub-004,151,correct,1,484.8000288642933,1.820582005146646,True,True,True,correct
sub-004,152,correct,1,535.1084883234589,0.7381060031554142,True,True,True,correct
sub-004,153,correct,1,473.7202850964781,-0.7959933939946934,True,True,True,correct
sub-004,154,correct,1,511.6833117042471,-3.4739744169614046,True,True,True,correct
sub-004,155,correct,1,373.123432573384,-1.464992737119127,True,True,True,correct
sub-004,156,correct,1,491.554337747245,2.3571074233134013,True,True,True,correct
sub-004,157,correct,1,609.4659214305871,-2.566807089515757,True,True,True,correct
sub-004,158,correct,1,597.0800282337531,-1.2146155819667497,True,True,True,correct
sub-004,159,correct,1,473.7613257366476,0.3307482349066379,True,True,True,correct
sub-004,160,correct,1,418.3905574236704,0.5963328623016658,True,True,True,correct
sub-005,1,correct,1,518.1701961978065,-0.3959649711665572,True,True,True,correct
sub-005,2,correct,1,521.8373884899571,-0.7921090415622504,True,True,True,correct
sub-005,3,correct,1,639.9827665825565,-0.0421817519369298,True,True,True,correct
sub-005,4,error,0,395.2103232862128,-1.268847109063492,False,True,True,error
sub-005,5,correct,1,505.3478937785455,-0.9525260883583452,True,True,True,correct
sub-005,6,correct,1,588.4427339546195,-3.4718814998570577,True,True,True,correct
sub-005,7,correct,1,584.4719043549496,-0.4932792171575364,True,True,True,correct
sub-005,8,correct,1,548.9611168077208,-4.483470412916762,True,True,True,correct
sub-005,9,correct,1,673.5167854099095,-0.2997089890921986,True,True,True,correct
sub-005,10,error,0,412.2855799692484,-0.5304467758743678,False,True,True,error
sub-005,11,correct,1,374.4942469104785,3.4408962684136624,True,True,True,correct
sub-005,12,correct,1,442.3815519283903,-4.0698713151498165,True,True,True,correct
sub-005,13,error,0,356.368959637422,-2.811102283258616,False,True,True,error
sub-005,14,correct,1,502.16967106828577,-0.9920897010334376,True,True,True,correct
sub-005,15,correct,1,383.0373473387896,-0.8225096243280177,True,True,True,correct
sub-005,16,correct,1,459.4282425159872,-3.3129532631076053,True,True,True,correct
sub-005,17,correct,1,434.47093226594,-2.198747394949762,True,True,True,correct
sub-005,18,error,0,463.6054444599819,-5.486955283490615,False,True,True,error
sub-005,19,error,0,365.4656083436111,-2.1001234540665,False,True,True,error
sub-005,20,correct,1,391.5308040055142,-2.668005645383772,True,True,True,correct
sub-005,21,correct,1,481.870957497519,-1.2614761652883757,True,True,True,correct
sub-005,22,correct,1,436.520717504314,-2.806870203083787,True,True,True,correct
sub-005,23,correct,1,430.83049137620856,-1.542925440529025,True,True,True,correct
sub-005,24,error,0,435.1621256796816,1.1823398645444776,False,True,True,error
sub-005,25,correct,1,255.8049745448278,1.8264754352124468,True,True,True,correct
sub-005,26,correct,1,505.6323835314829,-1.3569008115753791,True,True,True,correct
sub-005,27,correct,1,438.42685944042927,-1.7432056680546375,True,True,True,correct
sub-005,28,correct,1,462.31255187562647,-0.121683430324803,True,True,True,correct
sub-005,29,error,0,460.8045749097564,-5.754487228637169,False,True,True,error
sub-005,30,correct,1,490.7870389449448,-1.5514239429004348,True,True,True,correct
sub-005,31,correct,1,494.9741565680272,-1.2440262732209408,True,True,True,correct
sub-005,32,correct,1,456.5939016804913,-3.415201899531155,True,True,True,correct
sub-005,33,correct,1,465.6097358530207,0.3880273116091334,True,True,True,correct
sub-005,34,correct,1,315.514721473963,0.3556898880206564,True,True,True,correct
sub-005,35,correct,1,621.3516091080446,-0.3985663553625754,True,True,True,correct
sub-005,36,correct,1,531.0374470261316,-5.488309183141175,True,True,True,correct
sub-005,37,correct,1,436.2448284241118,0.8731586732095108,True,True,True,correct
sub-005,38,correct,1,468.6807453559018,0.8115979020385934,True,True,True,correct
sub-005,39,correct,1,393.8384686739672,1.346931266671758,True,True,True,correct
sub-005,40,correct,1,401.45800425304026,1.0804046305848578,True,True,True,correct
sub-005,41,error,0,389.3700901059962,-4.002895358916806,False,True,True,error
sub-005,42,correct,1,273.9647560349705,-0.3517208011104257,True,True,True,correct
sub-005,43,correct,1,534.4152671772863,0.6312329577986423,True,True,True,correct
sub-005,44,correct,1,404.6624073881935,-2.768856814567825,True,True,True,correct
sub-005,45,correct,1,414.2822404139547,-2.2362282078495266,True,True,True,correct
sub-005,46,correct,1,528.7961474738419,-2.0999626576829065,True,True,True,correct
sub-005,47,correct,1,676.674296947381,0.2554895376961906,True,True,True,correct
sub-005,48,correct,1,547.638230844277,3.3514804800408813,True,True,True,correct
sub-005,49,correct,1,539.8230118035302,-3.302390762186292,True,True,True,correct
sub-005,50,correct,1,520.4629632787633,0.5487408958925076,True,True,True,correct
sub-005,51,error,0,487.3963981575282,-1.9646676960196392,False,True,True,error
sub-005,52,correct,1,412.3580277040415,1.6812747878012035,True,True,True,correct
sub-005,53,correct,1,380.15350003328336,-1.8553417548419635,True,True,True,correct
sub-005,54,correct,1,383.7586632964251,-2.147640085444275,True,True,True,correct
sub-005,55,correct,1,418.5212000462709,-1.39894817580931,True,True,True,correct
sub-005,56,error,0,428.8429250292904,-5.072362169603808,False,True,True,error
sub-005,57,correct,1,398.68903298047553,1.0679963154135947,True,True,True,correct
sub-005,58,correct,1,603.0436558529245,0.1800731782461223,True,True,True,correct
sub-005,59,correct,1,469.9042043714034,-0.6515693344294797,True,True,True,correct
sub-005,60,correct,1,569.0550158853455,-5.647965921391332,True,True,True,correct
sub-005,61,error,0,372.1435928664234,-2.428672785882248,False,True,True,error
sub-005,62,correct,1,552.1014474536322,-2.698841147659212,True,True,True,correct
sub-005,63,error,0,448.643360561598,-2.9500006167747204,False,True,True,error
sub-005,64,correct,1,379.88585231643424,-0.1516778537232778,True,True,True,correct
sub-005,65,correct,1,536.5012993531601,-0.9530045192665983,True,True,True,correct
sub-005,66,correct,1,472.1290490537183,-2.4784116005763157,True,True,True,correct
sub-005,67,correct,1,505.2516363933212,0.1458224117266331,True,True,True,correct
sub-005,68,correct,1,472.738558357648,-2.558973793063517,True,True,True,correct
sub-005,69,correct,1,427.6958691282638,-4.289728009122592,True,True,True,correct
sub-005,70,correct,1,452.274081646854,1.1347692668612075,True,True,True,correct
sub-005,71,correct,1,622.7205714928408,-4.784425190969477,True,True,True,correct
sub-005,72,correct,1,466.2547280512309,-0.3224668767738771,True,True,True,correct
sub-005,73,error,0,374.9045491827304,-2.8096033944015124,False,True,True,error
sub-005,74,correct,1,460.4919131102458,2.0874285130332004,True,True,True,correct
sub-005,75,correct,1,432.47068078472176,-2.848700169357937,True,True,True,correct
sub-005,76,correct,1,588.3053185333497,1.6339787524451794,True,True,True,correct
sub-005,77,error,0,489.1256791845417,-3.783563432511211,False,True,True,error
sub-005,78,correct,1,417.9740745941093,-1.0369920221773934,True,True,True,correct
sub-005,79,error,0,444.5414893211128,-3.627334842682673,False,True,True,error
sub-005,80,correct,1,543.5505904576446,0.7615046617622446,True,True,True,correct
sub-005,81,correct,1,579.0565626829621,2.71543763279563,True,True,True,correct
sub-005,82,correct,1,464.5542830316133,1.3670420107550614,True,True,True,correct
sub-005,83,correct,1,437.9943051954785,-1.9645170914993904,True,True,True,correct
sub-005,84,correct,1,479.72637629726194,0.3668590430134276,True,True,True,correct
sub-005,85,correct,1,505.21564325301466,-0.4260889887906302,True,True,True,correct
sub-005,86,correct,1,438.2926339019108,-1.2971571379412894,True,True,True,correct
sub-005,87,error,0,449.53665100234673,-2.921488613192236,False,True,True,error
sub-005,88,error,0,398.9174267048165,-2.9669814873346696,False,True,True,error
sub-005,89,correct,1,430.0115095039689,-3.673885018946383,True,True,True,correct
sub-005,90,correct,1,434.1491448188479,-2.6564322896183947,True,True,True,correct
sub-005,91,correct,1,501.0277058704055,-1.7653654817991953,True,True,True,correct
sub-005,92,correct,1,430.6517036810147,0.5409703458240783,True,True,True,correct
sub-005,93,error,0,291.19573345325307,-4.981401441882168,False,True,True,error
sub-005,94,correct,1,501.00747279701136,-1.3516871755619064,True,True,True,correct
sub-005,95,correct,1,493.6285538589387,-2.870529409888871,True,True,True,correct
sub-005,96,error,0,385.2077860363698,-5.1637807253720185,False,True,True,error
sub-005,97,correct,1,533.1819410087878,-0.5750033633121334,True,True,True,correct
sub-005,98,correct,1,518.4430031796708,-2.688967722531973,True,True,True,correct
sub-005,99,correct,1,356.4945116921714,1.993157068707868,True,True,True,correct
sub-005,100,correct,1,512.2576266045281,-1.2343891168327603,True,True,True,correct
sub-005,101,error,0,413.16894476415087,-1.8463045298581515,False,True,True,error
sub-005,102,correct,1,543.9905319512326,-4.0578674951943405,True,True,True,correct
sub-005,103,correct,1,527.3467773414815,-2.987513627802587,True,True,True,correct
sub-005,104,error,0,440.8041295056021,-3.7888566625245135,False,True,True,error
sub-005,105,correct,1,274.2305600167357,0.9340108804094484,True,True,True,correct
sub-005,106,correct,1,479.1506693575248,0.969900827934038,True,True,True,correct
sub-005,107,correct,1,505.7343362177005,-2.3541847546771977,True,True,True,correct
sub-005,108,correct,1,457.1292703138191,-0.4871842782670936,True,True,True,correct
sub-005,109,correct,1,620.2966630398749,-6.615678215418042,True,True,True,correct
sub-005,110,correct,1,443.9894609505752,-2.690564018078842,True,True,True,correct
sub-005,111,correct,1,591.1207582510149,-0.4734629208319049,True,True,True,correct
sub-005,112,correct,1,474.2468044039856,-1.0543428288426666,True,True,True,correct
sub-005,113,correct,1,326.7012258682794,1.8946386133649369,True,True,True,correct
sub-005,114,correct,1,492.52592589088033,1.3360187497643046,True,True,True,correct
sub-005,115,correct,1,491.5204814917873,-0.6562809191007931,True,True,True,correct
sub-005,116,correct,1,546.9786168437005,-3.085535227980243,True,True,True,correct
sub-005,117,error,0,370.846184911501,-4.081245791077449,False,True,True,error
sub-005,118,correct,1,407.7407795795563,-2.610201174915861,True,True,True,correct
sub-005,119,correct,1,348.3941538934562,-1.8301876659076903,True,True,True,correct
sub-005,120,error,0,324.7330476306058,-1.203993001979789,False,True,True,error
sub-005,121,error,0,389.32713665536073,-3.221501847868121,False,True,True,error
sub-005,122,error,0,487.52799429105073,0.3335278207897412,False,True,True,error
sub-005,123,error,0,378.3594737215489,-3.9378180079417096,False,True,True,error
sub-005,124,correct,1,403.3923964251716,-1.1615984496169935,True,True,True,correct
sub-005,125,correct,1,549.9887711659052,-3.1471280157882315,True,True,True,correct
sub-005,126,correct,1,407.4230661227243,-4.362486203034461,True,True,True,correct
sub-005,127,correct,1,441.9650952318512,0.124583967887601,True,True,True,correct
sub-005,128,correct,1,571.0507096261025,-1.6457818913760622,True,True,True,correct
sub-005,129,correct,1,475.2673433426153,1.477898042553258,True,True,True,correct
sub-005,130,correct,1,622.877180964303,-0.2593584776440094,True,True,True,correct
sub-005,131,correct,1,378.7407202444714,-1.9465724033765115,True,True,True,correct
sub-005,132,correct,1,483.0895989450971,2.9706984267938723,True,True,True,correct
sub-005,133,correct,1,409.5095697505645,-1.1936939778375617,True,True,True,correct
sub-005,134,correct,1,402.5673688250943,-0.437588893032894,True,True,True,correct
sub-005,135,correct,1,370.8892533566795,-2.521631320918249,True,True,True,correct
sub-005,136,correct,1,302.9207150675975,-3.260618292570113,True,True,True,correct
sub-005,137,correct,1,596.9014571917322,-0.3519375976078926,True,True,True,correct
sub-005,138,correct,1,388.8914230031848,-3.1539285976769467,True,True,True,correct
sub-005,139,correct,1,369.0941194170477,-4.794785266172979,True,True,True,correct
sub-005,140,correct,1,392.6546542994213,-0.95161047201753,True,True,True,correct
sub-005,141,correct,1,535.6026307353758,1.877859157686545,True,True,True,correct
sub-005,142,correct,1,576.3209939425376,0.7041463515496652,True,True,True,correct
sub-005,143,correct,1,409.7710421161311,-2.833460401679005,True,True,True,correct
sub-005,144,correct,1,327.75545436991706,-2.6729961378525444,True,True,True,correct
sub-005,145,error,0,376.2454306028874,-2.4502393512668736,False,True,True,error
sub-005,146,correct,1,472.088371630005,-2.3535750506599635,True,True,True,correct
sub-005,147,correct,1,313.44057532627903,-3.836354877435222,True,True,True,correct
sub-005,148,correct,1,458.6251813153732,-1.7792874592656216,True,True,True,correct
sub-005,149,correct,1,541.9591521730682,1.2378539068756331,True,True,True,correct
sub-005,150,correct,1,393.4665722905621,2.674387485887784,True,True,True,correct
sub-005,151,error,0,595.8654454546988,-3.954532206968677,False,True,True,error
sub-005,152,correct,1,386.2781027070946,-1.1772250564994795,True,True,True,correct
sub-005,153,correct,1,426.9672146750704,-0.8800688220054587,True,True,True,correct
sub-005,154,correct,1,549.5796589301463,-1.2952304694127457,True,True,True,correct
sub-005,155,error,0,391.5283474593275,-0.8212598886019118,False,True,True,error
sub-005,156,correct,1,370.60855338057,-1.7416650174540371,True,True,True,correct
sub-005,157,correct,1,460.55599385137856,0.1332992338260661,True,True,True,correct
sub-005,158,correct,1,422.0785337461657,-0.955985473435386,True,True,True,correct
sub-005,159,correct,1,567.340362787361,-2.3300602815248417,True,True,True,correct
sub-005,160,correct,1,491.1867146695223,-2.353606237158145,True,True,True,correct
sub-006,1,correct,1,384.8744016808141,0.6113193892991242,True,True,True,correct
sub-006,2,correct,1,520.0422109057769,-4.557955496274517,True,True,True,correct
sub-006,3,correct,1,426.1801065267231,0.836340994300792,True,True,True,correct
sub-006,4,correct,1,449.0662251661365,0.4654356187822943,True,True,True,correct
sub-006,5,correct,1,360.3283407411539,-2.314576068565409,True,True,True,correct
sub-006,6,error,0,461.2308720457178,-0.5216390435395508,False,True,True,error
sub-006,7,correct,1,413.6020408338592,-2.630888388011882,True,True,True,correct
sub-006,8,correct,1,539.2150976426783,-0.9184205310811024,True,True,True,correct
sub-006,9,error,0,357.182195652477,2.459172014333449,False,True,True,error
sub-006,10,correct,1,528.3071026314226,-1.5348545842051182,True,True,True,correct
sub-006,11,error,0,419.4257328687611,3.149904650962365,False,True,True,error
sub-006,12,correct,1,435.7835595522362,1.693163299007706,True,True,True,correct
sub-006,13,correct,1,443.570997546428,0.8605902867297117,True,True,True,correct
sub-006,14,correct,1,485.5226367629471,2.1684240619163595,True,True,True,correct
sub-006,15,correct,1,448.78015078533616,-2.2299670299594085,True,True,True,correct
sub-006,16,error,0,369.2635676577013,-0.0347735322727391,False,True,True,error
sub-006,17,correct,1,423.4838580043023,-2.451539047202645,True,True,True,correct
sub-006,18,correct,1,453.85031198616434,1.5673811875347003,True,True,True,correct
sub-006,19,correct,1,452.9454314796426,-1.285973580104042,True,True,True,correct
sub-006,20,correct,1,485.6623014435548,-2.932158847060838,True,True,True,correct
sub-006,21,correct,1,579.6309926909076,0.0002476854254764,True,True,True,correct
sub-006,22,correct,1,548.1254178087135,-0.1628039401910755,True,True,True,correct
sub-006,23,correct,1,530.6959220698416,2.399831744711046,True,True,True,correct
sub-006,24,correct,1,517.6674002220933,-1.5575315616204537,True,True,True,correct
sub-006,25,correct,1,469.72411182274607,-4.726269912210217,True,True,True,correct
sub-006,26,correct,1,410.1680839859708,-2.235069431694217,True,True,True,correct
sub-006,27,correct,1,463.5495952325169,-0.191103583424142,True,True,True,correct
sub-006,28,error,0,602.8798252947511,-0.6807001714348745,False,True,True,error
sub-006,29,correct,1,490.01119584555744,-3.0361516480908373,True,True,True,correct
sub-006,30,error,0,427.16410683761006,0.7628741212719008,False,True,True,error
sub-006,31,correct,1,535.518776592165,-4.859630166993654,True,True,True,correct
sub-006,32,error,0,531.9826905582473,1.9431604746013225,False,True,True,error
sub-006,33,error,0,426.3849936493909,-1.106413335709521,False,True,True,error
sub-006,34,error,0,311.1510205747294,-1.6556771506117676,False,True,True,error
sub-006,35,correct,1,361.4758143144389,-0.4215242647016884,True,True,True,correct
sub-006,36,correct,1,491.9980539628223,-0.5034655155932929,True,True,True,correct
sub-006,37,correct,1,476.8480882955511,-0.677731112829089,True,True,True,correct
sub-006,38,error,0,608.6329560417288,-1.6431713329149376,False,True,True,error
sub-006,39,correct,1,445.68477672018736,0.8346408421962077,True,True,True,correct
sub-006,40,error,0,455.22694651498415,-2.950051790883344,False,True,True,error
sub-006,41,correct,1,485.1942612254773,-1.4728951105933108,True,True,True,correct
sub-006,42,correct,1,471.7955007740432,0.4207216391980976,True,True,True,correct
sub-006,43,correct,1,498.1466714952794,-1.2272788866537958,True,True,True,correct
sub-006,44,correct,1,466.6611429350496,-1.1885478041041346,True,True,True,correct
sub-006,45,error,0,482.490222743805,-1.029974834596377,False,True,True,error
sub-006,46,correct,1,601.4733556187537,-0.4702270480840164,True,True,True,correct
sub-006,47,correct,1,527.9034445689474,-3.3826213634844216,True,True,True,correct
sub-006,48,correct,1,437.9919671167616,-0.3050995426035118,True,True,True,correct
sub-006,49,error,0,451.0372877026264,-3.188811166875644,False,True,True,error
sub-006,50,correct,1,569.4457848763701,-1.6765982739463892,True,True,True,correct
sub-006,51,correct,1,327.23654631410415,1.0789064773396222,True,True,True,correct
sub-006,52,correct,1,591.2820069379386,-1.8813798704685007,True,True,True,correct
sub-006,53,correct,1,565.1054441355744,0.4320501191040726,True,True,True,correct
sub-006,54,correct,1,545.4817743013639,3.481672571011461,True,True,True,correct
sub-006,55,error,0,318.9636936269088,-0.2292395866724761,False,True,True,error
sub-006,56,correct,1,581.3567308968233,-1.5277825739684316,True,True,True,correct
sub-006,57,correct,1,419.1894544301536,3.0356764322865013,True,True,True,correct
sub-006,58,correct,1,420.1052754362909,0.1257080841405301,True,True,True,correct
sub-006,59,correct,1,374.92394499053785,-4.91278695088296,True,True,True,correct
sub-006,60,correct,1,520.5985821846837,2.316713226709155,True,True,True,correct
sub-006,61,correct,1,537.6721109608466,-0.3341775425182928,True,True,True,correct
sub-006,62,correct,1,506.39340348142,-1.7855154005991247,True,True,True,correct
sub-006,63,error,0,419.8105304414485,-0.3230366623699866,False,True,True,error
sub-006,64,correct,1,589.7077988374001,-1.2125577583145133,True,True,True,correct
sub-006,65,correct,1,391.8398647083847,-2.121838017848044,True,True,True,correct
sub-006,66,correct,1,573.047454841294,1.8876705060881795,True,True,True,correct
sub-006,67,correct,1,480.7795740782118,0.6158464938470021,True,True,True,correct
sub-006,68,correct,1,567.9008370745483,-2.546403949580264,True,True,True,correct
sub-006,69,correct,1,524.7393907050458,2.29680366597715,True,True,True,correct
sub-006,70,correct,1,376.5627493828874,0.0800743626358871,True,True,True,correct
sub-006,71,correct,1,395.8850697282651,-2.071695814746172,True,True,True,correct
sub-006,72,correct,1,485.7185005836432,-1.9144088193402955,True,True,True,correct
sub-006,73,correct,1,575.3394310993708,0.3409520365935486,True,True,True,correct
sub-006,74,correct,1,493.3398010038516,-0.1484253463956922,True,True,True,correct
sub-006,75,error,0,456.7757350971743,-4.194592409875839,False,True,True,error
sub-006,76,correct,1,474.8187440283372,-3.4496026360304763,True,True,True,correct
sub-006,77,error,0,313.1497781017374,-1.5128381433734353,False,True,True,error
sub-006,78,correct,1,391.4649814300862,-2.3313577814783497,True,True,True,correct
sub-006,79,correct,1,427.5184076034954,-2.21550541867681,True,True,True,correct
sub-006,80,error,0,520.9213885471277,-1.0120638601625482,False,True,True,error
sub-006,81,correct,1,428.7953719563091,-2.565655186602221,True,True,True,correct
sub-006,82,error,0,388.8003281846293,2.1852594872339326,False,True,True,error
sub-006,83,error,0,364.6350688422605,-1.8665898267281296,False,True,True,error
sub-006,84,correct,1,504.354484604031,-0.480940266432598,True,True,True,correct
sub-006,85,correct,1,349.17943585938895,3.2174489747693498,True,True,True,correct
sub-006,86,error,0,466.3640027531836,-5.709532012356744,False,True,True,error
sub-006,87,correct,1,521.1469555031522,-1.6376663374554656,True,True,True,correct
sub-006,88,correct,1,419.7108532268172,-1.730119902546903,True,True,True,correct
sub-006,89,correct,1,305.0591999115574,-0.436222336171774,True,True,True,correct
sub-006,90,correct,1,386.4133423565937,1.4039878525679743,True,True,True,correct
sub-006,91,correct,1,428.6283974993054,-3.564586594989128,True,True,True,correct
sub-006,92,correct,1,418.7844498435588,-2.4823014508734804,True,True,True,correct
sub-006,93,correct,1,612.5420593595874,-2.801731621609852,True,True,True,correct
sub-006,94,correct,1,583.1336901445998,-2.5103437340350334,True,True,True,correct
sub-006,95,correct,1,334.15323374132083,1.2866230122739135,True,True,True,correct
sub-006,96,correct,1,525.9363140612938,-3.051271992414175,True,True,True,correct
sub-006,97,correct,1,320.9194588863951,2.1708204758965457,True,True,True,correct
sub-006,98,error,0,530.520199972984,-3.0915063700224987,False,True,True,error
sub-006,99,error,0,443.8049084428325,-0.8595282668538115,False,True,True,error
sub-006,100,error,0,392.20337058692536,0.3024275947217136,False,True,True,error
sub-006,101,correct,1,376.9742169617472,-0.210212920350709,True,True,True,correct
sub-006,102,correct,1,643.7530004107757,0.7194583696287495,True,True,True,correct
sub-006,103,correct,1,522.5633630213173,-4.014283795426957,True,True,True,correct
sub-006,104,correct,1,473.185903452563,1.7524107962337512,True,True,True,correct
sub-006,105,correct,1,500.859301253305,-2.2864608887776354,True,True,True,correct
sub-006,106,correct,1,526.3361340425803,-4.105242280873172,True,True,True,correct
sub-006,107,error,0,386.2745512977775,2.018419056185186,False,True,True,error
sub-006,108,correct,1,530.655904763114,3.4135341071101606,True,True,True,correct
sub-006,109,error,0,492.7088617340456,-0.7170883237714737,False,True,True,error
sub-006,110,correct,1,638.2990855519445,3.4668032033135585,True,True,True,correct
sub-006,111,correct,1,617.8690311534677,-1.63963329606291,True,True,True,correct
sub-006,112,correct,1,468.1743542143273,-0.7008177052307103,True,True,True,correct
sub-006,113,correct,1,531.2076046646318,-3.6664232042009375,True,True,True,correct
sub-006,114,correct,1,521.0185328343471,-0.0924333741576772,True,True,True,correct
sub-006,115,error,0,413.1287737439505,0.6679599057311101,False,True,True,error
sub-006,116,correct,1,493.8180747013501,1.639077699839269,True,True,True,correct
sub-006,117,correct,1,471.05637373045977,-1.9690198520864264,True,True,True,correct
sub-006,118,error,0,331.97450138299075,-0.4440993269374272,False,True,True,error
sub-006,119,correct,1,589.2439252642957,-3.182940258581365,True,True,True,correct
sub-006,120,error,0,411.8458155282185,-4.572934977270044,False,True,True,error
sub-006,121,correct,1,407.09166831028784,0.4612640121599687,True,True,True,correct
sub-006,122,correct,1,539.0208556485832,-1.936569953535076,True,True,True,correct
sub-006,123,error,0,426.2214717572811,-1.478998567630129,False,True,True,error
sub-006,124,error,0,399.82698848918034,1.167292178711061,False,True,True,error
sub-006,125,correct,1,518.0875541149533,1.3813896953900815,True,True,True,correct
sub-006,126,correct,1,468.1372999304127,-3.0825486521667043,True,True,True,correct
sub-006,127,correct,1,420.25203092720574,-1.5135992975324484,True,True,True,correct
sub-006,128,correct,1,429.6348361746089,-1.5108348919711108,True,True,True,correct
sub-006,129,correct,1,442.26980275418777,-0.0563648972883714,True,True,True,correct
sub-006,130,error,0,379.3688970933304,-0.9345867551179926,False,True,True,error
sub-006,131,correct,1,414.1555170377197,-0.2860095532856155,True,True,True,correct
sub-006,132,correct,1,507.51852043157686,1.286547608252654,True,True,True,correct
sub-006,133,correct,1,426.10552976374,-1.7232448936847469,True,True,True,correct
sub-006,134,correct,1,416.2253706489622,-2.8471148771685924,True,True,True,correct
sub-006,135,correct,1,328.3545967637862,0.1075332883866337,True,True,True,correct
sub-006,136,correct,1,419.9132138337295,1.5322132306622458,True,True,True,correct
sub-006,137,correct,1,330.69485616653856,3.270333240845678,True,True,True,correct
sub-006,138,correct,1,450.359051377989,4.330574551083445,True,True,True,correct
sub-006,139,correct,1,383.0793274437236,-0.2986883421381988,True,True,True,correct
sub-006,140,error,0,475.6858712631146,-1.0351328720287205,False,True,True,error
sub-006,141,correct,1,561.4909572987401,-0.8878903415113615,True,True,True,correct
sub-006,142,correct,1,440.93567882589264,0.2255189043814801,True,True,True,correct
sub-006,143,error,0,403.1133891600712,-3.2572246258879423,False,True,True,error
sub-006,144,error,0,584.6524815744781,-1.216939186797388,False,True,True,error
sub-006,145,correct,1,443.0975497700932,-2.7573202905048646,True,True,True,correct
sub-006,146,correct,1,566.9413360865146,-4.576878442048116,True,True,True,correct
sub-006,147,correct,1,348.3609324051687,-0.3434071756583092,True,True,True,correct
sub-006,148,error,0,315.0846926675777,-0.7744511613018282,False,True,True,error
sub-006,149,error,0,326.87213913140613,-0.9385171204829122,False,True,True,error
sub-006,150,correct,1,505.0723886276984,-0.8634842714134545,True,True,True,correct
sub-006,151,correct,1,535.1514993596005,-1.781935763887211,True,True,True,correct
sub-006,152,correct,1,381.8611040662207,0.6068197870043872,True,True,True,correct
sub-006,153,error,0,455.0794044379496,-1.5192244446871137,False,True,True,error
sub-006,154,correct,1,404.76690141063386,2.539886534529752,True,True,True,correct
sub-006,155,correct,1,489.4443848794057,-1.153994307979755,True,True,True,correct
sub-006,156,correct,1,535.847630378991,-2.9814376506109683,True,True,True,correct
sub-006,157,correct,1,530.7458896284343,-1.206425182979681,True,True,True,correct
sub-006,158,correct,1,566.4241329029704,-4.306554330316317,True,True,True,correct
sub-006,159,correct,1,313.3364051942833,-2.262626286722878,True,True,True,correct
sub-006,160,correct,1,473.7674069112394,-0.6726990554460245,True,True,True,correct
sub-007,1,correct,1,502.3962196573856,-0.8848255742676694,True,True,True,correct
sub-007,2,error,0,529.0361348524432,-4.683060573115203,False,True,True,error
sub-007,3,correct,1,476.2006514327208,-0.5187638210966189,True,True,True,correct
sub-007,4,correct,1,384.7592908391488,-2.623045852263594,True,True,True,correct
sub-007,5,correct,1,303.2271539485552,-1.6075390819818662,True,True,True,correct
sub-007,6,correct,1,391.7506345851532,1.436150899274627,True,True,True,correct
sub-007,7,correct,1,418.7303484244816,-1.3647461818271205,True,True,True,correct
sub-007,8,correct,1,479.9248168269704,2.2296215369032737,True,True,True,correct
sub-007,9,correct,1,286.5423773239627,0.3829121022756583,True,True,True,correct
sub-007,10,correct,1,426.758611069154,-1.2281007515681628,True,True,True,correct
sub-007,11,correct,1,281.2104939217147,-1.5165228970086917,True,True,True,correct
sub-007,12,correct,1,630.8847995707378,-0.0348237870320867,True,True,True,correct
sub-007,13,correct,1,475.907460715008,1.7720687086559443,True,True,True,correct
sub-007,14,correct,1,465.2714233218717,-0.8976974930135174,True,True,True,correct
sub-007,15,correct,1,521.547712575211,-1.9667324209258616,True,True,True,correct
sub-007,16,correct,1,616.2528798075524,0.8678450218812208,True,True,True,correct
sub-007,17,correct,1,476.03433159032176,1.6814290081563013,True,True,True,correct
sub-007,18,correct,1,455.662235428773,-0.5836355780952937,True,True,True,correct
sub-007,19,correct,1,516.2311059307847,0.5605027016961561,True,True,True,correct
sub-007,20,correct,1,521.0676946079773,-2.168795611860663,True,True,True,correct
sub-007,21,error,0,481.0823682400236,-2.681628758092468,False,True,True,error
sub-007,22,correct,1,516.3627266408279,-0.8198472665035238,True,True,True,correct
sub-007,23,error,0,480.372893402498,-2.7638243560598696,False,True,True,error
sub-007,24,correct,1,476.6889711692468,0.9046298860128752,True,True,True,correct
sub-007,25,correct,1,498.60163385321096,-0.2157340327681708,True,True,True,correct
sub-007,26,error,0,465.3028641864224,-1.3037402741972328,False,True,True,error
sub-007,27,correct,1,582.4147360593419,-1.0916730906025194,True,True,True,correct
sub-007,28,error,0,369.70102441643695,1.7831534675253966,False,True,True,error
sub-007,29,correct,1,536.8512293609948,-2.764474311778669,True,True,True,correct
sub-007,30,correct,1,526.4469765524997,-1.5722212413230454,True,True,True,correct
sub-007,31,error,0,474.7056781303206,-2.749097496054273,False,True,True,error
sub-007,32,correct,1,589.400917544152,0.7680042849897748,True,True,True,correct
sub-007,33,correct,1,405.6064597810552,1.2865397031010606,True,True,True,correct
sub-007,34,correct,1,399.05324289707903,-1.8005332198750683,True,True,True,correct
sub-007,35,correct,1,505.9712259456072,-3.640719020024204,True,True,True,correct
sub-007,36,correct,1,548.7732787963953,0.1610978301652602,True,True,True,correct
sub-007,37,correct,1,489.4450311257496,-2.0872088341666784,True,True,True,correct
sub-007,38,correct,1,557.8735225709386,0.5093099905655794,True,True,True,correct
sub-007,39,correct,1,485.56779969271713,1.6049723915271783,True,True,True,correct
sub-007,40,correct,1,470.2403188125389,-4.239434002745169,True,True,True,correct
sub-007,41,correct,1,349.8467096152642,-3.392457551051211,True,True,True,correct
sub-007,42,correct,1,418.0645457677751,-0.9504861025653945,True,True,True,correct
sub-007,43,correct,1,592.122232208407,1.9405706422861349,True,True,True,correct
sub-007,44,correct,1,434.0355187810591,-2.554206729981149,True,True,True,correct
sub-007,45,correct,1,552.4664437217685,-5.037712158931354,True,True,True,correct
sub-007,46,error,0,544.8190501925304,-5.273722633235554,False,True,True,error
sub-007,47,correct,1,481.73076949260354,-1.85872710367499,True,True,True,correct
sub-007,48,correct,1,397.9466134165987,2.607465551843997,True,True,True,correct
sub-007,49,correct,1,365.3266218011962,-1.136871612432004,True,True,True,correct
sub-007,50,correct,1,250.1101540977896,-0.9948562558234328,True,True,True,correct
sub-007,51,correct,1,693.967270414468,-0.6295635482067906,True,True,True,correct
sub-007,52,correct,1,446.5270452430692,-3.320503697419788,True,True,True,correct
sub-007,53,error,0,410.54803529854496,-2.063559363922926,False,True,True,error
sub-007,54,error,0,381.5678200747733,-2.260373746403287,False,True,True,error
sub-007,55,correct,1,508.05489237893306,-1.9067058783471835,True,True,True,correct
sub-007,56,correct,1,587.2430729426904,2.7926717771117806,True,True,True,correct
sub-007,57,correct,1,502.8587897538065,-4.526237079314598,True,True,True,correct
sub-007,58,correct,1,559.0945817508808,1.1597026622123412,True,True,True,correct
sub-007,59,correct,1,386.2102045693592,-0.448185464081023,True,True,True,correct
sub-007,60,correct,1,585.4499345960238,0.7161757744753732,True,True,True,correct
sub-007,61,correct,1,538.007991029037,1.2221081801014648,True,True,True,correct
sub-007,62,correct,1,515.6246368267336,4.116267526743139,True,True,True,correct
sub-007,63,correct,1,463.5448223773018,0.8741681934268073,True,True,True,correct
sub-007,64,correct,1,553.6330433608605,-2.352507308826791,True,True,True,correct
sub-007,65,correct,1,504.7551292473074,-0.1145764484410362,True,True,True,correct
sub-007,66,correct,1,375.89932840019054,-0.3142934094305867,True,True,True,correct
sub-007,67,correct,1,446.6550733436534,-1.4175277708124074,True,True,True,correct
sub-007,68,correct,1,518.7862093635791,-2.779801817580487,True,True,True,correct
sub-007,69,correct,1,432.78501277555904,-0.1593752126290982,True,True,True,correct
sub-007,70,error,0,506.4036447914992,-6.4346255621807735,False,True,True,error
sub-007,71,correct,1,503.94604378289614,-0.9986110326002016,True,True,True,correct
sub-007,72,correct,1,394.9342659217588,-3.934936264326168,True,True,True,correct
sub-007,73,correct,1,530.2249145309818,-1.2064434514040534,True,True,True,correct
sub-007,74,correct,1,664.4403806204441,-0.0878854552033009,True,True,True,correct
sub-007,75,correct,1,508.428929817232,-0.3082668539629704,True,True,True,correct
sub-007,76,correct,1,507.9650042854548,1.0906300192029796,True,True,True,correct
sub-007,77,correct,1,578.7259896533583,1.201298378531697,True,True,True,correct
sub-007,78,correct,1,397.0489916566893,-3.356937452901202,True,True,True,correct
sub-007,79,correct,1,573.0987919600194,-0.8642663954088915,True,True,True,correct
sub-007,80,correct,1,564.5857602206846,-2.7533946474666005,True,True,True,correct
sub-007,81,correct,1,472.10495036632096,-0.6631745141283624,True,True,True,correct
sub-007,82,correct,1,536.3481970917856,1.606144604717518,True,True,True,correct
sub-007,83,correct,1,525.9196514838609,0.4811809054489111,True,True,True,correct
sub-007,84,correct,1,382.5668200561545,0.6516635430798463,True,True,True,correct
sub-007,85,correct,1,309.92937047998873,0.1424456462424138,True,True,True,correct
sub-007,86,correct,1,581.927141551762,-2.0492572439835497,True,True,True,correct
sub-007,87,error,0,409.0282630562547,-4.209138193135459,False,True,True,error
sub-007,88,correct,1,406.5233159704271,-1.4012831466122702,True,True,True,correct
sub-007,89,correct,1,593.6410228444577,-5.376688571556404,True,True,True,correct
sub-007,90,error,0,511.06063028848905,-1.9272754874574771,False,True,True,error
sub-007,91,correct,1,522.501658884384,1.387383729063942,True,True,True,correct
sub-007,92,error,0,552.05128696485,-3.75900229470591,False,True,True,error
sub-007,93,correct,1,305.11154259989155,0.1521174695332385,True,True,True,correct
sub-007,94,error,0,403.4012200092012,-1.765325689078172,False,True,True,error
sub-007,95,correct,1,320.4249337771096,-0.3179268174667904,True,True,True,correct
sub-007,96,correct,1,456.6366514768942,-4.917150041801669,True,True,True,correct
sub-007,97,correct,1,455.7101453531503,-1.8704436596908487,True,True,True,correct
sub-007,98,correct,1,420.5771467930088,-2.3770009752576944,True,True,True,correct
sub-007,99,correct,1,499.6446497442516,-0.6518127335420725,True,True,True,correct
sub-007,100,correct,1,395.82170176721104,-0.530052460104218,True,True,True,correct
sub-007,101,correct,1,408.0316307224358,-0.1028385173247367,True,True,True,correct
sub-007,102,error,0,350.3252233667546,-1.9277936314160224,False,True,True,error
sub-007,103,correct,1,418.5505721724982,-2.293666313462856,True,True,True,correct
sub-007,104,correct,1,297.10305303168093,-2.410107012949446,True,True,True,correct
sub-007,105,correct,1,514.5046033485419,-1.75085330531953,True,True,True,correct
sub-007,106,correct,1,427.8826045883727,-1.3535789903955258,True,True,True,correct
sub-007,107,correct,1,477.2449328897328,0.9583402254636012,True,True,True,correct
sub-007,108,correct,1,531.9571911766905,-0.7666965500456577,True,True,True,correct
sub-007,109,correct,1,379.1214900877916,3.257346636169572,True,True,True,correct
sub-007,110,correct,1,449.5348300387334,0.4694870135176461,True,True,True,correct
sub-007,111,correct,1,438.8894929013391,-0.4469487458470345,True,True,True,correct
sub-007,112,correct,1,442.8226821168313,1.846060427374272,True,True,True,correct
sub-007,113,correct,1,572.2211363395195,-0.3338970809016716,True,True,True,correct
sub-007,114,error,0,499.11372145357706,-3.985723470077049,False,True,True,error
sub-007,115,correct,1,413.8609686105906,-2.647189265222779,True,True,True,correct
sub-007,116,correct,1,373.5053490356232,-1.678302803589209,True,True,True,correct
sub-007,117,correct,1,391.6464878040882,2.302836700550648,True,True,True,correct
sub-007,118,correct,1,610.4754487363821,2.820139047527902,True,True,True,correct
sub-007,119,error,0,537.2551658839312,-5.482514523636937,False,True,True,error
sub-007,120,correct,1,302.6145186628599,-0.6324106313053105,True,True,True,correct
sub-007,121,correct,1,337.18806944864,0.2418798307320122,True,True,True,correct
sub-007,122,correct,1,661.8455897788726,-3.975368101381616,True,True,True,correct
sub-007,123,correct,1,412.5195243382941,0.1080453679491327,True,True,True,correct
sub-007,124,correct,1,504.51062311487465,0.5707561361382043,True,True,True,correct
sub-007,125,error,0,245.17648007341336,-4.081020132059361,False,True,True,error
sub-007,126,correct,1,513.4128200327275,-1.7432932367569711,True,True,True,correct
sub-007,127,error,0,462.7729823075149,-0.6474653844699385,False,True,True,error
sub-007,128,correct,1,405.0168616340113,-1.2925516656416307,True,True,True,correct
sub-007,129,correct,1,539.0665901266427,1.8519643789400155,True,True,True,correct
sub-007,130,correct,1,456.73366652583,-2.245135742875412,True,True,True,correct
sub-007,131,correct,1,451.0847615029485,1.838966365483934,True,True,True,correct
sub-007,132,correct,1,417.2344237099619,-3.919937849314792,True,True,True,correct
sub-007,133,correct,1,533.840193016828,-4.36478960623158,True,True,True,correct
sub-007,134,correct,1,448.00651084340205,-1.3839162038058708,True,True,True,correct
sub-007,135,correct,1,360.9710293690625,1.605603082628671,True,True,True,correct
sub-007,136,correct,1,492.3863476077867,-0.2605685138216963,True,True,True,correct
sub-007,137,correct,1,489.5200475529135,-5.245146153440729,True,True,True,correct
sub-007,138,correct,1,515.4952335362455,-3.519043301670486,True,True,True,correct
sub-007,139,correct,1,527.2961977327526,0.4382076574234275,True,True,True,correct
sub-007,140,correct,1,471.2435361612901,-0.6935331048240573,True,True,True,correct
sub-007,141,error,0,440.70851650318,-4.236420646497234,False,True,True,error
sub-007,142,error,0,281.3735286928355,1.669210042032546,False,True,True,error
sub-007,143,correct,1,406.8082642272985,-0.7134147361852855,True,True,True,correct
sub-007,144,correct,1,479.3898182089535,-1.1230832663707,True,True,True,correct
sub-007,145,correct,1,618.1569913052437,-6.58784798111672,True,True,True,correct
sub-007,146,error,0,480.5577515598352,-2.818267372814681,False,True,True,error
sub-007,147,error,0,465.4735198018124,-4.962898198380914,False,True,True,error
sub-007,148,correct,1,492.8419874538327,-3.6814023492801553,True,True,True,correct
sub-007,149,error,0,399.46673018229006,-5.104467328374399,False,True,True,error
sub-007,150,error,0,662.2861418500554,-1.6112421826821368,False,True,True,error
sub-007,151,correct,1,324.07870533986994,0.9435184497818974,True,True,True,correct
sub-007,152,correct,1,504.07455235905786,-0.8812053038826488,True,True,True,correct
sub-007,153,correct,1,515.4541246833885,-0.6051176387579862,True,True,True,correct
sub-007,154,correct,1,394.1928510096451,-1.178897654412002,True,True,True,correct
sub-007,155,correct,1,621.0319892668107,1.6096374592931244,True,True,True,correct
sub-007,156,correct,1,455.8438764366649,3.1132602547479715,True,True,True,correct
sub-007,157,correct,1,408.8038647533456,-4.0678593673871335,True,True,True,correct
sub-007,158,correct,1,488.57795293892366,1.7136846826719323,True,True,True,correct
sub-007,159,error,0,516.5806670392421,-1.1617510950486507,False,True,True,error
sub-007,160,error,0,411.2400158225197,-1.227117456133025,False,True,True,error
sub-008,1,correct,1,495.4662067946791,0.941801203117078,True,True,True,correct
sub-008,2,correct,1,370.0824792658063,-1.838436101532088,True,True,True,correct
sub-008,3,correct,1,411.4021291506797,0.8757999990596226,True,True,True,correct
sub-008,4,correct,1,499.4393964530424,-2.373015861565652,True,True,True,correct
sub-008,5,correct,1,414.2506985173071,-1.975058965104664,True,True,True,correct
sub-008,6,correct,1,497.9000641546256,-1.765782944525694,True,True,True,correct
sub-008,7,correct,1,520.8905096956836,-0.3699537987253399,True,True,True,correct
sub-008,8,correct,1,510.7289039519953,-0.6043519868947098,True,True,True,correct
sub-008,9,correct,1,468.54242971552566,-2.2451402871610613,True,True,True,correct
sub-008,10,correct,1,426.0448741370627,0.0536694310832255,True,True,True,correct
sub-008,11,correct,1,551.611935014011,0.0032814116158775,True,True,True,correct
sub-008,12,correct,1,403.7241363591556,2.5663290667079472,True,True,True,correct
sub-008,13,correct,1,370.3656180679548,0.8316239664748444,True,True,True,correct
sub-008,14,correct,1,485.1890138148005,0.4179594402310408,True,True,True,correct
sub-008,15,error,0,375.0527571212064,-3.720659412561017,False,True,True,error
sub-008,16,correct,1,537.679616327385,-1.1402890024946877,True,True,True,correct
sub-008,17,error,0,464.3393907572639,-0.7405995339218865,False,True,True,error
sub-008,18,error,0,251.32557392681355,-1.9382688067554457,False,True,True,error
sub-008,19,correct,1,298.5390062056249,-0.9801551879913109,True,True,True,correct
sub-008,20,correct,1,352.2876301113502,-1.1256404121034786,True,True,True,correct
sub-008,21,error,0,447.9588277034673,0.28171563596484,False,True,True,error
sub-008,22,correct,1,466.44316928867886,-2.0847704370384075,True,True,True,correct
sub-008,23,error,0,408.8008591182319,0.8662578863795036,False,True,True,error
sub-008,24,correct,1,440.4742167481192,-2.1836847611944066,True,True,True,correct
sub-008,25,correct,1,451.5029787314324,-0.1075491329858503,True,True,True,correct
sub-008,26,error,0,484.3257565411869,-1.861830283303952,False,True,True,error
sub-008,27,correct,1,455.1912721826316,-1.736054575057464,True,True,True,correct
sub-008,28,correct,1,307.1975188811151,1.1621056922607829,True,True,True,correct
sub-008,29,correct,1,407.9562816282736,2.704453253579877,True,True,True,correct
sub-008,30,error,0,495.245875599394,-4.427281579008842,False,True,True,error
sub-008,31,correct,1,467.99615225679975,2.2851461850881867,True,True,True,correct
sub-008,32,correct,1,494.6337617233896,0.8912787223470353,True,True,True,correct
sub-008,33,correct,1,440.9421935485211,1.6740690340862936,True,True,True,correct
sub-008,34,error,0,451.7200644302178,-5.619063075391027,False,True,True,error
sub-008,35,correct,1,472.3708113880415,1.838415926599136,True,True,True,correct
sub-008,36,correct,1,434.8845247991625,1.1510096452051155,True,True,True,correct
sub-008,37,error,0,345.8570331115139,-6.830239281846682,False,True,True,error
sub-008,38,correct,1,370.02745913167934,1.2401067587940815,True,True,True,correct
sub-008,39,correct,1,363.4303525096296,-1.8341777063044808,True,True,True,correct
sub-008,40,correct,1,376.3087790573967,-1.7105856916513855,True,True,True,correct
sub-008,41,correct,1,496.679836250802,-0.5355750215356068,True,True,True,correct
sub-008,42,error,0,434.81802833022914,-0.0789032522811195,False,True,True,error
sub-008,43,correct,1,455.4056443797148,2.1950572358803857,True,True,True,correct
sub-008,44,correct,1,564.8513602468624,-0.5448795699195343,True,True,True,correct
sub-008,45,error,0,456.70748585834855,-0.1739298798399016,False,True,True,error
sub-008,46,error,0,490.6232128126562,-1.4559280223977673,False,True,True,error
sub-008,47,correct,1,498.2528269727615,-0.0440050347065225,True,True,True,correct
sub-008,48,correct,1,508.1544711304843,-2.954015869091288,True,True,True,correct
sub-008,49,correct,1,455.8461541972904,4.5147648657906165,True,True,True,correct
sub-008,50,correct,1,420.4381521067091,2.494698737331653,True,True,True,correct
sub-008,51,correct,1,391.0611450866448,0.4560967840909254,True,True,True,correct
sub-008,52,correct,1,470.9193760934259,-2.365194793592374,True,True,True,correct
sub-008,53,correct,1,479.0025679533412,0.6887821739966892,True,True,True,correct
sub-008,54,correct,1,581.9312790059296,-1.6048439448432206,True,True,True,correct
sub-008,55,error,0,587.0862282320245,-0.7734929366219332,False,True,True,error
sub-008,56,correct,1,522.6072067598482,-1.8923277580314144,True,True,True,correct
sub-008,57,correct,1,420.33335492282185,0.3255486168820131,True,True,True,correct
sub-008,58,correct,1,524.2651849397923,-1.2515041296020817,True,True,True,correct
sub-008,59,correct,1,598.1302825348919,0.8030414249796216,True,True,True,correct
sub-008,60,correct,1,632.7541997788984,3.509487119398151,True,True,True,correct
sub-008,61,correct,1,491.0665895879047,-0.6691256164305437,True,True,True,correct
sub-008,62,correct,1,449.7331386687271,-1.5721142133988737,True,True,True,correct
sub-008,63,correct,1,467.3585056731523,0.2691703242223244,True,True,True,correct
sub-008,64,correct,1,404.49210192372686,-3.3617761622990985,True,True,True,correct
sub-008,65,error,0,492.9642403404788,-1.922558859966788,False,True,True,error
sub-008,66,correct,1,582.057960140595,-2.1723879989883503,True,True,True,correct
sub-008,67,correct,1,572.8949683750211,-2.221888306649597,True,True,True,correct
sub-008,68,correct,1,466.3758353082075,-2.7463957763419597,True,True,True,correct
sub-008,69,correct,1,523.2154210967512,-2.1630100107814294,True,True,True,correct
sub-008,70,correct,1,460.37582843809423,-0.7682359894056665,True,True,True,correct
sub-008,71,correct,1,403.0688467457556,2.3342465178395315,True,True,True,correct
sub-008,72,correct,1,575.0489115171756,2.001469957786364,True,True,True,correct
sub-008,73,correct,1,597.77480594962,-0.6878865137480314,True,True,True,correct
sub-008,74,correct,1,557.8351959048733,-1.897596764497986,True,True,True,correct
sub-008,75,correct,1,341.0892755669913,-1.4330650928705422,True,True,True,correct
sub-008,76,correct,1,457.7262542443803,-4.025796359353748,True,True,True,correct
sub-008,77,correct,1,501.0341500590686,1.7676659514462172,True,True,True,correct
sub-008,78,correct,1,456.4529362462932,-3.867744981328803,True,True,True,correct
sub-008,79,correct,1,340.2258594344431,-0.2173885418235416,True,True,True,correct
sub-008,80,correct,1,362.16241532417325,-0.089733586239398,True,True,True,correct
sub-008,81,correct,1,477.94561878127206,1.1392771622114974,True,True,True,correct
sub-008,82,correct,1,339.4296049954587,0.7887114528252173,True,True,True,correct
sub-008,83,correct,1,396.6588598986378,-1.943930694001984,True,True,True,correct
sub-008,84,error,0,427.7110785208806,1.4844786624967496,False,True,True,error
sub-008,85,correct,1,460.1132598642765,-1.1174380178825556,True,True,True,correct
sub-008,86,correct,1,551.8140097072967,1.6368757289334783,True,True,True,correct
sub-008,87,correct,1,512.0065559230692,0.4885113536316069,True,True,True,correct
sub-008,88,correct,1,422.7321285219427,1.3894627173298468,True,True,True,correct
sub-008,89,correct,1,441.6194680134553,-2.132209527980795,True,True,True,correct
sub-008,90,correct,1,424.0389224876406,-2.076775340695328,True,True,True,correct
sub-008,91,correct,1,484.74347010142105,-1.672122469898704,True,True,True,correct
sub-008,92,correct,1,435.1687892160497,-0.2370848693360743,True,True,True,correct
sub-008,93,correct,1,524.0138303127546,-0.7549247277866932,True,True,True,correct
sub-008,94,correct,1,375.3686118137392,1.6976328775982594,True,True,True,correct
sub-008,95,correct,1,400.3467254371245,-2.730227330282987,True,True,True,correct
sub-008,96,correct,1,398.3300973784076,1.2317817299476903,True,True,True,correct
sub-008,97,correct,1,579.5865378417436,2.8245910905313183,True,True,True,correct
sub-008,98,correct,1,378.9798168028627,0.2047623081104931,True,True,True,correct
sub-008,99,correct,1,463.4176334040762,4.893247238834022,True,True,True,correct
sub-008,100,correct,1,510.3784432961988,1.030745797554718,True,True,True,correct
sub-008,101,correct,1,472.9535340133555,1.353928126683096,True,True,True,correct
sub-008,102,error,0,440.9404372508314,-2.5580779693136324,False,True,True,error
sub-008,103,correct,1,526.445427930669,-3.2541261953699783,True,True,True,correct
sub-008,104,correct,1,362.1753628545489,-3.95151413263794,True,True,True,correct
sub-008,105,correct,1,315.5975892993003,3.423384729139424,True,True,True,correct
sub-008,106,correct,1,420.6184386379227,0.3564221855436545,True,True,True,correct
sub-008,107,correct,1,299.8118758494726,-1.4498328509067575,True,True,True,correct
sub-008,108,correct,1,458.4068594749013,0.4738633524630585,True,True,True,correct
sub-008,109,correct,1,395.76643159137774,-2.1068677044029624,True,True,True,correct
sub-008,110,correct,1,383.6199688681376,-0.310525467542165,True,True,True,correct
sub-008,111,correct,1,573.9277910041766,-0.8401979418847529,True,True,True,correct
sub-008,112,error,0,501.5006653764296,-4.448098008129246,False,True,True,error
sub-008,113,correct,1,598.1189447575726,-2.0294509402615573,True,True,True,correct
sub-008,114,correct,1,524.3632881642046,0.2730189254878984,True,True,True,correct
sub-008,115,correct,1,604.1434420450763,-1.5734220502162737,True,True,True,correct
sub-008,116,correct,1,457.91891457794185,-2.8130615166931463,True,True,True,correct
sub-008,117,correct,1,473.6085992012051,0.1395681127198428,True,True,True,correct
sub-008,118,correct,1,553.7078338557485,-0.4960483183576032,True,True,True,correct
sub-008,119,correct,1,358.5640652244841,1.503407484666831,True,True,True,correct
sub-008,120,correct,1,489.6670895049074,5.405298359599064,True,True,True,correct
sub-008,121,correct,1,575.032904520129,-0.7333559259372182,True,True,True,correct
sub-008,122,correct,1,473.89355493496737,-1.72454133003848,True,True,True,correct
sub-008,123,correct,1,292.1930358374349,2.3824624837064805,True,True,True,correct
sub-008,124,correct,1,528.0658863674382,-3.772676256812688,True,True,True,correct
sub-008,125,correct,1,574.2759307192342,-3.463544316256852,True,True,True,correct
sub-008,126,correct,1,351.6967614865992,-0.2360908936558048,True,True,True,correct
sub-008,127,error,0,482.95070680185165,-3.97295305963918,False,True,True,error
sub-008,128,correct,1,524.2777333449518,1.833705741351901,True,True,True,correct
sub-008,129,correct,1,401.563645228577,0.956476060543376,True,True,True,correct
sub-008,130,correct,1,482.64367728616287,0.3107599475609216,True,True,True,correct
sub-008,131,correct,1,516.1157097167031,1.5068408359151548,True,True,True,correct
sub-008,132,correct,1,363.53892124570825,1.8457585842207929,True,True,True,correct
sub-008,133,correct,1,508.2646793265735,-1.5645162035970832,True,True,True,correct
sub-008,134,correct,1,391.7352760206153,-3.300092880945079,True,True,True,correct
sub-008,135,correct,1,316.4200644066396,-1.9223412438048555,True,True,True,correct
sub-008,136,correct,1,362.289904150322,0.7415547552727277,True,True,True,correct
sub-008,137,error,0,512.0972438057505,-2.375652591484966,False,True,True,error
sub-008,138,error,0,440.2387473476715,-1.0402584328111362,False,True,True,error
sub-008,139,correct,1,380.6958588179242,1.2698900706453624,True,True,True,correct
sub-008,140,correct,1,409.575940550872,5.096056460527779,True,True,True,correct
sub-008,141,correct,1,322.00374125618544,-0.1992269487432736,True,True,True,correct
sub-008,142,correct,1,369.0170784730476,-0.2176326530856442,True,True,True,correct
sub-008,143,correct,1,514.5210003242205,-1.8721953585096955,True,True,True,correct
sub-008,144,correct,1,609.3775440177619,-1.4928911366726008,True,True,True,correct
sub-008,145,correct,1,479.0032480634317,0.71810448501851,True,True,True,correct
sub-008,146,correct,1,456.0810012455644,-4.172067587677971,True,True,True,correct
sub-008,147,correct,1,438.0838513072633,2.860811862282585,True,True,True,correct
sub-008,148,correct,1,677.7866491509737,0.3308505055156858,True,True,True,correct
sub-008,149,correct,1,499.6756179800128,-1.3265907047855536,True,True,True,correct
sub-008,150,correct,1,352.1854829770254,0.5141168445763948,True,True,True,correct
sub-008,151,correct,1,457.7150713565516,-2.2516067174458136,True,True,True,correct
sub-008,152,correct,1,476.6629033682028,-0.0959551790568482,True,True,True,correct
sub-008,153,correct,1,503.2076832008969,-0.4703713424425436,True,True,True,correct
sub-008,154,error,0,540.0482061943353,-1.199842841161655,False,True,True,error
sub-008,155,correct,1,362.1941583541694,1.2698454950208125,True,True,True,correct
sub-008,156,correct,1,457.11255910486886,-0.01092139820607,True,True,True,correct
sub-008,157,error,0,489.248428861896,-3.608516043195344,False,True,True,error
sub-008,158,error,0,450.9298439378016,-2.663466189046529,False,True,True,error
sub-008,159,correct,1,487.0415326978267,-1.137902076538344,True,True,True,correct
sub-008,160,error,0,383.9625724061805,-0.0957506353550217,False,True,True,error
sub-009,1,error,0,414.90568511500703,-4.810774793465518,False,True,True,error
sub-009,2,correct,1,507.2040647001623,3.6721256693416033,True,True,True,correct
sub-009,3,error,0,571.9249843693652,-5.7922835538703765,False,True,True,error
sub-009,4,correct,1,389.2661744525868,1.1970527082873683,True,True,True,correct
sub-009,5,correct,1,430.6106955484804,-1.676675404299437,True,True,True,correct
sub-009,6,correct,1,426.4302208852972,-4.212342299990236,True,True,True,correct
sub-009,7,correct,1,517.744972617543,1.1673338540976357,True,True,True,correct
sub-009,8,correct,1,462.431356718774,-1.2781153973267587,True,True,True,correct
sub-009,9,correct,1,504.0407032702971,-0.4357809601920354,True,True,True,correct
sub-009,10,error,0,576.849481024326,-3.411804723828616,False,True,True,error
sub-009,11,correct,1,434.4817049696573,-0.9785484976386634,True,True,True,correct
sub-009,12,correct,1,386.2937537945679,-0.1937980453318066,True,True,True,correct
sub-009,13,correct,1,383.12642820847657,-0.9373952483183652,True,True,True,correct
sub-009,14,error,0,502.25029810148897,-2.7232472437549404,False,True,True,error
sub-009,15,correct,1,546.5064702658701,-2.076717791841979,True,True,True,correct
sub-009,16,error,0,425.3706117661158,1.4794664609943282,False,True,True,error
sub-009,17,correct,1,506.4106301802956,-2.525428922290883,True,True,True,correct
sub-009,18,error,0,539.1794964685625,-3.322321787663621,False,True,True,error
sub-009,19,correct,1,606.5953300442472,-3.899699575313812,True,True,True,correct
sub-009,20,correct,1,310.17971416693166,0.2729278216346645,True,True,True,correct
sub-009,21,correct,1,455.9086542396983,-2.61063436733684,True,True,True,correct
sub-009,22,correct,1,564.1321579802968,-0.867410510908023,True,True,True,correct
sub-009,23,correct,1,489.9755770954483,-3.161250550308895,True,True,True,correct
sub-009,24,error,0,399.5623786871402,-3.1640912734666964,False,True,True,error
sub-009,25,correct,1,419.6889152832301,-2.931506558043468,True,True,True,correct
sub-009,26,correct,1,397.4698734078163,0.9832940936105364,True,True,True,correct
sub-009,27,correct,1,457.0585905140738,-1.128151509219634,True,True,True,correct
sub-009,28,error,0,424.47737996172464,-4.014892350185468,False,True,True,error
sub-009,29,correct,1,443.63801923785655,0.1391904408061816,True,True,True,correct
sub-009,30,error,0,491.791825095684,-5.986643447998853,False,True,True,error
sub-009,31,correct,1,401.7240414146129,2.330936513354197,True,True,True,correct
sub-009,32,error,0,381.85943203605297,1.1002938098754669,False,True,True,error
sub-009,33,correct,1,550.0526556123821,-3.113786334287981,True,True,True,correct
sub-009,34,error,0,455.2496821557112,-0.647806861210589,False,True,True,error
sub-009,35,correct,1,521.259406599561,1.2861437382424552,True,True,True,correct
sub-009,36,correct,1,352.18177516559,-0.2172172614081303,True,True,True,correct
sub-009,37,correct,1,412.146199972549,4.832930161284857,True,True,True,correct
sub-009,38,correct,1,472.0328168002084,0.4671255785035448,True,True,True,correct
sub-009,39,correct,1,421.3319554488344,0.5892656865272166,True,True,True,correct
sub-009,40,error,0,462.4667526185749,1.333256539971939,False,True,True,error
sub-009,41,correct,1,652.4021449938969,0.4253972293033681,True,True,True,correct
sub-009,42,correct,1,409.6791495331725,-2.0745062595328445,True,True,True,correct
sub-009,43,correct,1,482.18664080650416,2.9021010661974405,True,True,True,correct
sub-009,44,correct,1,381.6799165756014,0.5059750164149166,True,True,True,correct
sub-009,45,correct,1,425.0508896490262,1.3063814691873454,True,True,True,correct
sub-009,46,error,0,424.7326547993239,-1.1063679122233214,False,True,True,error
sub-009,47,correct,1,426.7888195399215,-4.436219297275429,True,True,True,correct
sub-009,48,correct,1,608.4397059790498,-3.2996299941946035,True,True,True,correct
sub-009,49,correct,1,407.8027799373281,-2.690891656607895,True,True,True,correct
sub-009,50,correct,1,406.7316656986124,-0.2972482107464568,True,True,True,correct
sub-009,51,correct,1,534.752059372081,-3.108471612766761,True,True,True,correct
sub-009,52,correct,1,456.6117339331373,0.2830062946486528,True,True,True,correct
sub-009,53,correct,1,639.665085355653,-1.6286844734211168,True,True,True,correct
sub-009,54,correct,1,513.6972556101489,-1.4142911273545569,True,True,True,correct
sub-009,55,correct,1,425.9485296775002,1.5418300473579687,True,True,True,correct
sub-009,56,correct,1,551.5406328154252,-2.156563635614062,True,True,True,correct
sub-009,57,error,0,370.31277688104007,-2.315948387615409,False,True,True,error
sub-009,58,correct,1,391.2595509531819,1.8352649132762795,True,True,True,correct
sub-009,59,error,0,433.7005319558572,-3.417569176481539,False,True,True,error
sub-009,60,correct,1,517.9406034691474,2.321355414649971,True,True,True,correct
sub-009,61,correct,1,565.8463328283373,-1.6213336132048315,True,True,True,correct
sub-009,62,correct,1,400.6023078344199,0.1975425876887267,True,True,True,correct
sub-009,63,correct,1,682.2424960799494,-0.3137343383497875,True,True,True,correct
sub-009,64,correct,1,517.7683967264927,0.7778424207912351,True,True,True,correct
sub-009,65,error,0,471.0786599908136,-0.4642591423002966,False,True,True,error
sub-009,66,error,0,442.5163346715402,-1.5502133051947624,False,True,True,error
sub-009,67,correct,1,471.2354486740404,-0.396271487795216,True,True,True,correct
sub-009,68,correct,1,398.0249431972162,-0.344574188275138,True,True,True,correct
sub-009,69,correct,1,462.3589879247997,-2.03280015803986,True,True,True,correct
sub-009,70,correct,1,356.755584118277,4.555006451134454,True,True,True,correct
sub-009,71,correct,1,476.848908257864,-1.6190312187320113,True,True,True,correct
sub-009,72,correct,1,559.4055835781732,0.9443272317319988,True,True,True,correct
sub-009,73,correct,1,381.4018087542127,-1.523040517638931,True,True,True,correct
sub-009,74,correct,1,426.0237803405649,-1.6564047830396984,True,True,True,correct
sub-009,75,error,0,508.2565867919893,-3.2262338380198265,False,True,True,error
sub-009,76,correct,1,442.8159050325716,-0.378425605954107,True,True,True,correct
sub-009,77,correct,1,380.7111018782974,-2.5731122832672764,True,True,True,correct
sub-009,78,error,0,434.8222612079785,-0.2928981760819185,False,True,True,error
sub-009,79,error,0,480.0658174648208,-4.951164493844652,False,True,True,error
sub-009,80,correct,1,375.13295793946565,-0.2145461462395004,True,True,True,correct
sub-009,81,error,0,555.8933478224757,1.0841774807983942,False,True,True,error
sub-009,82,correct,1,306.973253956091,2.768829481336305,True,True,True,correct
sub-009,83,correct,1,474.2140041811985,-0.0529547847548859,True,True,True,correct
sub-009,84,correct,1,582.3240991631498,-1.8632919305818945,True,True,True,correct
sub-009,85,correct,1,331.93240662549647,-0.7363721584591859,True,True,True,correct
sub-009,86,correct,1,364.6248968736009,-1.84389872598033,True,True,True,correct
sub-009,87,correct,1,409.58053190886994,0.9509851204487492,True,True,True,correct
sub-009,88,correct,1,416.808885690695,-1.6588084364787636,True,True,True,correct
sub-009,89,correct,1,583.6739023796551,-1.4625312255545928,True,True,True,correct
sub-009,90,error,0,421.26105118728407,-1.3017496554020538,False,True,True,error
sub-009,91,correct,1,609.9571341701917,-1.4928721664405789,True,True,True,correct
sub-009,92,correct,1,511.22902688031934,-0.883695624801311,True,True,True,correct
sub-009,93,correct,1,545.2519180818828,-3.1256757422031227,True,True,True,correct
sub-009,94,correct,1,363.1185244378274,-1.982250595376909,True,True,True,correct
sub-009,95,correct,1,630.1725614964051,-2.729127884310272,True,True,True,correct
sub-009,96,error,0,431.0558865484798,0.574561274236302,False,True,True,error
sub-009,97,correct,1,438.3270220635068,2.4528227385556747,True,True,True,correct
sub-009,98,correct,1,535.2602400464555,-0.0728199287402357,True,True,True,correct
sub-009,99,correct,1,419.9331499080541,-1.7041479567215865,True,True,True,correct
sub-009,100,correct,1,333.1018899454035,-0.1523661002850211,True,True,True,correct
sub-009,101,error,0,508.89141503164063,-2.079222227966593,False,True,True,error
sub-009,102,correct,1,534.5480830188085,1.5440449045203777,True,True,True,correct
sub-009,103,correct,1,385.15955929799287,0.5742366122040441,True,True,True,correct
sub-009,104,correct,1,318.20934882761094,2.567837963739624,True,True,True,correct
sub-009,105,correct,1,433.3393346055758,0.0641064078232953,True,True,True,correct
sub-009,106,correct,1,658.0753103903995,1.959112499518812,True,True,True,correct
sub-009,107,correct,1,513.4547883346643,-0.5663251428703966,True,True,True,correct
sub-009,108,correct,1,574.3311909136938,0.1730621150223977,True,True,True,correct
sub-009,109,error,0,355.628720585858,-2.793484987533,False,True,True,error
sub-009,110,correct,1,422.6917300578418,-3.29947544916708,True,True,True,correct
sub-009,111,error,0,422.90559476777526,-4.783075234212071,False,True,True,error
sub-009,112,correct,1,592.3956541613848,-2.656365981161974,True,True,True,correct
sub-009,113,correct,1,482.8726119811792,1.1680852344017911,True,True,True,correct
sub-009,114,correct,1,469.53804351050167,-2.38709998159492,True,True,True,correct
sub-009,115,correct,1,511.1136768646459,1.3914944824086182,True,True,True,correct
sub-009,116,error,0,487.365708720359,-4.383023772559158,False,True,True,error
sub-009,117,correct,1,520.5852433437125,-0.2237258515915645,True,True,True,correct
sub-009,118,correct,1,419.912843284682,-0.5061191847879354,True,True,True,correct
sub-009,119,correct,1,515.2892985707174,-3.367690220249396,True,True,True,correct
sub-009,120,correct,1,361.6916815441739,-0.7564147051828494,True,True,True,correct
sub-009,121,correct,1,375.5466902620824,-0.7740353240687766,True,True,True,correct
sub-009,122,error,0,363.4578094322092,0.0979261586961655,False,True,True,error
sub-009,123,correct,1,540.7985363086179,2.5309803575168512,True,True,True,correct
sub-009,124,correct,1,370.3028025528584,0.0101961847273407,True,True,True,correct
sub-009,125,correct,1,407.133247952176,-2.937632024358196,True,True,True,correct
sub-009,126,correct,1,283.5555021479223,-3.1195665325060165,True,True,True,correct
sub-009,127,correct,1,503.3829248746674,-0.1275409815178185,True,True,True,correct
sub-009,128,error,0,275.7136136107594,-1.9914349503711888,False,True,True,error
sub-009,129,correct,1,511.03238293225536,-1.614879343846075,True,True,True,correct
sub-009,130,correct,1,525.7759208134004,-3.3697758682919705,True,True,True,correct
sub-009,131,correct,1,523.7471776445245,-2.1576696822187937,True,True,True,correct
sub-009,132,error,0,437.9823610933718,0.1932569556147385,False,True,True,error
sub-009,133,correct,1,495.568544910959,-2.031602504152957,True,True,True,correct
sub-009,134,correct,1,455.7775491945509,-2.153568741571092,True,True,True,correct
sub-009,135,correct,1,429.112819192133,1.934481867140328,True,True,True,correct
sub-009,136,correct,1,366.2099670396017,1.6258112990173783,True,True,True,correct
sub-009,137,error,0,352.85203443773844,-2.0119816279214016,False,True,True,error
sub-009,138,correct,1,475.4794800334515,2.1804719804202986,True,True,True,correct
sub-009,139,correct,1,447.4054769171279,1.794593484702061,True,True,True,correct
sub-009,140,correct,1,400.64890423156487,-1.5177859915702232,True,True,True,correct
sub-009,141,correct,1,497.0296155743445,-3.475039655715584,True,True,True,correct
sub-009,142,correct,1,400.441333370182,1.5732345517429611,True,True,True,correct
sub-009,143,correct,1,508.7368113944633,2.8782011951176134,True,True,True,correct
sub-009,144,correct,1,564.4477281198438,2.6573424674344786,True,True,True,correct
sub-009,145,correct,1,339.7161802981404,-2.1224259205715588,True,True,True,correct
sub-009,146,correct,1,443.0992018501466,0.0749310438267257,True,True,True,correct
sub-009,147,correct,1,403.4658145294003,-0.8417922284552233,True,True,True,correct
sub-009,148,correct,1,472.3292137183433,-0.7302889591672405,True,True,True,correct
sub-009,149,correct,1,592.2959421125444,-2.0780437221317363,True,True,True,correct
sub-009,150,correct,1,569.2936436733769,-4.3231801453102525,True,True,True,correct
sub-009,151,correct,1,443.6450426905635,-0.8380563245581039,True,True,True,correct
sub-009,152,correct,1,501.9526807652979,0.7702548107509557,True,True,True,correct
sub-009,153,correct,1,604.6489240508354,1.0005080539138071,True,True,True,correct
sub-009,154,correct,1,465.0360028774097,-0.7821570171258849,True,True,True,correct
sub-009,155,correct,1,521.7816639687036,-0.8670526540850421,True,True,True,correct
sub-009,156,correct,1,463.0970549042201,0.8018737523076447,True,True,True,correct
sub-009,157,correct,1,469.4281773849932,1.24111817538354,True,True,True,correct
sub-009,158,correct,1,521.5634645817591,-2.328680461295942,True,True,True,correct
sub-009,159,correct,1,381.1707864151328,0.2224066126143128,True,True,True,correct
sub-009,160,correct,1,462.7653539106535,0.0352453670148931,True,True,True,correct
sub-010,1,correct,1,536.7816844734233,-6.250490678270748,True,True,True,correct
sub-010,2,correct,1,510.7653068818456,-2.535745815524149,True,True,True,correct
sub-010,3,correct,1,513.0652314463129,2.209782848977003,True,True,True,correct
sub-010,4,correct,1,516.5983038305432,1.5054456708399686,True,True,True,correct
sub-010,5,correct,1,499.2120627337316,0.6991045275177539,True,True,True,correct
sub-010,6,correct,1,536.6666232759596,3.0473800321672995,True,True,True,correct
sub-010,7,correct,1,515.1705905845349,-5.290578496703713,True,True,True,correct
sub-010,8,correct,1,477.1349093022772,0.368115297077929,True,True,True,correct
sub-010,9,correct,1,499.4389676654466,-0.587540763978857,True,True,True,correct
sub-010,10,correct,1,524.560818293507,-0.4923617439194206,True,True,True,correct
sub-010,11,correct,1,449.8173297180356,-1.5456273658067157,True,True,True,correct
sub-010,12,error,0,459.74921241065925,-0.2558264273095676,False,True,True,error
sub-010,13,error,0,506.3765601183706,-3.8581478899420567,False,True,True,error
sub-010,14,correct,1,499.2869519994464,1.6360202371872803,True,True,True,correct
sub-010,15,correct,1,607.9285205968372,-1.1576308172426069,True,True,True,correct
sub-010,16,correct,1,460.5506795158609,-1.1320907571501528,True,True,True,correct
sub-010,17,correct,1,429.3575619750546,2.3574031316731947,True,True,True,correct
sub-010,18,correct,1,315.073988985995,-0.3893798266956402,True,True,True,correct
sub-010,19,correct,1,411.44166240070336,0.902763086738772,True,True,True,correct
sub-010,20,error,0,457.068614800061,-3.554530114183573,False,True,True,error
sub-010,21,correct,1,351.86594662540665,-0.793898593743793,True,True,True,correct
sub-010,22,correct,1,465.74785099101,-2.2688134620494287,True,True,True,correct
sub-010,23,correct,1,480.25143518153806,1.3862463473828923,True,True,True,correct
sub-010,24,error,0,426.4703423626779,-5.439197127209349,False,True,True,error
sub-010,25,correct,1,435.18878546850686,1.2780170840396536,True,True,True,correct
sub-010,26,correct,1,483.3297884532241,0.1633291173327164,True,True,True,correct
sub-010,27,correct,1,471.2385210034586,-1.2175994371799657,True,True,True,correct
sub-010,28,correct,1,534.8284332629044,0.66019526959656,True,True,True,correct
sub-010,29,correct,1,493.99883093885006,1.7878607721763,True,True,True,correct
sub-010,30,correct,1,315.4072592958735,0.6706428940888289,True,True,True,correct
sub-010,31,error,0,427.40533063035946,-3.314013903754347,False,True,True,error
sub-010,32,correct,1,394.6400108304314,-0.9213051824026331,True,True,True,correct
sub-010,33,correct,1,575.9416167870414,0.5860651403997061,True,True,True,correct
sub-010,34,correct,1,374.2630721210328,-2.664969462829611,True,True,True,correct
sub-010,35,correct,1,359.3941315584744,1.1201772334933584,True,True,True,correct
sub-010,36,correct,1,396.82944603171313,-4.677152417192963,True,True,True,correct
sub-010,37,correct,1,406.2345405776829,-1.4149613661308984,True,True,True,correct
sub-010,38,error,0,419.5460017911446,-1.5358232419559317,False,True,True,error
sub-010,39,correct,1,397.8618865531456,-3.592462294730129,True,True,True,correct
sub-010,40,correct,1,428.3862502851108,-3.959071527975932,True,True,True,correct
sub-010,41,correct,1,605.3183694605866,0.8147723670593019,True,True,True,correct
sub-010,42,correct,1,413.8878155922659,-0.9284766405505986,True,True,True,correct
sub-010,43,correct,1,538.7783319232889,4.960197441295535,True,True,True,correct
sub-010,44,correct,1,361.577439049894,0.9603529586167596,True,True,True,correct
sub-010,45,correct,1,385.6868007971681,0.2785325090075515,True,True,True,correct
sub-010,46,error,0,473.04666156017936,1.0514346917678232,False,True,True,error
sub-010,47,correct,1,441.4847250728276,1.4889887305891685,True,True,True,correct
sub-010,48,correct,1,487.4101165044741,2.063148951876632,True,True,True,correct
sub-010,49,correct,1,472.9567474848471,-1.0624921947543848,True,True,True,correct
sub-010,50,error,0,307.2754674531158,0.7993444234513507,False,True,True,error
sub-010,51,correct,1,422.9779755472886,-1.8136547286675104,True,True,True,correct
sub-010,52,correct,1,424.3774517650466,2.575310709415997,True,True,True,correct
sub-010,53,correct,1,464.2374324263183,0.0079535003312161,True,True,True,correct
sub-010,54,correct,1,404.2575087522515,2.614525238565979,True,True,True,correct
sub-010,55,correct,1,502.7520998736807,-0.8237242670060383,True,True,True,correct
sub-010,56,correct,1,402.1283325742871,0.5628201270153126,True,True,True,correct
sub-010,57,correct,1,438.1689457638753,4.583462155936642,True,True,True,correct
sub-010,58,correct,1,492.6850571428048,2.854132580939307,True,True,True,correct
sub-010,59,correct,1,500.84354340869953,-4.343756030109471,True,True,True,correct
sub-010,60,error,0,333.3383739353484,-4.539163992429536,False,True,True,error
sub-010,61,correct,1,365.8306139412459,0.8846464729958521,True,True,True,correct
sub-010,62,correct,1,458.7272759605833,-0.4105440718010145,True,True,True,correct
sub-010,63,correct,1,401.2522905313331,0.6750676125244339,True,True,True,correct
sub-010,64,correct,1,494.41075835234994,-1.7269816402385372,True,True,True,correct
sub-010,65,correct,1,515.3289658996014,2.983327431384385,True,True,True,correct
sub-010,66,correct,1,513.2379227389733,0.2320247080565318,True,True,True,correct
sub-010,67,correct,1,352.3929920665652,1.0407939882815609,True,True,True,correct
sub-010,68,correct,1,450.2291815035296,-2.208046344435679,True,True,True,correct
sub-010,69,correct,1,374.52462282304623,1.0896086420852185,True,True,True,correct
sub-010,70,correct,1,384.1246612637359,-2.0323888349432195,True,True,True,correct
sub-010,71,correct,1,366.4912398635303,1.0033102122294195,True,True,True,correct
sub-010,72,correct,1,558.3034497945495,-1.493752336263879,True,True,True,correct
sub-010,73,correct,1,508.4988857061735,-0.1411518577761475,True,True,True,correct
sub-010,74,correct,1,596.5596984250471,0.2111013157155538,True,True,True,correct
sub-010,75,correct,1,519.3255907789452,2.182269219737928,True,True,True,correct
sub-010,76,error,0,438.35706930688457,-1.624466296206683,False,True,True,error
sub-010,77,correct,1,476.4810133599264,1.4233140614761617,True,True,True,correct
sub-010,78,correct,1,516.8973891566975,-0.720334441941509,True,True,True,correct
sub-010,79,correct,1,402.9872061325058,0.8358612834534849,True,True,True,correct
sub-010,80,correct,1,445.58858706736487,-2.8212021415452195,True,True,True,correct
sub-010,81,correct,1,452.3650155548443,-1.7132425233272068,True,True,True,correct
sub-010,82,correct,1,442.0398936405501,0.1136160615745086,True,True,True,correct
sub-010,83,error,0,453.24588220819817,0.6574181087091129,False,True,True,error
sub-010,84,correct,1,564.3705306664339,-3.62559590208584,True,True,True,correct
sub-010,85,correct,1,526.6040102882669,-1.4695130301344992,True,True,True,correct
sub-010,86,correct,1,456.9950552333119,-1.3072562475879723,True,True,True,correct
sub-010,87,correct,1,426.2858356403423,0.3953801956693738,True,True,True,correct
sub-010,88,correct,1,343.4342751586695,-0.917800065348262,True,True,True,correct
sub-010,89,error,0,414.64270818000944,-3.273884980687983,False,True,True,error
sub-010,90,correct,1,509.95202805402937,-1.7157916404523923,True,True,True,correct
sub-010,91,correct,1,426.00921403829545,-2.40506290502233,True,True,True,correct
sub-010,92,error,0,449.4724858465581,-0.2815629332757112,False,True,True,error
sub-010,93,correct,1,405.3281752808136,-0.6311037911204433,True,True,True,correct
sub-010,94,correct,1,634.0662171862417,1.7659184197372078,True,True,True,correct
sub-010,95,error,0,285.94875790169044,-1.2442715747061903,False,True,True,error
sub-010,96,correct,1,415.7389305796796,-1.04761952706227,True,True,True,correct
sub-010,97,correct,1,379.50340360902834,-2.0394145421575884,True,True,True,correct
sub-010,98,correct,1,441.7248266488526,-3.1439623819332114,True,True,True,correct
sub-010,99,correct,1,558.4488581842111,0.3792268440180448,True,True,True,correct
sub-010,100,correct,1,400.913915649636,0.1070722609924109,True,True,True,correct
sub-010,101,correct,1,604.2769448798123,-1.2132483900751456,True,True,True,correct
sub-010,102,correct,1,425.6623234835408,-1.0571628277242255,True,True,True,correct
sub-010,103,correct,1,644.4223872067096,-0.145760305733573,True,True,True,correct
sub-010,104,error,0,571.0331457544542,-1.6349824267923925,False,True,True,error
sub-010,105,correct,1,480.5841111593374,0.8973474877815844,True,True,True,correct
sub-010,106,error,0,509.2652794794674,-5.354055918341076,False,True,True,error
sub-010,107,correct,1,568.8989292170925,-0.2504374882382701,True,True,True,correct
sub-010,108,error,0,487.0247765081132,0.95595319815472,False,True,True,error
sub-010,109,correct,1,418.79985615127407,0.1527905751656163,True,True,True,correct
sub-010,110,correct,1,374.7167996725032,-2.2022856201148646,True,True,True,correct
sub-010,111,correct,1,454.6587857551003,0.3562038220780606,True,True,True,correct
sub-010,112,correct,1,555.2266626685309,2.358106707012525,True,True,True,correct
sub-010,113,correct,1,547.0998631280037,-0.3907678059876149,True,True,True,correct
sub-010,114,correct,1,330.8598134303861,0.4587020770087714,True,True,True,correct
sub-010,115,correct,1,436.0532935572753,0.9923255227458964,True,True,True,correct
sub-010,116,correct,1,458.7605208341963,-0.055627133877953,True,True,True,correct
sub-010,117,correct,1,576.4105107517747,-2.049794912081614,True,True,True,correct
sub-010,118,correct,1,478.0780339227131,-1.861123774959748,True,True,True,correct
sub-010,119,error,0,483.561690958325,-1.822342252102459,False,True,True,error
sub-010,120,correct,1,428.5136158040885,-0.0862954341861254,True,True,True,correct
sub-010,121,correct,1,371.4507405204306,0.1933966322005655,True,True,True,correct
sub-010,122,correct,1,494.0445107917153,-1.6691458043673364,True,True,True,correct
sub-010,123,correct,1,427.3902391733628,-0.1099539178287069,True,True,True,correct
sub-010,124,error,0,470.6431297358181,-3.503621830093164,False,True,True,error
sub-010,125,correct,1,438.3741571113237,-1.7361044354604354,True,True,True,correct
sub-010,126,correct,1,403.1571455743559,-1.7385944591413356,True,True,True,correct
sub-010,127,correct,1,556.3895473045561,0.8066697934152516,True,True,True,correct
sub-010,128,correct,1,396.6441347560682,1.5207695925780962,True,True,True,correct
sub-010,129,correct,1,387.3459286225764,-1.3767334948784145,True,True,True,correct
sub-010,130,correct,1,635.6336962751104,3.8451867191212847,True,True,True,correct
sub-010,131,correct,1,414.145407549516,0.9525369134780248,True,True,True,correct
sub-010,132,error,0,355.2316559508656,-0.8671058403191478,False,True,True,error
sub-010,133,correct,1,440.361623875965,-1.415636875922521,True,True,True,correct
sub-010,134,error,0,455.6559027034632,-4.570375260197156,False,True,True,error
sub-010,135,correct,1,606.634747868596,2.348813968153982,True,True,True,correct
sub-010,136,error,0,482.57222485499176,-6.439499699817362,False,True,True,error
sub-010,137,correct,1,398.6456390104332,-0.8926506203063842,True,True,True,correct
sub-010,138,correct,1,465.6712982956993,-2.2423812951149795,True,True,True,correct
sub-010,139,error,0,523.0099456362764,-4.342311391532811,False,True,True,error
sub-010,140,correct,1,446.75678530532593,0.0143747329672666,True,True,True,correct
sub-010,141,correct,1,617.475461497992,-2.5879134293328816,True,True,True,correct
sub-010,142,correct,1,398.9397799784722,1.857668248315047,True,True,True,correct
sub-010,143,correct,1,514.5077701344676,1.9822316913545768,True,True,True,correct
sub-010,144,error,0,371.8418954484091,4.425440602593104,False,True,True,error
sub-010,145,correct,1,508.9729678772589,0.5583885973727218,True,True,True,correct
sub-010,146,correct,1,415.4499932327336,-0.3939630611007512,True,True,True,correct
sub-010,147,error,0,367.6933121700028,-3.296696862635445,False,True,True,error
sub-010,148,correct,1,435.2371960780362,-2.180058721492105,True,True,True,correct
sub-010,149,correct,1,352.66346176656896,-1.312710770338645,True,True,True,correct
sub-010,150,correct,1,365.38653302646736,0.4377032792854478,True,True,True,correct
sub-010,151,correct,1,497.2268052381467,-2.111119739201489,True,True,True,correct
sub-010,152,correct,1,464.7186841793247,-0.6924687630234334,True,True,True,correct
sub-010,153,correct,1,428.18518813754906,-1.8717001012896872,True,True,True,correct
sub-010,154,correct,1,394.179840489678,3.980698015954941,True,True,True,correct
sub-010,155,correct,1,450.6867322344512,-0.8646922419458103,True,True,True,correct
sub-010,156,correct,1,460.3824334108614,-1.11949798067386,True,True,True,correct
sub-010,157,correct,1,605.5837985152522,-2.6004688098174933,True,True,True,correct
sub-010,158,correct,1,539.5627018904389,1.5713365577689282,True,True,True,correct
sub-010,159,correct,1,458.0228712734602,0.2595141690018729,True,True,True,correct
sub-010,160,error,0,330.3370382366663,-2.58205347781395,False,True,True,error
sub-011,1,error,0,347.9839126330403,-1.3245535168538085,False,True,True,error
sub-011,2,correct,1,323.22388057692547,-0.0412669976633196,True,True,True,correct
sub-011,3,correct,1,544.5997182470766,4.389475854779303,True,True,True,correct
sub-011,4,correct,1,589.4836815930516,-0.856536542465838,True,True,True,correct
sub-011,5,correct,1,434.1516610719461,1.577911099791052,True,True,True,correct
sub-011,6,error,0,471.60738016053614,-0.6820400461568323,False,True,True,error
sub-011,7,correct,1,461.448494258388,2.279323473216148,True,True,True,correct
sub-011,8,correct,1,480.1494480803372,-0.9351400329137924,True,True,True,correct
sub-011,9,correct,1,287.9228457347227,0.7782082855257597,True,True,True,correct
sub-011,10,correct,1,521.4308798955908,0.5998006134213014,True,True,True,correct
sub-011,11,correct,1,655.6973984766057,2.4291553212230275,True,True,True,correct
sub-011,12,correct,1,386.7419768867566,-2.1131852701432803,True,True,True,correct
sub-011,13,correct,1,574.1812573015909,-1.592765685083548,True,True,True,correct
sub-011,14,correct,1,370.1026347689476,1.753798454058525,True,True,True,correct
sub-011,15,correct,1,434.1770025922362,-1.929021827034968,True,True,True,correct
sub-011,16,correct,1,613.0863641216938,-1.4740754922341428,True,True,True,correct
sub-011,17,correct,1,273.97854251674573,0.6373091904776613,True,True,True,correct
sub-011,18,correct,1,507.6768135950098,-2.5774984959521445,True,True,True,correct
sub-011,19,error,0,480.5303732631513,-1.6470526843162987,False,True,True,error
sub-011,20,correct,1,452.2428435630001,-1.5746445074849578,True,True,True,correct
sub-011,21,correct,1,579.2137685910732,0.2515424621676966,True,True,True,correct
sub-011,22,correct,1,518.1208838306383,-1.7652858830811502,True,True,True,correct
sub-011,23,error,0,478.7354186020057,-3.749215721636249,False,True,True,error
sub-011,24,correct,1,331.9020401371798,-2.172660444387021,True,True,True,correct
sub-011,25,correct,1,555.3858570823529,1.0002836262793786,True,True,True,correct
sub-011,26,correct,1,517.6541026983971,-0.3568758326770758,True,True,True,correct
sub-011,27,error,0,465.0227682878783,-0.9607102204226612,False,True,True,error
sub-011,28,correct,1,411.9668741600972,-3.1320124421682163,True,True,True,correct
sub-011,29,correct,1,508.4448645432855,-2.428683169289063,True,True,True,correct
sub-011,30,correct,1,534.6983961103995,-0.6385023718448273,True,True,True,correct
sub-011,31,correct,1,597.7416415215629,0.8590906708587951,True,True,True,correct
sub-011,32,error,0,379.22713747821,-5.31692593544796,False,True,True,error
sub-011,33,correct,1,599.9988447531923,-0.725490379351173,True,True,True,correct
sub-011,34,correct,1,395.7615121335301,-3.8237355032180727,True,True,True,correct
sub-011,35,error,0,394.6473059033561,-2.803494991140875,False,True,True,error
sub-011,36,correct,1,411.6531875659014,1.996641622438262,True,True,True,correct
sub-011,37,correct,1,460.7900057306616,-1.4557218656577326,True,True,True,correct
sub-011,38,error,0,442.7481620321482,-5.665179910560309,False,True,True,error
sub-011,39,correct,1,457.524670912891,0.524912145379067,True,True,True,correct
sub-011,40,correct,1,529.7518755549272,1.7286450684794248,True,True,True,correct
sub-011,41,error,0,482.6645127432146,-3.245842990238766,False,True,True,error
sub-011,42,correct,1,374.6950507650274,-0.0820286218107701,True,True,True,correct
sub-011,43,correct,1,483.9654382895029,-4.035137954208026,True,True,True,correct
sub-011,44,correct,1,226.4694162820134,0.3840046255670355,True,True,True,correct
sub-011,45,error,0,385.9318175905973,-2.102801221696589,False,True,True,error
sub-011,46,correct,1,467.0114932579884,-0.8068433480629074,True,True,True,correct
sub-011,47,correct,1,511.21617938053066,2.429161383079304,True,True,True,correct
sub-011,48,correct,1,460.9420425180796,1.5107786285525964,True,True,True,correct
sub-011,49,correct,1,250.1422366394053,1.9240714642680397,True,True,True,correct
sub-011,50,correct,1,478.39038644912125,-1.995930500673318,True,True,True,correct
sub-011,51,correct,1,541.3872483793429,0.5002384144090418,True,True,True,correct
sub-011,52,correct,1,566.9320104014005,2.857180318075385,True,True,True,correct
sub-011,53,correct,1,406.5631255490935,0.0945299204522485,True,True,True,correct
sub-011,54,correct,1,383.7378191781744,0.2744502867772416,True,True,True,correct
sub-011,55,correct,1,423.6476601317051,-0.895163410421395,True,True,True,correct
sub-011,56,correct,1,548.7080464979127,1.8297238523268675,True,True,True,correct
sub-011,57,error,0,554.6965692294134,-4.784000007124297,False,True,True,error
sub-011,58,error,0,404.8828646754082,-7.743859844055368,False,True,True,error
sub-011,59,correct,1,387.986498425774,3.003652660063693,True,True,True,correct
sub-011,60,correct,1,349.1529169776143,0.460307376033637,True,True,True,correct
sub-011,61,correct,1,360.4805371048992,-2.280397940144972,True,True,True,correct
sub-011,62,correct,1,504.3418205789025,-1.033184646033256,True,True,True,correct
sub-011,63,correct,1,585.8196615110155,-0.4314925122970517,True,True,True,correct
sub-011,64,correct,1,530.307767870827,1.7884040819756135,True,True,True,correct
sub-011,65,correct,1,416.2430350622831,-2.01956137526802,True,True,True,correct
sub-011,66,correct,1,484.5406345032092,-2.622220292780467,True,True,True,correct
sub-011,67,correct,1,518.4449756704253,2.1127617757473693,True,True,True,correct
sub-011,68,correct,1,416.9607956582127,-4.244312761635141,True,True,True,correct
sub-011,69,correct,1,518.3830972382301,-5.156280322111854,True,True,True,correct
sub-011,70,correct,1,565.0630163078536,-3.323964753718994,True,True,True,correct
sub-011,71,error,0,476.4902307229373,-7.242226578643313,False,True,True,error
sub-011,72,correct,1,412.9174318205918,-2.227964588593263,True,True,True,correct
sub-011,73,correct,1,585.6685111917185,3.4083358453345878,True,True,True,correct
sub-011,74,correct,1,515.152007637098,0.3956088198889483,True,True,True,correct
sub-011,75,correct,1,395.6773546710602,-2.654629396965393,True,True,True,correct
sub-011,76,correct,1,661.5785466214243,-2.0965504336538827,True,True,True,correct
sub-011,77,correct,1,587.7552479404847,-1.1396739901525028,True,True,True,correct
sub-011,78,correct,1,395.5608347001614,-2.039234564450445,True,True,True,correct
sub-011,79,correct,1,516.0179015152775,0.6445671106681934,True,True,True,correct
sub-011,80,correct,1,562.203212884597,1.5464575230555029,True,True,True,correct
sub-011,81,error,0,473.13328561161006,-1.7444960944910353,False,True,True,error
sub-011,82,correct,1,498.3497308968183,-0.192091766895906,True,True,True,correct
sub-011,83,correct,1,522.2667874490919,1.4205155456347425,True,True,True,correct
sub-011,84,correct,1,533.0833496011572,-1.3166280815225888,True,True,True,correct
sub-011,85,correct,1,478.1536633562518,-1.761438660683578,True,True,True,correct
sub-011,86,error,0,410.649891594713,-4.290444547110285,False,True,True,error
sub-011,87,correct,1,461.7672223529648,-2.382871464680822,True,True,True,correct
sub-011,88,correct,1,606.6906819031816,0.959504388990805,True,True,True,correct
sub-011,89,correct,1,506.0036079119409,0.9069052099029068,True,True,True,correct
sub-011,90,correct,1,441.50681034880273,2.426168532343821,True,True,True,correct
sub-011,91,error,0,519.4932026820577,-4.321852941745237,False,True,True,error
sub-011,92,correct,1,468.2341749964398,2.381112432975206,True,True,True,correct
sub-011,93,correct,1,505.6443421515213,-0.5012116186229031,True,True,True,correct
sub-011,94,error,0,597.9380543317011,-8.969958081582146,False,True,True,error
sub-011,95,correct,1,375.9101137330774,-0.8345956064663611,True,True,True,correct
sub-011,96,correct,1,362.32283970187865,-2.1271530916470223,True,True,True,correct
sub-011,97,error,0,510.00112103538936,-6.917061786533072,False,True,True,error
sub-011,98,correct,1,493.3086760275429,-1.4296898815264516,True,True,True,correct
sub-011,99,correct,1,601.6800665484507,-3.3137512164866,True,True,True,correct
sub-011,100,correct,1,321.5988925442383,2.069326312978709,True,True,True,correct
sub-011,101,error,0,446.555855876597,-5.431487328897718,False,True,True,error
sub-011,102,correct,1,422.2266446786963,-0.5866232179677311,True,True,True,correct
sub-011,103,correct,1,550.8326718835215,0.979843552989582,True,True,True,correct
sub-011,104,correct,1,437.446162153837,-1.5487236651207574,True,True,True,correct
sub-011,105,correct,1,335.6061513479059,-0.3283341084432685,True,True,True,correct
sub-011,106,correct,1,597.7939668921066,-2.598291466864503,True,True,True,correct
sub-011,107,correct,1,511.7009684154364,-3.337257151457125,True,True,True,correct
sub-011,108,correct,1,404.771248025744,1.2994189898621795,True,True,True,correct
sub-011,109,correct,1,470.908339626097,-1.644844386834482,True,True,True,correct
sub-011,110,correct,1,609.2483874274476,-0.0034207265436552,True,True,True,correct
sub-011,111,correct,1,447.1920822343072,-0.3033548304399492,True,True,True,correct
sub-011,112,correct,1,488.8368595261522,-0.5324954250834838,True,True,True,correct
sub-011,113,correct,1,667.810660231969,-4.687820836283346,True,True,True,correct
sub-011,114,error,0,406.7190607511042,-3.331861712322215,False,True,True,error
sub-011,115,correct,1,483.050902035176,2.431463271171621,True,True,True,correct
sub-011,116,correct,1,400.21136778185394,0.0171798552238764,True,True,True,correct
sub-011,117,correct,1,548.760935410038,0.9918514456449898,True,True,True,correct
sub-011,118,error,0,424.2022366599406,-4.635173946913555,False,True,True,error
sub-011,119,correct,1,497.490632601501,1.0481323824485844,True,True,True,correct
sub-011,120,error,0,366.1124886210879,-4.165366012413188,False,True,True,error
sub-011,121,correct,1,306.07643643962683,0.950325039906904,True,True,True,correct
sub-011,122,correct,1,471.6789412851567,-0.0523188618794155,True,True,True,correct
sub-011,123,correct,1,385.9680576813558,-1.758864805428223,True,True,True,correct
sub-011,124,correct,1,380.4493029403332,0.454955630109036,True,True,True,correct
sub-011,125,correct,1,575.5966360369874,0.5866506262264355,True,True,True,correct
sub-011,126,correct,1,543.2731960064043,-0.3665697913807441,True,True,True,correct
sub-011,127,error,0,485.8616596713754,-2.437227819795168,False,True,True,error
sub-011,128,correct,1,512.315647405224,-1.1988139031524505,True,True,True,correct
sub-011,129,error,0,507.3671320477281,-5.279685911695754,False,True,True,error
sub-011,130,correct,1,441.8071736376044,-4.0653309341384976,True,True,True,correct
sub-011,131,correct,1,376.54359048469536,-1.538992737587501,True,True,True,correct
sub-011,132,correct,1,466.6945493803677,-0.1197022769950787,True,True,True,correct
sub-011,133,error,0,416.9451535695272,-5.165136794709426,False,True,True,error
sub-011,134,error,0,377.97750746718594,-2.096871708124297,False,True,True,error
sub-011,135,error,0,349.0455024015732,-1.885174050046643,False,True,True,error
sub-011,136,correct,1,445.6084717766006,-2.8348853025295586,True,True,True,correct
sub-011,137,correct,1,484.5361318425429,0.1365079232143913,True,True,True,correct
sub-011,138,correct,1,464.940828081156,-0.3588025712884512,True,True,True,correct
sub-011,139,correct,1,506.6468334679221,-0.2720507287697051,True,True,True,correct
sub-011,140,correct,1,497.5450779685364,3.230470225857224,True,True,True,correct
sub-011,141,correct,1,490.9475722129672,2.76217888437158,True,True,True,correct
sub-011,142,correct,1,498.6037957142207,-0.0092374894962052,True,True,True,correct
sub-011,143,correct,1,477.6014853913735,-4.5366504824884935,True,True,True,correct
sub-011,144,correct,1,518.8202195002214,-0.3707721221285139,True,True,True,correct
sub-011,145,correct,1,367.0348288704838,-2.5891129366281085,True,True,True,correct
sub-011,146,error,0,397.0802308006744,-4.211940147511355,False,True,True,error
sub-011,147,correct,1,552.2806048544971,-3.823465669448781,True,True,True,correct
sub-011,148,correct,1,460.4102093985251,-3.3925679854591806,True,True,True,correct
sub-011,149,correct,1,433.1710430880955,-2.459242444784158,True,True,True,correct
sub-011,150,error,0,285.92056147486323,-2.429710505578871,False,True,True,error
sub-011,151,correct,1,564.7036707029779,0.5341207726287576,True,True,True,correct
sub-011,152,correct,1,480.6487061900498,0.4737047968667581,True,True,True,correct
sub-011,153,correct,1,431.8737391110127,1.3496890156697865,True,True,True,correct
sub-011,154,correct,1,499.442620552209,0.0088656043911931,True,True,True,correct
sub-011,155,correct,1,444.64562791053953,1.875342978452162,True,True,True,correct
sub-011,156,correct,1,492.5777265427181,-1.9145595954808443,True,True,True,correct
sub-011,157,correct,1,383.6987148373989,0.1938964145317425,True,True,True,correct
sub-011,158,error,0,413.0185908550808,-5.198211158580978,False,True,True,error
sub-011,159,error,0,456.22194841219294,1.4929242981162472,False,True,True,error
sub-011,160,correct,1,509.7361496566919,-0.7327002206483624,True,True,True,correct
sub-012,1,error,0,407.4604688469011,-1.516753733918315,False,True,True,error
sub-012,2,correct,1,494.57684032860993,1.756087149875846,True,True,True,correct
sub-012,3,error,0,237.2654840625668,-6.82728329191297,False,True,True,error
sub-012,4,correct,1,387.7564646835035,-0.559567427198717,True,True,True,correct
sub-012,5,correct,1,532.7647990374643,0.145828930155566,True,True,True,correct
sub-012,6,error,0,590.2081069461344,-4.476097130384165,False,True,True,error
sub-012,7,correct,1,458.6359920878555,-0.4473265002804774,True,True,True,correct
sub-012,8,correct,1,454.1680464498244,-4.3406179061680135,True,True,True,correct
sub-012,9,correct,1,473.1386214041873,-4.743678826241745,True,True,True,correct
sub-012,10,correct,1,474.3745710403575,1.4809789251428755,True,True,True,correct
sub-012,11,correct,1,345.4372746837575,1.7909837433502442,True,True,True,correct
sub-012,12,error,0,435.3564831214632,0.1629546686815994,False,True,True,error
sub-012,13,correct,1,521.1803470167757,-1.8454570199847284,True,True,True,correct
sub-012,14,correct,1,457.25815701296784,-3.152472191124452,True,True,True,correct
sub-012,15,correct,1,333.3723814156074,0.0224964294379356,True,True,True,correct
sub-012,16,correct,1,341.951442096948,2.997887210522289,True,True,True,correct
sub-012,17,correct,1,507.1230746365741,-0.5925956413488942,True,True,True,correct
sub-012,18,correct,1,521.5699182987997,-1.0263093048183125,True,True,True,correct
sub-012,19,correct,1,387.43030538685497,1.2700352248690527,True,True,True,correct
sub-012,20,error,0,482.5901319636404,-0.046971082864863,False,True,True,error
sub-012,21,correct,1,450.3252609077133,1.2779891099474228,True,True,True,correct
sub-012,22,error,0,357.2215533994827,-1.8537420528725488,False,True,True,error
sub-012,23,correct,1,461.7558340578228,1.9926112023306128,True,True,True,correct
sub-012,24,correct,1,421.3870091551045,-4.774316770640513,True,True,True,correct
sub-012,25,error,0,402.7867787857107,-1.139197065313308,False,True,True,error
sub-012,26,correct,1,528.886729108955,-1.931157748377922,True,True,True,correct
sub-012,27,correct,1,443.12990875783873,-3.3573685533463653,True,True,True,correct
sub-012,28,correct,1,613.9637777018212,2.788888245663625,True,True,True,correct
sub-012,29,correct,1,488.2955650809023,0.0376674040496197,True,True,True,correct
sub-012,30,correct,1,477.77875646695554,-2.3353432134210648,True,True,True,correct
sub-012,31,correct,1,574.299347157391,0.7666693832401581,True,True,True,correct
sub-012,32,correct,1,573.9228384787326,0.5117072504238627,True,True,True,correct
sub-012,33,correct,1,487.7819834669992,-2.119960414236263,True,True,True,correct
sub-012,34,correct,1,444.2209151036699,-0.0987165739366164,True,True,True,correct
sub-012,35,correct,1,480.6512450060281,2.855992128260132,True,True,True,correct
sub-012,36,correct,1,370.3781737545829,1.25566471175828,True,True,True,correct
sub-012,37,correct,1,456.8740838167069,-0.3099884285525024,True,True,True,correct
sub-012,38,correct,1,364.0028304251852,-1.048259086998144,True,True,True,correct
sub-012,39,correct,1,377.70216076472207,-1.425006993361999,True,True,True,correct
sub-012,40,correct,1,530.7868740848368,-0.2811102586661278,True,True,True,correct
sub-012,41,correct,1,495.36945927538255,-0.0791080305150898,True,True,True,correct
sub-012,42,correct,1,317.6504397101056,0.0202785432259817,True,True,True,correct
sub-012,43,correct,1,528.9489567099688,-1.9665125283132243,True,True,True,correct
sub-012,44,correct,1,461.7026465856247,-4.096528371595899,True,True,True,correct
sub-012,45,correct,1,433.434733725303,1.2443188703646295,True,True,True,correct
sub-012,46,correct,1,525.7818276098561,-2.470382596978954,True,True,True,correct
sub-012,47,correct,1,515.6460979273369,-3.885629908407608,True,True,True,correct
sub-012,48,correct,1,565.2672766403351,-2.048334561990311,True,True,True,correct
sub-012,49,correct,1,473.78636538902754,1.0111103098423644,True,True,True,correct
sub-012,50,correct,1,529.4361840616442,-0.9564698799294824,True,True,True,correct
sub-012,51,error,0,411.8256390807294,-1.0067360087216244,False,True,True,error
sub-012,52,error,0,493.2003996610874,-3.2911271038629497,False,True,True,error
sub-012,53,correct,1,452.3336110914775,-0.7697799884955348,True,True,True,correct
sub-012,54,error,0,425.2432833205472,-2.2597201302847245,False,True,True,error
sub-012,55,correct,1,261.0342386373335,-2.2784100678578816,True,True,True,correct
sub-012,56,correct,1,380.3346958310532,-1.0050914342396295,True,True,True,correct
sub-012,57,correct,1,752.3552004401702,2.0869100255255733,True,True,True,correct
sub-012,58,correct,1,435.72075712477664,0.8811457740710158,True,True,True,correct
sub-012,59,error,0,201.38973267883543,-1.3599363177959574,False,True,True,error
sub-012,60,correct,1,473.9412364419859,2.2870192915175007,True,True,True,correct
sub-012,61,correct,1,535.2988700410217,-2.732808577887382,True,True,True,correct
sub-012,62,correct,1,384.4874215270051,0.3347197512788111,True,True,True,correct
sub-012,63,correct,1,483.1205615718921,0.3953986729953851,True,True,True,correct
sub-012,64,correct,1,481.53642066516926,-2.621540862927876,True,True,True,correct
sub-012,65,error,0,556.1953576547613,0.3602425702586442,False,True,True,error
sub-012,66,correct,1,529.2211638454266,0.3537409664564854,True,True,True,correct
sub-012,67,correct,1,509.115216856412,0.3297443405330267,True,True,True,correct
sub-012,68,correct,1,428.02076076763854,-2.4868110021767693,True,True,True,correct
sub-012,69,correct,1,446.7305703788369,-2.4029570781929266,True,True,True,correct
sub-012,70,correct,1,627.3002354532719,0.6034580469266355,True,True,True,correct
sub-012,71,correct,1,424.7950648107568,-0.9695697385717011,True,True,True,correct
sub-012,72,correct,1,574.3291545750421,0.1192187155478617,True,True,True,correct
sub-012,73,correct,1,320.36992673203963,2.094470519430337,True,True,True,correct
sub-012,74,correct,1,492.4841707227674,1.3734226008719204,True,True,True,correct
sub-012,75,error,0,491.6851451746139,-3.4185624235757297,False,True,True,error
sub-012,76,error,0,461.7977965551072,6.104399643365676,False,True,True,error
sub-012,77,correct,1,484.8203969632279,-2.48085042077379,True,True,True,correct
sub-012,78,correct,1,377.7709485422456,-1.028619327079368,True,True,True,correct
sub-012,79,error,0,321.66247804627926,-3.225608470307192,False,True,True,error
sub-012,80,correct,1,556.3083492921527,0.126824190259048,True,True,True,correct
sub-012,81,correct,1,375.75811294218977,-1.392994532027192,True,True,True,correct
sub-012,82,correct,1,548.5681457821509,1.7799262034601302,True,True,True,correct
sub-012,83,error,0,603.3493295841279,-3.439776122258065,False,True,True,error
sub-012,84,correct,1,392.4192902797331,2.405005449505996,True,True,True,correct
sub-012,85,correct,1,488.8648640004563,-2.6381056184380247,True,True,True,correct
sub-012,86,correct,1,496.3557382263424,-0.6940887335419821,True,True,True,correct
sub-012,87,correct,1,654.152520113503,-0.4489957288735767,True,True,True,correct
sub-012,88,correct,1,595.5775451782663,-2.771116798069317,True,True,True,correct
sub-012,89,error,0,320.11921093720395,-1.7446152550013954,False,True,True,error
sub-012,90,correct,1,657.0128612462696,1.0588760503172785,True,True,True,correct
sub-012,91,correct,1,447.61906027570046,0.6674243170401928,True,True,True,correct
sub-012,92,correct,1,422.7198103044837,-5.05404039026148,True,True,True,correct
sub-012,93,correct,1,269.8361871532318,2.18545427316551,True,True,True,correct
sub-012,94,correct,1,461.7364553214192,-1.6398238970632562,True,True,True,correct
sub-012,95,correct,1,586.7663924957957,-2.497912824091954,True,True,True,correct
sub-012,96,correct,1,372.5353941285257,3.492461871163842,True,True,True,correct
sub-012,97,correct,1,601.9335568023155,-2.20924683417538,True,True,True,correct
sub-012,98,correct,1,404.22205090892186,4.169331910824979,True,True,True,correct
sub-012,99,correct,1,470.50835114057287,-2.595189899493928,True,True,True,correct
sub-012,100,correct,1,424.5391700630021,0.7465865896236361,True,True,True,correct
sub-012,101,error,0,351.5067352090047,-1.827013323839629,False,True,True,error
sub-012,102,correct,1,512.3808370126886,-1.4842516707225717,True,True,True,correct
sub-012,103,correct,1,454.9984524013091,0.9935886548669136,True,True,True,correct
sub-012,104,correct,1,475.8590088473746,-1.265176801548842,True,True,True,correct
sub-012,105,correct,1,408.2310593299972,0.8658588210569156,True,True,True,correct
sub-012,106,correct,1,462.16318800441,-0.759531671893886,True,True,True,correct
sub-012,107,error,0,398.2516880777949,-2.040130476462908,False,True,True,error
sub-012,108,correct,1,370.4226760518417,-0.9575107334387792,True,True,True,correct
sub-012,109,correct,1,473.191189210337,-4.085997191066586,True,True,True,correct
sub-012,110,correct,1,374.4724614182798,-1.3705874781540497,True,True,True,correct
sub-012,111,correct,1,364.7420536521892,-1.5216242646337856,True,True,True,correct
sub-012,112,correct,1,435.6029949167752,0.5039315933094706,True,True,True,correct
sub-012,113,correct,1,415.4526829898504,0.7883416314505713,True,True,True,correct
sub-012,114,correct,1,513.8876540520565,-2.3429048520832376,True,True,True,correct
sub-012,115,correct,1,507.0480657003511,-0.6338448003777459,True,True,True,correct
sub-012,116,correct,1,645.3152830730862,2.759584486562623,True,True,True,correct
sub-012,117,correct,1,443.06485158397913,1.0687376652822211,True,True,True,correct
sub-012,118,correct,1,316.9203237090557,-2.9819447095105933,True,True,True,correct
sub-012,119,correct,1,447.483670124677,0.6897651816510348,True,True,True,correct
sub-012,120,correct,1,434.152986985196,1.2808413135909,True,True,True,correct
sub-012,121,correct,1,442.68772463510976,-2.1705311123767306,True,True,True,correct
sub-012,122,correct,1,476.194781578277,-2.7078804555086515,True,True,True,correct
sub-012,123,correct,1,562.5224588278494,-0.4813845139614932,True,True,True,correct
sub-012,124,correct,1,424.7738076221338,-0.8652091714575052,True,True,True,correct
sub-012,125,error,0,473.48649248505245,-0.7687754878650388,False,True,True,error
sub-012,126,correct,1,470.0946557841046,0.2011979042090234,True,True,True,correct
sub-012,127,correct,1,458.4986928175204,-0.2106090042576146,True,True,True,correct
sub-012,128,correct,1,428.5646244541374,0.9649056715173818,True,True,True,correct
sub-012,129,correct,1,528.0634913850906,-4.738227536272355,True,True,True,correct
sub-012,130,correct,1,540.987075929879,5.207498370345344,True,True,True,correct
sub-012,131,correct,1,439.7598442486863,-0.5387680042038947,True,True,True,correct
sub-012,132,correct,1,503.6848461848247,-3.203469792572044,True,True,True,correct
sub-012,133,correct,1,629.0313317950752,-0.1777314391661871,True,True,True,correct
sub-012,134,correct,1,587.708361208167,-0.785606866010461,True,True,True,correct
sub-012,135,error,0,411.33205626870176,0.5102655091126218,False,True,True,error
sub-012,136,correct,1,479.1439863609244,2.1338205565456194,True,True,True,correct
sub-012,137,correct,1,444.77881823410576,1.597340454882179,True,True,True,correct
sub-012,138,correct,1,498.30603944401656,-2.1830511986997623,True,True,True,correct
sub-012,139,correct,1,392.0749438114055,-6.042441927708915,True,True,True,correct
sub-012,140,correct,1,361.2153391743248,-2.841665237396682,True,True,True,correct
sub-012,141,error,0,423.8941067819275,-5.166542767514079,False,True,True,error
sub-012,142,error,0,418.5367581617183,-1.0984144298163847,False,True,True,error
sub-012,143,correct,1,398.36315887913946,-2.5251557472681543,True,True,True,correct
sub-012,144,correct,1,450.0606838915231,-2.03415412087042,True,True,True,correct
sub-012,145,correct,1,458.4130649221244,0.3738590684404359,True,True,True,correct
sub-012,146,correct,1,511.7507526408712,2.0129951099489047,True,True,True,correct
sub-012,147,error,0,225.2512912200776,-1.116603075014697,False,True,True,error
sub-012,148,correct,1,382.7956033884912,-2.730675459589069,True,True,True,correct
sub-012,149,correct,1,491.0140332032783,2.743194204027237,True,True,True,correct
sub-012,150,correct,1,469.59498918276375,2.9446607362896047,True,True,True,correct
sub-012,151,error,0,462.3177525161558,-3.308780936043272,False,True,True,error
sub-012,152,correct,1,388.05125420647335,-1.8621995698342784,True,True,True,correct
sub-012,153,error,0,395.3693784499912,-1.2341717782258264,False,True,True,error
sub-012,154,correct,1,538.3913740186198,-2.1302581309860704,True,True,True,correct
sub-012,155,correct,1,599.0391280824272,-3.6126970989406377,True,True,True,correct
sub-012,156,correct,1,490.38504297835937,0.0752123583496985,True,True,True,correct
sub-012,157,correct,1,338.2168958664538,0.0733013663780749,True,True,True,correct
sub-012,158,correct,1,491.6440358996954,-0.1888050243094807,True,True,True,correct
sub-012,159,correct,1,453.59087145092593,-3.659502932072992,True,True,True,correct
sub-012,160,error,0,383.47909610418617,-0.7650086334255681,False,True,True,error
sub-013,1,error,0,396.9095731708994,-3.6766785082179614,False,True,True,error
sub-013,2,correct,1,454.82918920699245,-3.3628852879550597,True,True,True,correct
sub-013,3,correct,1,468.6699923835292,0.2672620385641917,True,True,True,correct
sub-013,4,error,0,385.7580501995635,-3.1086062219656587,False,True,True,error
sub-013,5,correct,1,601.9203827190588,3.639603531642832,True,True,True,correct
sub-013,6,correct,1,337.9616161575485,-0.0903230386126933,True,True,True,correct
sub-013,7,correct,1,545.2487594333749,2.5447661649742246,True,True,True,correct
sub-013,8,correct,1,523.5931100088851,-1.9592597073652207,True,True,True,correct
sub-013,9,correct,1,413.44151363447713,-0.8389894586094153,True,True,True,correct
sub-013,10,correct,1,514.4781211433767,1.8455516233502252,True,True,True,correct
sub-013,11,correct,1,344.0012042861438,-2.667314188528976,True,True,True,correct
sub-013,12,correct,1,471.8844410882022,1.0648221977260524,True,True,True,correct
sub-013,13,correct,1,446.2901217450288,-0.1616683401540777,True,True,True,correct
sub-013,14,correct,1,593.9131369275877,-0.488829551686836,True,True,True,correct
sub-013,15,error,0,351.04136053175284,-6.828111663871052,False,True,True,error
sub-013,16,correct,1,542.5678803876501,0.076395165187783,True,True,True,correct
sub-013,17,correct,1,569.2142341424426,-1.42874483129916,True,True,True,correct
sub-013,18,correct,1,329.573415400156,1.3210149693419588,True,True,True,correct
sub-013,19,error,0,524.4157902163356,-1.953662719460266,False,True,True,error
sub-013,20,correct,1,447.00472529029423,-0.2043863030892452,True,True,True,correct
sub-013,21,correct,1,418.36610944327856,-0.7846924045786396,True,True,True,correct
sub-013,22,error,0,335.2291478901665,-4.402471434541767,False,True,True,error
sub-013,23,error,0,540.1782539262751,-1.2772495787617697,False,True,True,error
sub-013,24,correct,1,528.1475956742989,-0.1769076095849823,True,True,True,correct
sub-013,25,correct,1,360.6381528699933,1.0609493584275786,True,True,True,correct
sub-013,26,correct,1,506.1318148207995,-4.011491273881217,True,True,True,correct
sub-013,27,correct,1,477.9711890125046,0.7838515453825472,True,True,True,correct
sub-013,28,correct,1,422.22892214104087,-0.7175591099401287,True,True,True,correct
sub-013,29,correct,1,576.1101069588229,-3.7378293221796897,True,True,True,correct
sub-013,30,correct,1,353.9837208510059,0.6125650012869635,True,True,True,correct
sub-013,31,correct,1,318.3174683156369,-1.0184474153204677,True,True,True,correct
sub-013,32,correct,1,442.1608888645014,-3.1983322099942075,True,True,True,correct
sub-013,33,correct,1,459.5823294266745,1.046286766883938,True,True,True,correct
sub-013,34,correct,1,496.2082524945236,-1.687141499648551,True,True,True,correct
sub-013,35,correct,1,513.3358861721358,-0.5183064337092171,True,True,True,correct
sub-013,36,correct,1,481.02838306708014,-2.769392692577843,True,True,True,correct
sub-013,37,correct,1,476.73228786289286,-2.623243593136357,True,True,True,correct
sub-013,38,error,0,334.4958959967863,-5.013973538749037,False,True,True,error
sub-013,39,correct,1,519.2529955725335,1.657984536745172,True,True,True,correct
sub-013,40,correct,1,421.3599915174671,0.0208079881028736,True,True,True,correct
sub-013,41,correct,1,545.2597856321378,0.2337070337414806,True,True,True,correct
sub-013,42,correct,1,515.7927462840415,0.2373837068034026,True,True,True,correct
sub-013,43,correct,1,405.243995148505,0.3223814115719126,True,True,True,correct
sub-013,44,correct,1,410.5268455391319,-4.153816807264846,True,True,True,correct
sub-013,45,error,0,463.6097424485053,-4.811071551251065,False,True,True,error
sub-013,46,correct,1,525.0754183408243,3.502578358416512,True,True,True,correct
sub-013,47,correct,1,466.6477646072287,-0.0012847022187615,True,True,True,correct
sub-013,48,correct,1,336.32056852882897,-2.3008350953586616,True,True,True,correct
sub-013,49,error,0,426.3103937325952,-2.904280146878764,False,True,True,error
sub-013,50,correct,1,302.4606247601379,-0.518419381744349,True,True,True,correct
sub-013,51,correct,1,423.6907418251667,0.5378317867505087,True,True,True,correct
sub-013,52,correct,1,581.7443845682825,1.9657162079272623,True,True,True,correct
sub-013,53,correct,1,405.8243574548777,-1.4949112970563014,True,True,True,correct
sub-013,54,correct,1,558.7397089965449,0.5690366239607405,True,True,True,correct
sub-013,55,correct,1,582.4700011306072,-0.2879815776182409,True,True,True,correct
sub-013,56,correct,1,491.10427846949887,-0.2941519639619249,True,True,True,correct
sub-013,57,correct,1,367.5002407975445,-2.860507022810067,True,True,True,correct
sub-013,58,correct,1,449.6476821295376,0.947382876092199,True,True,True,correct
sub-013,59,correct,1,439.73118297841296,-2.206718947717449,True,True,True,correct
sub-013,60,error,0,491.5790425531122,-5.024745704251825,False,True,True,error
sub-013,61,correct,1,378.80535554257705,-0.6430250996533182,True,True,True,correct
sub-013,62,correct,1,444.84827958447806,-2.1268372612241464,True,True,True,correct
sub-013,63,correct,1,521.5117158099018,0.0038743183878915,True,True,True,correct
sub-013,64,error,0,457.7531288846681,-0.6717751499317495,False,True,True,error
sub-013,65,correct,1,474.4118829118066,-2.0260322647981788,True,True,True,correct
sub-013,66,correct,1,509.60532544758416,-0.6848612280511539,True,True,True,correct
sub-013,67,correct,1,536.7139377663724,-3.2696672003320657,True,True,True,correct
sub-013,68,correct,1,518.5415785832572,1.158423836914216,True,True,True,correct
sub-013,69,correct,1,496.01572498301965,-0.3566277301713923,True,True,True,correct
sub-013,70,correct,1,649.6193541239638,1.1855396429638747,True,True,True,correct
sub-013,71,error,0,498.0351387888934,-3.567431241437501,False,True,True,error
sub-013,72,correct,1,488.3772422813048,-2.966427853168292,True,True,True,correct
sub-013,73,correct,1,578.2047208462452,0.2358710413449096,True,True,True,correct
sub-013,74,error,0,415.0912115164128,-4.37275185187079,False,True,True,error
sub-013,75,error,0,339.36402818350825,-7.902971957239409,False,True,True,error
sub-013,76,correct,1,645.855888540213,-0.6388821089786029,True,True,True,correct
sub-013,77,correct,1,434.6824235878743,1.2008121766029036,True,True,True,correct
sub-013,78,error,0,472.9948306789725,-3.1068647778131844,False,True,True,error
sub-013,79,correct,1,524.1543971611441,-1.981420849948748,True,True,True,correct
sub-013,80,correct,1,479.5731072012389,-4.506303727775414,True,True,True,correct
sub-013,81,correct,1,500.8056615662746,-3.633435182153384,True,True,True,correct
sub-013,82,correct,1,403.25321614086965,-1.2360086151862018,True,True,True,correct
sub-013,83,correct,1,560.844033599726,-2.507575671267326,True,True,True,correct
sub-013,84,correct,1,393.1913904189204,-0.6759751783898832,True,True,True,correct
sub-013,85,correct,1,505.7471135300119,-2.515503764043328,True,True,True,correct
sub-013,86,correct,1,577.1722319756548,1.618970314116856,True,True,True,correct
sub-013,87,correct,1,371.70382441382606,-1.7289464867240087,True,True,True,correct
sub-013,88,correct,1,413.1464157449189,4.515732844100925,True,True,True,correct
sub-013,89,correct,1,338.456563037077,-1.429622803630873,True,True,True,correct
sub-013,90,correct,1,359.22928759181855,1.4099876796555908,True,True,True,correct
sub-013,91,correct,1,389.9576089491251,-4.454122830865394,True,True,True,correct
sub-013,92,correct,1,472.2446077514976,-0.81332858054441,True,True,True,correct
sub-013,93,error,0,518.3038247044584,-4.779571842214427,False,True,True,error
sub-013,94,correct,1,567.9151192077306,-3.413020996711377,True,True,True,correct
sub-013,95,error,0,405.97906376424777,-4.211529372359469,False,True,True,error
sub-013,96,error,0,279.7340411592755,-5.002274546130456,False,True,True,error
sub-013,97,correct,1,472.24727519233977,-2.2832598976631,True,True,True,correct
sub-013,98,correct,1,498.89935368156046,-1.4531406487610128,True,True,True,correct
sub-013,99,correct,1,500.0835782270891,-0.0126592142599941,True,True,True,correct
sub-013,100,correct,1,427.0807255480722,4.589175624498052,True,True,True,correct
sub-013,101,correct,1,507.441959932956,-0.7493559881613653,True,True,True,correct
sub-013,102,error,0,364.3681703187769,-4.238701991570368,False,True,True,error
sub-013,103,correct,1,494.5225042509936,-2.2110862227882127,True,True,True,correct
sub-013,104,correct,1,574.3918353475686,2.766204427059073,True,True,True,correct
sub-013,105,correct,1,506.73454295633593,-1.8302203780227275,True,True,True,correct
sub-013,106,error,0,413.0756601103601,-5.363067713561305,False,True,True,error
sub-013,107,correct,1,523.4365634098273,-2.888292880196251,True,True,True,correct
sub-013,108,correct,1,564.7607240840745,-0.9432631813781376,True,True,True,correct
sub-013,109,correct,1,393.5840923081338,1.548903469874119,True,True,True,correct
sub-013,110,correct,1,377.9323179435888,-0.1018099415716803,True,True,True,correct
sub-013,111,correct,1,360.3785484509036,-0.6105478461154545,True,True,True,correct
sub-013,112,correct,1,517.3922251870213,0.3979750675715576,True,True,True,correct
sub-013,113,correct,1,308.2693867358216,-2.314588891606965,True,True,True,correct
sub-013,114,correct,1,538.8870194046459,-4.399631630610616,True,True,True,correct
sub-013,115,error,0,370.14488322637993,-2.4782109467575406,False,True,True,error
sub-013,116,error,0,530.5404340316093,-4.643982322528607,False,True,True,error
sub-013,117,correct,1,470.7521848425994,-2.03193780350533,True,True,True,correct
sub-013,118,correct,1,453.1452253799664,-0.3692146115257039,True,True,True,correct
sub-013,119,correct,1,591.1088646129397,0.4132591673959327,True,True,True,correct
sub-013,120,correct,1,317.4155121238342,-3.36022828823795,True,True,True,correct
sub-013,121,correct,1,520.8070559707138,0.4403081228984735,True,True,True,correct
sub-013,122,correct,1,243.89139401394868,-0.8427446538149506,True,True,True,correct
sub-013,123,correct,1,532.9515657855904,-2.279131040307166,True,True,True,correct
sub-013,124,correct,1,437.1663044280038,-1.9484433061004465,True,True,True,correct
sub-013,125,correct,1,532.8195374068051,0.974337809585025,True,True,True,correct
sub-013,126,correct,1,522.0801837955195,2.0294842143406884,True,True,True,correct
sub-013,127,correct,1,354.2255131588403,-2.4913332855335595,True,True,True,correct
sub-013,128,correct,1,543.9918346810622,-0.945235298759582,True,True,True,correct
sub-013,129,correct,1,569.8422682865856,-1.7243239504459709,True,True,True,correct
sub-013,130,correct,1,333.3324158461061,1.4670652939531348,True,True,True,correct
sub-013,131,error,0,477.3366488807948,-5.217052390381818,False,True,True,error
sub-013,132,correct,1,446.3470791419222,1.053855808351155,True,True,True,correct
sub-013,133,correct,1,466.5243018272452,0.6013082077403817,True,True,True,correct
sub-013,134,error,0,323.73861688342856,-7.6758657371727,False,True,True,error
sub-013,135,correct,1,547.2713193121685,-3.070740342268845,True,True,True,correct
sub-013,136,error,0,537.5688931304114,-7.318764084395967,False,True,True,error
sub-013,137,correct,1,532.4394159927774,0.980463391057951,True,True,True,correct
sub-013,138,correct,1,391.9006109341458,-3.862130468821756,True,True,True,correct
sub-013,139,error,0,315.20432260894506,-1.129433146810865,False,True,True,error
sub-013,140,correct,1,518.1387672880059,-1.7206008398805654,True,True,True,correct
sub-013,141,error,0,375.8386178549816,-5.975388483252733,False,True,True,error
sub-013,142,correct,1,535.7812726459463,0.9000937780531997,True,True,True,correct
sub-013,143,correct,1,360.7901413573517,2.616664042670849,True,True,True,correct
sub-013,144,correct,1,512.0966847627035,-2.838082381752216,True,True,True,correct
sub-013,145,correct,1,532.4020816500993,0.4301724992131639,True,True,True,correct
sub-013,146,correct,1,556.5179997164207,0.2089239441310828,True,True,True,correct
sub-013,147,error,0,330.80781961436594,-6.006479964525727,False,True,True,error
sub-013,148,error,0,375.71353977946205,-4.811370296590459,False,True,True,error
sub-013,149,correct,1,537.7447975264755,-3.1276767749697267,True,True,True,correct
sub-013,150,error,0,343.44290007449524,-3.300001899088289,False,True,True,error
sub-013,151,correct,1,414.8251813204339,-1.7902791361237114,True,True,True,correct
sub-013,152,error,0,303.45380110717315,-1.516336988644552,False,True,True,error
sub-013,153,correct,1,364.4270019287264,0.1429756062753534,True,True,True,correct
sub-013,154,correct,1,350.3680042161764,-0.4544927161063642,True,True,True,correct
sub-013,155,error,0,452.15791166954045,-5.049026745575025,False,True,True,error
sub-013,156,correct,1,380.4595611687169,-0.6508770299104039,True,True,True,correct
sub-013,157,correct,1,466.8269988750558,1.352025978300812,True,True,True,correct
sub-013,158,correct,1,444.2517068946751,-1.2325442819499637,True,True,True,correct
sub-013,159,correct,1,562.4747451409078,-0.5309918242924432,True,True,True,correct
sub-013,160,correct,1,443.0330548861367,-0.4717708658429517,True,True,True,correct
sub-014,1,correct,1,519.6009754275849,-3.743851748354553,True,True,True,correct
sub-014,2,correct,1,398.4748929212538,-0.3222783808979296,True,True,True,correct
sub-014,3,correct,1,432.8185632119037,-1.6221044298808802,True,True,True,correct
sub-014,4,error,0,341.29598926462654,-0.7666842763844574,False,True,True,error
sub-014,5,error,0,393.0756399697814,-1.07925838634286,False,True,True,error
sub-014,6,correct,1,570.1255693767287,-0.4890858573106929,True,True,True,correct
sub-014,7,correct,1,457.6672125993127,-2.3090890152954624,True,True,True,correct
sub-014,8,correct,1,415.9987347783383,-1.6470335321275291,True,True,True,correct
sub-014,9,correct,1,444.7768969190939,0.7879679231638232,True,True,True,correct
sub-014,10,error,0,459.94497889004367,-2.958064122122316,False,True,True,error
sub-014,11,correct,1,549.2624945638438,1.2779987518190523,True,True,True,correct
sub-014,12,correct,1,524.9486039721983,-0.6927996017520981,True,True,True,correct
sub-014,13,correct,1,289.82980811206363,-4.333835907048177,True,True,True,correct
sub-014,14,correct,1,389.2424923233127,-0.5728140656720673,True,True,True,correct
sub-014,15,correct,1,513.9511177082684,4.360656906747729,True,True,True,correct
sub-014,16,error,0,497.53201449106257,-1.1603870992212952,False,True,True,error
sub-014,17,correct,1,403.9224558238636,1.120761440066073,True,True,True,correct
sub-014,18,correct,1,540.5409711129757,-0.2845439890900043,True,True,True,correct
sub-014,19,error,0,250.03603554080215,-1.582056925441362,False,True,True,error
sub-014,20,correct,1,542.2174592055588,-2.1150309362293065,True,True,True,correct
sub-014,21,correct,1,472.8763547190632,-0.1089458645445574,True,True,True,correct
sub-014,22,correct,1,590.1148859884922,0.0882428603223068,True,True,True,correct
sub-014,23,correct,1,560.3289961543244,-1.87623962380074,True,True,True,correct
sub-014,24,correct,1,413.2439296379816,2.031529398124188,True,True,True,correct
sub-014,25,correct,1,484.0045478302548,-0.954336784166891,True,True,True,correct
sub-014,26,correct,1,376.5508886178081,1.2622239432092195,True,True,True,correct
sub-014,27,correct,1,370.17389135543175,1.1871471279496983,True,True,True,correct
sub-014,28,correct,1,461.182041791231,-0.3728603578573412,True,True,True,correct
sub-014,29,correct,1,490.63775543511457,1.1170078605553708,True,True,True,correct
sub-014,30,correct,1,575.7458705320314,-0.8214104132219868,True,True,True,correct
sub-014,31,correct,1,470.23533138130375,-0.4196257375509737,True,True,True,correct
sub-014,32,correct,1,344.08772891530543,2.770520810906527,True,True,True,correct
sub-014,33,correct,1,538.6480699728529,-1.4234875091217367,True,True,True,correct
sub-014,34,correct,1,441.4572706660703,-2.727993812960102,True,True,True,correct
sub-014,35,correct,1,473.5612519219286,-2.338275846511451,True,True,True,correct
sub-014,36,error,0,396.4458726922269,-2.6369898309453825,False,True,True,error
sub-014,37,correct,1,449.9187289764989,0.3279405792632634,True,True,True,correct
sub-014,38,correct,1,472.0140985398213,-0.6542398898288247,True,True,True,correct
sub-014,39,correct,1,479.1859496750717,-2.5556812185802,True,True,True,correct
sub-014,40,correct,1,504.5188449399067,-2.6169305483362284,True,True,True,correct
sub-014,41,correct,1,536.0031930538311,-1.2929262012710312,True,True,True,correct
sub-014,42,correct,1,478.0857835654223,-1.3341259754547812,True,True,True,correct
sub-014,43,correct,1,523.6114621921431,4.246061601954192,True,True,True,correct
sub-014,44,correct,1,463.3165609876132,-1.090214448724909,True,True,True,correct
sub-014,45,error,0,440.9104423996941,0.3428712367308317,False,True,True,error
sub-014,46,correct,1,481.490723995074,0.7999167733536796,True,True,True,correct
sub-014,47,correct,1,439.7990929209932,-2.6154153352644616,True,True,True,correct
sub-014,48,correct,1,310.5003610483059,5.630313934953503,True,True,True,correct
sub-014,49,correct,1,498.2179733390464,-3.0100170193515785,True,True,True,correct
sub-014,50,error,0,404.1250837038138,-1.4148466993919202,False,True,True,error
sub-014,51,correct,1,680.0684897399938,-0.9592825705412656,True,True,True,correct
sub-014,52,correct,1,516.5730066639657,0.6055654128236629,True,True,True,correct
sub-014,53,correct,1,426.7883730396295,-0.6107508045873816,True,True,True,correct
sub-014,54,correct,1,662.3157100703975,0.2830969135960593,True,True,True,correct
sub-014,55,correct,1,523.0012064780174,1.1648813042452175,True,True,True,correct
sub-014,56,correct,1,629.3584708222521,-3.044314149446481,True,True,True,correct
sub-014,57,correct,1,463.31517741347386,-0.085363197543593,True,True,True,correct
sub-014,58,correct,1,479.31700710320393,0.8632384656751559,True,True,True,correct
sub-014,59,correct,1,479.12332426547147,2.0568358734487453,True,True,True,correct
sub-014,60,correct,1,503.2201471653264,1.267757182481271,True,True,True,correct
sub-014,61,error,0,334.26322288341646,-2.268655083024492,False,True,True,error
sub-014,62,error,0,469.4448911700964,-1.470705463909119,False,True,True,error
sub-014,63,correct,1,326.1312245054552,-0.6746412795968943,True,True,True,correct
sub-014,64,correct,1,588.2455133496284,3.873866984809722,True,True,True,correct
sub-014,65,correct,1,326.315400141228,-0.97180153297246,True,True,True,correct
sub-014,66,correct,1,432.19903030617417,-3.167396906147189,True,True,True,correct
sub-014,67,error,0,336.9389675014349,-3.02168972035548,False,True,True,error
sub-014,68,correct,1,486.84372553205895,2.7070612221127948,True,True,True,correct
sub-014,69,correct,1,507.0401135540737,0.7067824997035104,True,True,True,correct
sub-014,70,correct,1,349.05527034134377,1.7440281896167953,True,True,True,correct
sub-014,71,correct,1,742.6441827423498,0.3519550833406447,True,True,True,correct
sub-014,72,error,0,317.1159933936766,0.2081070493889754,False,True,True,error
sub-014,73,correct,1,480.59688115474313,-1.0691191316553146,True,True,True,correct
sub-014,74,correct,1,353.44775562512115,0.9059813855667233,True,True,True,correct
sub-014,75,correct,1,513.7290978343078,-3.5960602055632847,True,True,True,correct
sub-014,76,correct,1,555.4408786670979,0.2865496043714454,True,True,True,correct
sub-014,77,correct,1,582.2424840246963,2.1764110428340606,True,True,True,correct
sub-014,78,error,0,590.8377876748826,-2.333039822693865,False,True,True,error
sub-014,79,correct,1,468.8572503792233,1.3933070630227635,True,True,True,correct
sub-014,80,error,0,486.92513701195287,1.8677770144495984,False,True,True,error
sub-014,81,correct,1,445.63609483901007,-0.2911767934952483,True,True,True,correct
sub-014,82,error,0,500.9501608148605,-3.3204236640097653,False,True,True,error
sub-014,83,correct,1,479.123147200098,2.587500050330457,True,True,True,correct
sub-014,84,correct,1,640.7902850759679,-2.089093686295749,True,True,True,correct
sub-014,85,correct,1,623.4218672311333,0.3003342644825063,True,True,True,correct
sub-014,86,correct,1,421.26134612606575,1.136902304492358,True,True,True,correct
sub-014,87,correct,1,498.1196749279688,-0.9193329179671412,True,True,True,correct
sub-014,88,correct,1,607.3375245488307,2.408370353781112,True,True,True,correct
sub-014,89,correct,1,519.1946483501976,-0.9754258717712248,True,True,True,correct
sub-014,90,correct,1,497.8760769736264,1.1839448215368478,True,True,True,correct
sub-014,91,error,0,435.8966913854449,1.1467893810670198,False,True,True,error
sub-014,92,correct,1,319.0225289661081,-2.2333106337433275,True,True,True,correct
sub-014,93,correct,1,315.2574575094628,-0.1294230710598886,True,True,True,correct
sub-014,94,correct,1,569.2826017918746,3.2473663349983184,True,True,True,correct
sub-014,95,correct,1,318.8496659814979,-0.4032340848413238,True,True,True,correct
sub-014,96,correct,1,417.09387111144827,-0.8406185543292275,True,True,True,correct
sub-014,97,correct,1,338.29797589473355,1.3533232347292767,True,True,True,correct
sub-014,98,correct,1,431.7317074535048,-2.858724032468994,True,True,True,correct
sub-014,99,error,0,595.2137167524638,0.3145728607817319,False,True,True,error
sub-014,100,correct,1,331.6361108904362,-1.148001001769151,True,True,True,correct
sub-014,101,correct,1,356.5042071152686,0.6335978925542911,True,True,True,correct
sub-014,102,correct,1,537.3398989597845,1.3531465895171535,True,True,True,correct
sub-014,103,correct,1,456.4233153151895,0.214355988192276,True,True,True,correct
sub-014,104,correct,1,440.1079891615492,-0.0279616415663233,True,True,True,correct
sub-014,105,error,0,357.3231051945585,-0.6533562102443567,False,True,True,error
sub-014,106,correct,1,475.5038414681433,-1.5318178795616868,True,True,True,correct
sub-014,107,error,0,377.4855055613744,-0.567297385866827,False,True,True,error
sub-014,108,correct,1,581.9769941327389,-1.337249661288901,True,True,True,correct
sub-014,109,correct,1,557.2764739782217,0.477448215232175,True,True,True,correct
sub-014,110,correct,1,498.53089493901103,0.3477910277471243,True,True,True,correct
sub-014,111,correct,1,460.8463574972107,-3.270498174359105,True,True,True,correct
sub-014,112,error,0,475.508775666144,-1.190414718772968,False,True,True,error
sub-014,113,correct,1,526.3195783962653,-1.2423728117250206,True,True,True,correct
sub-014,114,error,0,329.6730804356349,-1.4439248264029456,False,True,True,error
sub-014,115,correct,1,418.89636130555147,-0.1680116485065956,True,True,True,correct
sub-014,116,error,0,453.8704767492341,-5.03887349408246,False,True,True,error
sub-014,117,correct,1,442.1119899058725,-1.2637493015609336,True,True,True,correct
sub-014,118,correct,1,520.5460453539503,-4.370342449789874,True,True,True,correct
sub-014,119,correct,1,457.3816694846452,-1.4574973103944782,True,True,True,correct
sub-014,120,correct,1,532.8325913460075,-0.2650490384988274,True,True,True,correct
sub-014,121,correct,1,439.4772315508408,-1.180983758031471,True,True,True,correct
sub-014,122,error,0,384.5801726098925,-3.2747707229850977,False,True,True,error
sub-014,123,correct,1,608.6464684201474,3.6117562795604616,True,True,True,correct
sub-014,124,correct,1,512.412825261979,3.147585521723625,True,True,True,correct
sub-014,125,correct,1,512.9395175633149,-0.4176543800756994,True,True,True,correct
sub-014,126,correct,1,498.1610104651495,0.3015394985164989,True,True,True,correct
sub-014,127,correct,1,365.76845450713023,-0.822748836209698,True,True,True,correct
sub-014,128,error,0,480.1350492486384,-3.1570171842647525,False,True,True,error
sub-014,129,correct,1,384.20482235545535,-1.30469229508035,True,True,True,correct
sub-014,130,correct,1,524.0695143116703,0.6841795714463659,True,True,True,correct
sub-014,131,correct,1,369.2940867685769,0.4541146209667658,True,True,True,correct
sub-014,132,correct,1,466.53895809169126,1.2030360210770894,True,True,True,correct
sub-014,133,error,0,403.0182343005769,0.2631578456479106,False,True,True,error
sub-014,134,error,0,462.1887759169296,-4.241351105800507,False,True,True,error
sub-014,135,error,0,432.9002351053622,-0.7527875621983061,False,True,True,error
sub-014,136,correct,1,621.1973859476597,1.8667244936767864,True,True,True,correct
sub-014,137,correct,1,430.7999831801317,-0.0703008333048613,True,True,True,correct
sub-014,138,correct,1,496.23416327560176,-2.7350713849244825,True,True,True,correct
sub-014,139,correct,1,500.0312571799259,-0.941721030284684,True,True,True,correct
sub-014,140,error,0,406.7416020228719,-2.061399382127584,False,True,True,error
sub-014,141,correct,1,422.9492156659649,-0.2655385662718119,True,True,True,correct
sub-014,142,error,0,357.8597147082754,-2.0005091212734145,False,True,True,error
sub-014,143,correct,1,436.1085084508306,-1.9643585778125123,True,True,True,correct
sub-014,144,correct,1,440.0233706387162,-0.9797813632895258,True,True,True,correct
sub-014,145,correct,1,463.1202999530316,-0.7692218925912231,True,True,True,correct
sub-014,146,correct,1,582.7526710797007,0.9447316421290796,True,True,True,correct
sub-014,147,correct,1,398.0294920343648,2.3227518565941483,True,True,True,correct
sub-014,148,correct,1,419.0259918295087,-2.2535332204512555,True,True,True,correct
sub-014,149,correct,1,400.8876220147193,-2.0805399554128794,True,True,True,correct
sub-014,150,correct,1,332.2843628980657,0.0943643013850178,True,True,True,correct
sub-014,151,correct,1,518.0510248117141,-1.2990367954655693,True,True,True,correct
sub-014,152,correct,1,439.4410417304872,-1.6497241036386932,True,True,True,correct
sub-014,153,correct,1,438.03691923222937,0.1127596907219515,True,True,True,correct
sub-014,154,correct,1,606.4400421029927,-1.869012104544837,True,True,True,correct
sub-014,155,correct,1,311.0960526229271,-0.7477593247209016,True,True,True,correct
sub-014,156,correct,1,515.5193973765184,-0.5267353025912878,True,True,True,correct
sub-014,157,error,0,379.853700423114,-0.1179357156291343,False,True,True,error
sub-014,158,correct,1,449.6125067389272,3.019942423146427,True,True,True,correct
sub-014,159,correct,1,608.6051483463609,-2.078016485043914,True,True,True,correct
sub-014,160,error,0,413.09800882386907,-2.8252150702986016,False,True,True,error
sub-015,1,correct,1,486.7059025327718,-1.732629319567303,True,True,True,correct
sub-015,2,correct,1,418.4013482153461,-0.0090363858216127,True,True,True,correct
sub-015,3,correct,1,467.4398156543618,-1.7972009348021407,True,True,True,correct
sub-015,4,correct,1,489.39545261691865,-1.3711932383769891,True,True,True,correct
sub-015,5,error,0,400.8725636449123,-8.293957101362707,False,True,True,error
sub-015,6,correct,1,556.1247279794705,-0.8095507935655695,True,True,True,correct
sub-015,7,error,0,461.2476976404967,0.1720207589037925,False,True,True,error
sub-015,8,correct,1,537.1958026381795,0.3407641153749148,True,True,True,correct
sub-015,9,correct,1,412.3305845340341,-3.060300699418881,True,True,True,correct
sub-015,10,correct,1,404.2295226672791,-0.5522614785317198,True,True,True,correct
sub-015,11,correct,1,420.4435309701124,1.5795022674266814,True,True,True,correct
sub-015,12,correct,1,442.2765523601513,0.3278222149747772,True,True,True,correct
sub-015,13,correct,1,424.0083312370009,-1.62429520248832,True,True,True,correct
sub-015,14,error,0,398.3887199486279,-6.99647595715285,False,True,True,error
sub-015,15,correct,1,428.9686366746352,-3.046271470018511,True,True,True,correct
sub-015,16,correct,1,484.77566143009113,-0.5370026164169317,True,True,True,correct
sub-015,17,correct,1,344.5275411389585,-0.4811690037057407,True,True,True,correct
sub-015,18,correct,1,488.2812185211268,0.9047025591807452,True,True,True,correct
sub-015,19,correct,1,561.0290422701653,0.4424800035153612,True,True,True,correct
sub-015,20,correct,1,446.98532063482713,-1.2622304285952226,True,True,True,correct
sub-015,21,correct,1,542.9270132768056,1.441852014375201,True,True,True,correct
sub-015,22,correct,1,432.42763827970833,-0.7919115115836796,True,True,True,correct
sub-015,23,correct,1,501.62091069164256,-2.0861696398922533,True,True,True,correct
sub-015,24,correct,1,286.23059066846633,-2.15921675356889,True,True,True,correct
sub-015,25,correct,1,522.1407094524026,-1.3148204064868887,True,True,True,correct
sub-015,26,correct,1,423.3630045375043,-0.3329343159007014,True,True,True,correct
sub-015,27,error,0,347.5229528801875,-1.960422491671313,False,True,True,error
sub-015,28,error,0,320.2760799900917,-1.0720211448038364,False,True,True,error
sub-015,29,correct,1,493.1809551623122,2.743437483258508,True,True,True,correct
sub-015,30,correct,1,458.4549009173863,-1.718391437305574,True,True,True,correct
sub-015,31,correct,1,505.839014223453,0.7618500139250469,True,True,True,correct
sub-015,32,correct,1,385.23121465674586,-5.293864107485433,True,True,True,correct
sub-015,33,correct,1,413.3402074975714,1.0143322789092282,True,True,True,correct
sub-015,34,error,0,453.38310323995216,-2.120845097939569,False,True,True,error
sub-015,35,correct,1,423.8745562391921,-0.6116155963232114,True,True,True,correct
sub-015,36,correct,1,519.3135037529653,1.8526309927520648,True,True,True,correct
sub-015,37,correct,1,447.49715269163136,-0.2188303824320175,True,True,True,correct
sub-015,38,correct,1,417.5143826052114,-1.111746185427427,True,True,True,correct
sub-015,39,correct,1,557.632935054743,0.548314224908555,True,True,True,correct
sub-015,40,correct,1,467.7507971114859,-3.283395839860449,True,True,True,correct
sub-015,41,correct,1,452.2268349484088,3.315039879138552,True,True,True,correct
sub-015,42,correct,1,449.54181438178495,-0.4143426385468761,True,True,True,correct
sub-015,43,correct,1,543.8522607884483,-3.109187014777272,True,True,True,correct
sub-015,44,correct,1,360.0164307108197,4.487614484262877,True,True,True,correct
sub-015,45,correct,1,463.494834374111,-1.522733558478604,True,True,True,correct
sub-015,46,correct,1,374.46401326789135,0.4564661397804784,True,True,True,correct
sub-015,47,correct,1,340.13912408846875,-4.471260858568443,True,True,True,correct
sub-015,48,correct,1,386.5168957078436,-0.8571335614232309,True,True,True,correct
sub-015,49,correct,1,579.9032661364528,-2.971935864314845,True,True,True,correct
sub-015,50,error,0,394.991461547752,0.797052702149565,False,True,True,error
sub-015,51,correct,1,406.3503647729149,0.7429797306084119,True,True,True,correct
sub-015,52,correct,1,434.62431276293466,-5.268581189905973,True,True,True,correct
sub-015,53,correct,1,447.4286442621401,-2.770848276857871,True,True,True,correct
sub-015,54,correct,1,413.4027251693744,0.7454910811045742,True,True,True,correct
sub-015,55,error,0,371.0501427475703,-3.5277409579687644,False,True,True,error
sub-015,56,correct,1,365.7858975171329,-2.6510824745706256,True,True,True,correct
sub-015,57,correct,1,520.2837695866363,-1.2235484032934267,True,True,True,correct
sub-015,58,error,0,427.0848924885647,-1.202593736877642,False,True,True,error
sub-015,59,correct,1,360.9168823957597,0.4274383467791006,True,True,True,correct
sub-015,60,correct,1,520.098833363027,1.2588649241599317,True,True,True,correct
sub-015,61,error,0,485.2579791152542,-3.569547283766407,False,True,True,error
sub-015,62,correct,1,405.2181533866736,0.0373414762005254,True,True,True,correct
sub-015,63,correct,1,383.1117232991464,0.3286529007925614,True,True,True,correct
sub-015,64,correct,1,463.2706909766613,0.5801409112089323,True,True,True,correct
sub-015,65,correct,1,395.00444634194537,-3.991919968049836,True,True,True,correct
sub-015,66,correct,1,626.716428125937,0.797490808509857,True,True,True,correct
sub-015,67,correct,1,556.8781233504229,1.9944305985873512,True,True,True,correct
sub-015,68,correct,1,597.3543927928613,0.9764932623009936,True,True,True,correct
sub-015,69,correct,1,289.3788690350656,-1.6314497661590703,True,True,True,correct
sub-015,70,correct,1,565.2922995230679,2.971684564707906,True,True,True,correct
sub-015,71,correct,1,283.10929725730614,-4.425827239546647,True,True,True,correct
sub-015,72,error,0,410.3211507893469,-3.725427017408873,False,True,True,error
sub-015,73,correct,1,289.47346002737413,-3.013957043198642,True,True,True,correct
sub-015,74,error,0,500.3317601718264,-2.342870019959009,False,True,True,error
sub-015,75,correct,1,408.4122524924108,-1.8329134231961088,True,True,True,correct
sub-015,76,correct,1,345.9539289813501,-0.4171066592139305,True,True,True,correct
sub-015,77,correct,1,503.0782366114335,-2.593574162820593,True,True,True,correct
sub-015,78,correct,1,550.4182657738316,-0.5054111900690916,True,True,True,correct
sub-015,79,correct,1,436.849097348724,-2.3548295368334946,True,True,True,correct
sub-015,80,error,0,380.70339726412885,-3.0869753594896854,False,True,True,error
sub-015,81,correct,1,458.2279700754975,-1.5222314117904738,True,True,True,correct
sub-015,82,correct,1,445.767341455638,1.1986665690872478,True,True,True,correct
sub-015,83,correct,1,475.7661533684506,-1.1758369567206128,True,True,True,correct
sub-015,84,correct,1,528.1818448442594,-1.1775929834726764,True,True,True,correct
sub-015,85,correct,1,434.9245474782357,-2.37291108928132,True,True,True,correct
sub-015,86,error,0,428.4430514181937,-1.5891026926728231,False,True,True,error
sub-015,87,error,0,510.3218277780304,-1.8426212488770608,False,True,True,error
sub-015,88,correct,1,443.980626063885,1.1188294262375271,True,True,True,correct
sub-015,89,correct,1,355.05095827947724,-1.9104108617813225,True,True,True,correct
sub-015,90,error,0,368.22672452493,-3.2565375447903584,False,True,True,error
sub-015,91,error,0,452.2777147593485,-2.574197300273296,False,True,True,error
sub-015,92,correct,1,502.2098064448189,-0.5147237400033208,True,True,True,correct
sub-015,93,correct,1,367.5513302629022,2.186965219361993,True,True,True,correct
sub-015,94,correct,1,493.7686429063973,-2.2756092390295515,True,True,True,correct
sub-015,95,correct,1,397.3521802076248,-1.785334484029685,True,True,True,correct
sub-015,96,correct,1,568.6367723964269,-2.9988950184025733,True,True,True,correct
sub-015,97,correct,1,477.8087119232856,-0.3794381782080128,True,True,True,correct
sub-015,98,correct,1,364.54127679083007,-2.767502194061553,True,True,True,correct
sub-015,99,correct,1,525.5396983834438,-1.4410520997631604,True,True,True,correct
sub-015,100,correct,1,443.4340728346493,0.6896314454322384,True,True,True,correct
sub-015,101,correct,1,504.017712987664,-0.6938180737104602,True,True,True,correct
sub-015,102,correct,1,450.3948839923704,-1.6043494158644371,True,True,True,correct
sub-015,103,correct,1,648.9945866961864,1.1163408408861186,True,True,True,correct
sub-015,104,error,0,568.4850118002933,-1.760422034604938,False,True,True,error
sub-015,105,correct,1,445.173480135748,-0.0923816923175124,True,True,True,correct
sub-015,106,correct,1,472.70790654989287,-1.9815468656658235,True,True,True,correct
sub-015,107,error,0,490.9622143376816,-2.637311584162369,False,True,True,error
sub-015,108,correct,1,456.94671715929513,0.2086017255333742,True,True,True,correct
sub-015,109,correct,1,505.8446231218409,2.373804525402579,True,True,True,correct
sub-015,110,correct,1,450.0194694531357,-1.3217342601363349,True,True,True,correct
sub-015,111,error,0,340.8663102062087,-3.823443316509829,False,True,True,error
sub-015,112,correct,1,613.767957792769,-0.7983177635602481,True,True,True,correct
sub-015,113,correct,1,508.48122063193466,1.9605213951974103,True,True,True,correct
sub-015,114,error,0,404.1612792794892,0.2446598275485327,False,True,True,error
sub-015,115,correct,1,573.4621191701791,-0.9019798849566508,True,True,True,correct
sub-015,116,correct,1,417.9821660504374,1.716590647999734,True,True,True,correct
sub-015,117,correct,1,358.7030242635104,3.14697043906254,True,True,True,correct
sub-015,118,correct,1,423.1832655029268,-2.6112465018798003,True,True,True,correct
sub-015,119,correct,1,452.6349123372436,-3.827810520896061,True,True,True,correct
sub-015,120,error,0,362.39790728917023,-3.8219024418538456,False,True,True,error
sub-015,121,correct,1,452.9282752524608,-2.8337628126804795,True,True,True,correct
sub-015,122,correct,1,478.68526561149577,2.507792670770622,True,True,True,correct
sub-015,123,correct,1,512.1378634989077,-1.2822460003430969,True,True,True,correct
sub-015,124,correct,1,612.8267681463128,-2.3677348297267646,True,True,True,correct
sub-015,125,correct,1,501.0012091985999,-2.3201646120177752,True,True,True,correct
sub-015,126,correct,1,424.192381003362,1.2961519924346463,True,True,True,correct
sub-015,127,error,0,352.1342105016616,-2.6994638484302222,False,True,True,error
sub-015,128,correct,1,431.8382737610633,-2.5013640314928147,True,True,True,correct
sub-015,129,correct,1,465.3885827383821,-1.2424955503893456,True,True,True,correct
sub-015,130,correct,1,625.1538271932355,1.878671399910146,True,True,True,correct
sub-015,131,correct,1,446.61507880122457,1.635107284647153,True,True,True,correct
sub-015,132,error,0,460.7986098574105,-2.2039824438341857,False,True,True,error
sub-015,133,correct,1,497.64306148164593,1.513847038161329,True,True,True,correct
sub-015,134,correct,1,497.742405821249,3.409563554314796,True,True,True,correct
sub-015,135,error,0,468.99260233150585,0.018005500019449,False,True,True,error
sub-015,136,correct,1,479.2297897629179,-0.1356967378591829,True,True,True,correct
sub-015,137,error,0,454.5296797992616,-4.01912060327084,False,True,True,error
sub-015,138,correct,1,430.06920646088616,3.703932260312724,True,True,True,correct
sub-015,139,correct,1,324.94198915899733,-2.6627066138366984,True,True,True,correct
sub-015,140,correct,1,244.51828210379836,-0.8412454445916762,True,True,True,correct
sub-015,141,correct,1,517.4313589142619,0.7604054479383328,True,True,True,correct
sub-015,142,correct,1,465.264170071166,-2.170183461610002,True,True,True,correct
sub-015,143,error,0,332.070870404864,0.6276166311949103,False,True,True,error
sub-015,144,error,0,319.4068606274907,-2.274361156451728,False,True,True,error
sub-015,145,correct,1,453.6974318824834,-3.1888034558338383,True,True,True,correct
sub-015,146,correct,1,540.277229845581,-1.5185046806787028,True,True,True,correct
sub-015,147,correct,1,492.2586367525032,-1.3310972005591704,True,True,True,correct
sub-015,148,correct,1,471.9264517970123,3.230321316128762,True,True,True,correct
sub-015,149,correct,1,493.2781212691323,-1.0462417503884367,True,True,True,correct
sub-015,150,correct,1,465.5943634560115,-4.167411312877637,True,True,True,correct
sub-015,151,correct,1,396.3564654364419,0.8793988048233187,True,True,True,correct
sub-015,152,correct,1,575.7818705542861,0.2772916344330434,True,True,True,correct
sub-015,153,correct,1,514.9474114969175,-3.988555968229352,True,True,True,correct
sub-015,154,correct,1,422.25825961985606,2.1013645746571834,True,True,True,correct
sub-015,155,correct,1,486.17961057910406,-1.7574267363422345,True,True,True,correct
sub-015,156,error,0,347.3542621709559,-0.7433147749780427,False,True,True,error
sub-015,157,correct,1,522.2537799819479,-1.933150206280056,True,True,True,correct
sub-015,158,correct,1,356.30845607634,-1.593123592798204,True,True,True,correct
sub-015,159,correct,1,421.9271475338481,-0.4307445852737069,True,True,True,correct
sub-015,160,correct,1,627.5630281040599,-0.1906882567410806,True,True,True,correct
sub-016,1,correct,1,470.4658970431505,0.3939015900658358,True,True,True,correct
sub-016,2,error,0,345.1117753215708,-1.8879223634523865,False,True,True,error
sub-016,3,correct,1,485.5574803008886,0.6327898083738432,True,True,True,correct
sub-016,4,correct,1,409.0831634201654,-0.0783245177275283,True,True,True,correct
sub-016,5,correct,1,399.30067503446895,0.7919637238077871,True,True,True,correct
sub-016,6,correct,1,351.53230748529813,1.8035606765296377,True,True,True,correct
sub-016,7,correct,1,647.6508690673805,-0.3068547305048227,True,True,True,correct
sub-016,8,correct,1,580.7048551090845,0.843746787582342,True,True,True,correct
sub-016,9,correct,1,458.7374496167545,-2.9617756859364093,True,True,True,correct
sub-016,10,correct,1,399.923516595568,-1.532424051061835,True,True,True,correct
sub-016,11,correct,1,494.4333268203074,0.1573049877997638,True,True,True,correct
sub-016,12,correct,1,362.432681169464,-0.7850242438365763,True,True,True,correct
sub-016,13,correct,1,526.6593309604876,3.325039559350438,True,True,True,correct
sub-016,14,correct,1,526.3830001794189,-0.057558207823459,True,True,True,correct
sub-016,15,error,0,441.7297554766755,-2.8005884803315904,False,True,True,error
sub-016,16,correct,1,475.9460424371823,0.5170626720650064,True,True,True,correct
sub-016,17,correct,1,497.6042453766861,1.602847297110591,True,True,True,correct
sub-016,18,error,0,281.26726098632435,0.3416961293281637,False,True,True,error
sub-016,19,correct,1,521.22516193909,0.524504394801315,True,True,True,correct
sub-016,20,error,0,410.2056675658976,-1.4966958835838005,False,True,True,error
sub-016,21,correct,1,624.2007590526467,0.0615500114810387,True,True,True,correct
sub-016,22,correct,1,433.5490080853909,-0.4245327083694725,True,True,True,correct
sub-016,23,correct,1,584.3480793650117,1.61712732990644,True,True,True,correct
sub-016,24,correct,1,431.51521086325386,-0.1534678622349876,True,True,True,correct
sub-016,25,correct,1,419.0588238050288,0.3060012980236161,True,True,True,correct
sub-016,26,correct,1,397.74496784794417,0.8935660821192898,True,True,True,correct
sub-016,27,error,0,518.7633333339227,-3.391593578019477,False,True,True,error
sub-016,28,correct,1,321.6171872557188,-6.837221746219606,True,True,True,correct
sub-016,29,error,0,528.3490311212271,-0.2733099450578473,False,True,True,error
sub-016,30,correct,1,502.4135025182934,4.233879498010698,True,True,True,correct
sub-016,31,correct,1,460.9678452108185,-4.416503639415719,True,True,True,correct
sub-016,32,error,0,477.88230708892553,-2.017661537055804,False,True,True,error
sub-016,33,correct,1,568.1815155067691,1.6844635242925388,True,True,True,correct
sub-016,34,correct,1,361.5392048716677,1.616285669233727,True,True,True,correct
sub-016,35,error,0,440.39087839713335,-5.809347703336489,False,True,True,error
sub-016,36,error,0,494.7898592095115,-1.2977246063900358,False,True,True,error
sub-016,37,correct,1,332.09363462201094,-0.4479681445400958,True,True,True,correct
sub-016,38,correct,1,647.3469930100665,0.7253923769853141,True,True,True,correct
sub-016,39,error,0,277.76372161857523,-1.789236795998515,False,True,True,error
sub-016,40,error,0,425.0028698676633,-2.3226828614866606,False,True,True,error
sub-016,41,correct,1,558.5627984559196,1.6920913647351483,True,True,True,correct
sub-016,42,error,0,418.2418664089527,-2.7878015827982354,False,True,True,error
sub-016,43,correct,1,415.8905947413386,-0.8304924517966285,True,True,True,correct
sub-016,44,correct,1,752.9214929431624,-2.186047746555622,True,True,True,correct
sub-016,45,correct,1,445.6580101921171,-4.785719308377954,True,True,True,correct
sub-016,46,correct,1,578.1078979268356,-0.5513107337807805,True,True,True,correct
sub-016,47,error,0,498.2321889059039,-3.455180844750589,False,True,True,error
sub-016,48,error,0,467.01852901514616,-4.706644714254901,False,True,True,error
sub-016,49,correct,1,517.7233839525641,-2.459933520871885,True,True,True,correct
sub-016,50,correct,1,488.890784857431,-1.6609897056815073,True,True,True,correct
sub-016,51,correct,1,417.8494931682021,2.5336790658044195,True,True,True,correct
sub-016,52,error,0,468.4896840761973,-0.1895439124091424,False,True,True,error
sub-016,53,correct,1,579.910850622323,-0.4604400214542024,True,True,True,correct
sub-016,54,correct,1,525.9275711510667,-3.431533053168108,True,True,True,correct
sub-016,55,correct,1,502.9797910611068,-2.3773910507900062,True,True,True,correct
sub-016,56,correct,1,455.41260046182674,-2.8467724259669978,True,True,True,correct
sub-016,57,correct,1,539.032933260308,2.217245454767724,True,True,True,correct
sub-016,58,correct,1,544.2886139520413,4.688459845025068,True,True,True,correct
sub-016,59,correct,1,477.55208734902766,0.0721923353339724,True,True,True,correct
sub-016,60,correct,1,548.505339091316,-2.455731482126374,True,True,True,correct
sub-016,61,correct,1,434.8159000661443,0.0018051023112179,True,True,True,correct
sub-016,62,correct,1,486.249523861209,0.6207864328552021,True,True,True,correct
sub-016,63,correct,1,366.2300939967227,1.752549999091039,True,True,True,correct
sub-016,64,error,0,372.6196906441333,-0.2316748594489708,False,True,True,error
sub-016,65,correct,1,343.4685842380856,2.509063245143316,True,True,True,correct
sub-016,66,correct,1,554.4608226598559,-4.10300483950146,True,True,True,correct
sub-016,67,correct,1,540.8918803630166,2.474980141975707,True,True,True,correct
sub-016,68,error,0,494.40950218003496,0.1473588560135972,False,True,True,error
sub-016,69,error,0,519.8382576716039,-0.6315864463822474,False,True,True,error
sub-016,70,correct,1,566.9205504544607,-1.953834191451537,True,True,True,correct
sub-016,71,correct,1,494.7255822059278,1.8717146290928168,True,True,True,correct
sub-016,72,error,0,331.3608757022371,-1.978785109315688,False,True,True,error
sub-016,73,correct,1,379.1538216761454,-1.6486404295414254,True,True,True,correct
sub-016,74,correct,1,440.1919688883359,1.4927964387063488,True,True,True,correct
sub-016,75,error,0,471.1607563806669,-0.7222749578820349,False,True,True,error
sub-016,76,correct,1,372.2566753365248,-2.672153700493311,True,True,True,correct
sub-016,77,correct,1,440.4924707732145,2.822593872791725,True,True,True,correct
sub-016,78,error,0,481.67757614683546,-0.9912929559788008,False,True,True,error
sub-016,79,correct,1,560.4920188896328,1.2018224390284304,True,True,True,correct
sub-016,80,correct,1,557.6713141759188,-3.163876942788407,True,True,True,correct
sub-016,81,correct,1,404.1731360213296,-2.834240317410635,True,True,True,correct
sub-016,82,correct,1,541.875714344201,0.8071458763012699,True,True,True,correct
sub-016,83,correct,1,323.8637053564557,0.8096762951202406,True,True,True,correct
sub-016,84,correct,1,533.844255825014,0.9264945892805084,True,True,True,correct
sub-016,85,correct,1,630.6316421725912,1.08738602729002,True,True,True,correct
sub-016,86,correct,1,538.1366806987135,0.4387391069511882,True,True,True,correct
sub-016,87,correct,1,478.81587350501815,1.2513176628986744,True,True,True,correct
sub-016,88,correct,1,325.12268251068315,-0.534541191693148,True,True,True,correct
sub-016,89,correct,1,552.2224327833591,0.6438833816350306,True,True,True,correct
sub-016,90,correct,1,659.7663186268799,1.9385122045270715,True,True,True,correct
sub-016,91,correct,1,558.1272816455919,-2.2135147710630387,True,True,True,correct
sub-016,92,correct,1,497.8850449668277,-0.1237116688622726,True,True,True,correct
sub-016,93,error,0,404.8942505158301,-4.088477621333708,False,True,True,error
sub-016,94,error,0,506.0179281798368,-0.9723928405354824,False,True,True,error
sub-016,95,correct,1,472.7045026871647,-3.8477092299974047,True,True,True,correct
sub-016,96,correct,1,442.80300663320577,-0.4683845041843706,True,True,True,correct
sub-016,97,error,0,299.9665072315277,-1.566853056132718,False,True,True,error
sub-016,98,correct,1,434.9209890867165,0.809234295606135,True,True,True,correct
sub-016,99,error,0,384.0220024647542,-2.511159388216271,False,True,True,error
sub-016,100,correct,1,433.3762385337524,-3.392807427761174,True,True,True,correct
sub-016,101,error,0,507.7996232226651,-3.449148766828656,False,True,True,error
sub-016,102,correct,1,471.8780443131178,0.5396135315463192,True,True,True,correct
sub-016,103,correct,1,518.3169751937278,-2.572127178371973,True,True,True,correct
sub-016,104,correct,1,410.82021310456383,1.0605652903859275,True,True,True,correct
sub-016,105,correct,1,509.96032574345264,-4.254605279475328,True,True,True,correct
sub-016,106,correct,1,375.301597145618,0.159996999659386,True,True,True,correct
sub-016,107,correct,1,348.67785381528347,1.8818251764634584,True,True,True,correct
sub-016,108,correct,1,499.0853322924275,2.7810913366402112,True,True,True,correct
sub-016,109,correct,1,547.8264857698329,0.3013327651061773,True,True,True,correct
sub-016,110,correct,1,412.8835185132383,4.711233091611851,True,True,True,correct
sub-016,111,error,0,414.2936210541219,-4.605765696160226,False,True,True,error
sub-016,112,correct,1,518.693135929131,5.509615632791336,True,True,True,correct
sub-016,113,correct,1,488.1262014380675,0.0728163506434111,True,True,True,correct
sub-016,114,correct,1,448.0883050300147,3.899279958432944,True,True,True,correct
sub-016,115,error,0,379.38561158380486,-0.1254140429881927,False,True,True,error
sub-016,116,correct,1,272.1604406194041,-3.446844007015163,True,True,True,correct
sub-016,117,error,0,261.469922365555,-3.0836287787624883,False,True,True,error
sub-016,118,correct,1,502.00175277375695,-2.3340645439902867,True,True,True,correct
sub-016,119,correct,1,474.067322371263,0.7304558746597322,True,True,True,correct
sub-016,120,correct,1,512.1797262130748,-0.1651006506875555,True,True,True,correct
sub-016,121,error,0,481.521808033666,-3.224404911939713,False,True,True,error
sub-016,122,correct,1,427.7983343014882,-1.2621493542176934,True,True,True,correct
sub-016,123,correct,1,589.2371621204071,-1.9004173506617252,True,True,True,correct
sub-016,124,correct,1,371.1974930565626,-0.0909950540677187,True,True,True,correct
sub-016,125,correct,1,410.8523904464528,4.002396622922556,True,True,True,correct
sub-016,126,correct,1,461.0706108947518,2.228459419778782,True,True,True,correct
sub-016,127,correct,1,448.320907991605,-0.2663488105751706,True,True,True,correct
sub-016,128,error,0,302.89776616551364,-1.1416763061517163,False,True,True,error
sub-016,129,correct,1,548.4805661812445,1.1356558950920863,True,True,True,correct
sub-016,130,correct,1,462.57206166832464,2.9978898402662946,True,True,True,correct
sub-016,131,correct,1,613.2376419703254,-0.8661955906719716,True,True,True,correct
sub-016,132,correct,1,403.819856370734,-0.3720851348939662,True,True,True,correct
sub-016,133,correct,1,504.4753208365128,1.511321649329457,True,True,True,correct
sub-016,134,correct,1,466.8262071578698,-1.668170310020206,True,True,True,correct
sub-016,135,correct,1,330.01005289088585,-0.1788935101160617,True,True,True,correct
sub-016,136,correct,1,366.87059573895664,-1.6238872567341964,True,True,True,correct
sub-016,137,correct,1,563.6377614881743,-0.0267893720047505,True,True,True,correct
sub-016,138,correct,1,489.0825017361432,-6.9347908908964895,True,True,True,correct
sub-016,139,correct,1,457.4470158595527,-2.77972444682808,True,True,True,correct
sub-016,140,correct,1,386.35647352534806,2.25354173531203,True,True,True,correct
sub-016,141,correct,1,458.9660742238246,1.767607710645024,True,True,True,correct
sub-016,142,correct,1,434.7102312320425,0.270123287654,True,True,True,correct
sub-016,143,correct,1,379.0530755823466,-0.8200749522273393,True,True,True,correct
sub-016,144,correct,1,600.4417168158568,1.3029800591705634,True,True,True,correct
sub-016,145,correct,1,418.9511060335365,3.4700911351759487,True,True,True,correct
sub-016,146,error,0,456.16179727365113,1.407825469614988,False,True,True,error
sub-016,147,error,0,340.91068772887866,-3.789282068537061,False,True,True,error
sub-016,148,error,0,477.7713264138848,-2.3283299950389225,False,True,True,error
sub-016,149,correct,1,486.3751090062005,0.4339565135930251,True,True,True,correct
sub-016,150,correct,1,538.5474183042979,0.672757168196866,True,True,True,correct
sub-016,151,correct,1,474.4195015994106,3.150049396013901,True,True,True,correct
sub-016,152,correct,1,463.83191236273774,-0.977260658088059,True,True,True,correct
sub-016,153,correct,1,455.0621100623033,-0.9642624272490072,True,True,True,correct
sub-016,154,error,0,428.6181323232654,-3.521375232069893,False,True,True,error
sub-016,155,error,0,345.38820534358695,-1.4082367541797558,False,True,True,error
sub-016,156,error,0,446.80292607823145,-2.4354034499640957,False,True,True,error
sub-016,157,error,0,406.60752142987593,-1.7123714757915136,False,True,True,error
sub-016,158,correct,1,497.0689244811803,-0.5316605549513762,True,True,True,correct
sub-016,159,correct,1,587.6810368270008,-1.2452262036125157,True,True,True,correct
sub-016,160,correct,1,434.85739712011593,0.0646862844307246,True,True,True,correct
sub-017,1,correct,1,456.316091052094,-4.952358268260248,True,True,True,correct
sub-017,2,error,0,378.24063800243607,-2.23171730119782,False,True,True,error
sub-017,3,correct,1,508.73104701436966,-1.4665963380380374,True,True,True,correct
sub-017,4,error,0,294.2806390211475,-6.102915719031028,False,True,True,error
sub-017,5,correct,1,488.0471871838144,-3.669313948984324,True,True,True,correct
sub-017,6,correct,1,465.8858370529904,-5.698108912653197,True,True,True,correct
sub-017,7,correct,1,532.2527735289184,2.7091370638572307,True,True,True,correct
sub-017,8,correct,1,463.6657908086145,1.4172050321384106,True,True,True,correct
sub-017,9,error,0,431.5897144940327,-4.823303798818003,False,True,True,error
sub-017,10,correct,1,569.7739933663203,-0.6926236730253962,True,True,True,correct
sub-017,11,correct,1,352.91731907074814,2.7638829223307817,True,True,True,correct
sub-017,12,correct,1,465.779693138677,0.7225853595635034,True,True,True,correct
sub-017,13,error,0,582.7537971211498,-2.2463534288085807,False,True,True,error
sub-017,14,correct,1,432.6544612161523,-1.3101735720223622,True,True,True,correct
sub-017,15,correct,1,465.62101648247193,-0.8847856320058427,True,True,True,correct
sub-017,16,correct,1,432.6473584923125,-0.1552551173713067,True,True,True,correct
sub-017,17,correct,1,447.5345806789726,-1.8835222613520517,True,True,True,correct
sub-017,18,error,0,546.7854014277359,-2.4811191227251386,False,True,True,error
sub-017,19,correct,1,513.2819630484973,1.674965551322578,True,True,True,correct
sub-017,20,correct,1,532.281864549892,-4.401071742864805,True,True,True,correct
sub-017,21,correct,1,515.3993800390859,-0.5701977099349564,True,True,True,correct
sub-017,22,correct,1,653.3021550727244,-2.43175449695773,True,True,True,correct
sub-017,23,correct,1,465.87975709179625,1.9660254795153105,True,True,True,correct
sub-017,24,error,0,402.24747455213367,-0.0638794112931506,False,True,True,error
sub-017,25,correct,1,524.2451694183487,-0.6897716980665246,True,True,True,correct
sub-017,26,correct,1,525.3101243320721,-1.1614456809020863,True,True,True,correct
sub-017,27,error,0,385.0174669700149,-1.1008788867595292,False,True,True,error
sub-017,28,error,0,327.9865384482817,-2.77796602243186,False,True,True,error
sub-017,29,correct,1,610.4026133794218,0.2798651866928011,True,True,True,correct
sub-017,30,correct,1,534.2116037560518,-0.990867002185782,True,True,True,correct
sub-017,31,correct,1,408.5851484962535,1.2903398581239502,True,True,True,correct
sub-017,32,correct,1,624.0704853317924,-0.7940027946407524,True,True,True,correct
sub-017,33,correct,1,464.85171511862336,0.5306513353731812,True,True,True,correct
sub-017,34,correct,1,435.28109793369794,-1.5729406582705594,True,True,True,correct
sub-017,35,error,0,328.97082239682163,-2.2242160705748826,False,True,True,error
sub-017,36,correct,1,399.2273630518188,3.292355832346131,True,True,True,correct
sub-017,37,correct,1,473.5440534117709,-0.0606964059081879,True,True,True,correct
sub-017,38,correct,1,440.8410158125385,-0.0243407696543052,True,True,True,correct
sub-017,39,correct,1,485.4194923954993,0.069612815347239,True,True,True,correct
sub-017,40,correct,1,452.3667793276501,0.8470071760856133,True,True,True,correct
sub-017,41,correct,1,423.4312306562068,-0.8768426635966082,True,True,True,correct
sub-017,42,error,0,469.8415505426815,2.7044705066375574,False,True,True,error
sub-017,43,error,0,455.2883381649711,-2.95486377405121,False,True,True,error
sub-017,44,correct,1,459.2555449949552,0.9734046615820016,True,True,True,correct
sub-017,45,error,0,522.3292981685563,-1.770872722285822,False,True,True,error
sub-017,46,correct,1,381.7856515347351,-0.5951165116067698,True,True,True,correct
sub-017,47,error,0,494.2462724309093,-0.781431807069209,False,True,True,error
sub-017,48,error,0,445.1591410100447,-3.0178745110504903,False,True,True,error
sub-017,49,correct,1,431.8126661131117,-0.1728291467531016,True,True,True,correct
sub-017,50,correct,1,567.0182973139756,-1.2781609410626344,True,True,True,correct
sub-017,51,correct,1,629.2716817874611,0.4448696884209639,True,True,True,correct
sub-017,52,correct,1,498.3396411963582,-0.7140995064022936,True,True,True,correct
sub-017,53,correct,1,321.3823989710241,-1.563074679123473,True,True,True,correct
sub-017,54,correct,1,358.54030129991696,-0.8521351070743687,True,True,True,correct
sub-017,55,correct,1,439.36252753481256,1.176353734512529,True,True,True,correct
sub-017,56,error,0,464.52060096054447,-6.0938404926503695,False,True,True,error
sub-017,57,correct,1,313.8151269361754,1.4002421570118644,True,True,True,correct
sub-017,58,correct,1,449.71356797612856,-3.435587185588991,True,True,True,correct
sub-017,59,error,0,367.7779804656464,-0.6565138916152202,False,True,True,error
sub-017,60,correct,1,283.84660207830603,-2.721856209018744,True,True,True,correct
sub-017,61,correct,1,551.7137454369151,-3.952192947676609,True,True,True,correct
sub-017,62,correct,1,590.8106912514668,-1.0992678907946691,True,True,True,correct
sub-017,63,correct,1,336.09169600718207,2.145286819733046,True,True,True,correct
sub-017,64,correct,1,543.1801890227166,-1.2369190658266205,True,True,True,correct
sub-017,65,correct,1,383.25010691828425,-0.8687208240713318,True,True,True,correct
sub-017,66,correct,1,361.8695901781038,-1.7264914444290518,True,True,True,correct
sub-017,67,correct,1,462.4089908830149,0.9636233292112052,True,True,True,correct
sub-017,68,correct,1,495.1663287871791,-0.3566040799931792,True,True,True,correct
sub-017,69,correct,1,473.94877849488313,3.101459693269324,True,True,True,correct
sub-017,70,correct,1,463.8510241107004,-3.044954880033784,True,True,True,correct
sub-017,71,correct,1,689.362117847163,-2.7970770964554794,True,True,True,correct
sub-017,72,correct,1,498.07842316402616,-2.739445761764064,True,True,True,correct
sub-017,73,error,0,428.8104617591639,1.0846903996873172,False,True,True,error
sub-017,74,correct,1,365.1586221328733,-1.6482616109150148,True,True,True,correct
sub-017,75,correct,1,412.12144167769065,-1.9474858882394264,True,True,True,correct
sub-017,76,correct,1,525.9870748192916,0.4831057850575382,True,True,True,correct
sub-017,77,error,0,476.0270643852898,-1.672958318397839,False,True,True,error
sub-017,78,correct,1,598.5255669216319,0.1771450897284225,True,True,True,correct
sub-017,79,correct,1,555.0041406495209,-0.6544797890710385,True,True,True,correct
sub-017,80,correct,1,470.4871651250351,0.3194018733502958,True,True,True,correct
sub-017,81,correct,1,475.1887877034005,-5.022841960240179,True,True,True,correct
sub-017,82,error,0,260.8739440276576,-1.4009511903963603,False,True,True,error
sub-017,83,correct,1,395.2318064827805,1.2457976329536136,True,True,True,correct
sub-017,84,correct,1,428.3408077794717,0.1865694098049346,True,True,True,correct
sub-017,85,correct,1,445.9577938851893,-0.467528768919032,True,True,True,correct
sub-017,86,error,0,360.66893443832384,-2.756434716091273,False,True,True,error
sub-017,87,correct,1,377.0124931861502,-1.502303983131614,True,True,True,correct
sub-017,88,correct,1,558.2072703211325,-2.4453060079092457,True,True,True,correct
sub-017,89,correct,1,424.5129390624062,2.180350333432468,True,True,True,correct
sub-017,90,correct,1,514.8782014982501,-0.4545225399073548,True,True,True,correct
sub-017,91,correct,1,386.4014060874149,-3.20954781929264,True,True,True,correct
sub-017,92,correct,1,385.0035343906528,0.8295555334230098,True,True,True,correct
sub-017,93,correct,1,509.5847654185731,-2.9541193044587817,True,True,True,correct
sub-017,94,correct,1,390.6060568220482,-2.834513438838347,True,True,True,correct
sub-017,95,correct,1,523.6556771874679,1.9277886909064623,True,True,True,correct
sub-017,96,correct,1,404.8194195263969,-1.654134924868545,True,True,True,correct
sub-017,97,correct,1,454.3895220067388,0.9047498118611564,True,True,True,correct
sub-017,98,correct,1,576.758059070582,-6.0843185450996895,True,True,True,correct
sub-017,99,correct,1,621.2802971568376,1.3544083502760262,True,True,True,correct
sub-017,100,correct,1,551.0266200569696,-1.7648986470080066,True,True,True,correct
sub-017,101,error,0,455.42168646578494,-2.161817928220472,False,True,True,error
sub-017,102,error,0,347.23514904821866,1.0947592969080038,False,True,True,error
sub-017,103,correct,1,494.0821104266802,-2.0172057489241872,True,True,True,correct
sub-017,104,correct,1,594.3880798292863,-0.6313831739776544,True,True,True,correct
sub-017,105,correct,1,433.2832694145682,3.5096707517616417,True,True,True,correct
sub-017,106,correct,1,423.6436476544332,1.0375110846943778,True,True,True,correct
sub-017,107,correct,1,304.534093475272,2.8580727802198265,True,True,True,correct
sub-017,108,correct,1,544.2729168872236,-5.421988500001914,True,True,True,correct
sub-017,109,correct,1,525.7867797436718,0.7376964315544647,True,True,True,correct
sub-017,110,correct,1,535.5223847366418,2.309147110590082,True,True,True,correct
sub-017,111,correct,1,361.9979676335604,1.6413528568565945,True,True,True,correct
sub-017,112,error,0,463.8962158679092,4.7984803004726455,False,True,True,error
sub-017,113,error,0,511.23126810647904,1.3711187157709563,False,True,True,error
sub-017,114,correct,1,402.08336197272587,0.5819018754679699,True,True,True,correct
sub-017,115,error,0,388.9818978736376,0.1096065052919503,False,True,True,error
sub-017,116,correct,1,468.58256997741177,-0.084314852431888,True,True,True,correct
sub-017,117,correct,1,533.6410165730008,0.9450346325510202,True,True,True,correct
sub-017,118,error,0,335.30702480094504,-0.4582030397912182,False,True,True,error
sub-017,119,correct,1,557.9914825780935,0.5692506699876427,True,True,True,correct
sub-017,120,error,0,395.9192293136831,-5.488578123260998,False,True,True,error
sub-017,121,correct,1,351.74736918448315,1.3813094776474757,True,True,True,correct
sub-017,122,correct,1,395.23767126491913,3.2788638678409705,True,True,True,correct
sub-017,123,correct,1,493.2181561952138,0.7440239633991526,True,True,True,correct
sub-017,124,correct,1,449.3469932051669,-2.7342286231047326,True,True,True,correct
sub-017,125,correct,1,456.01925889461046,0.5165162342614849,True,True,True,correct
sub-017,126,correct,1,422.7864316784057,-1.9553316395770743,True,True,True,correct
sub-017,127,correct,1,540.1784890849877,-0.2708618800190667,True,True,True,correct
sub-017,128,correct,1,457.0213747760938,1.2596099004922574,True,True,True,correct
sub-017,129,correct,1,392.975831688986,1.0901543438090222,True,True,True,correct
sub-017,130,correct,1,428.83374198260617,0.0666933323824643,True,True,True,correct
sub-017,131,correct,1,406.6606638181098,2.5728316738018058,True,True,True,correct
sub-017,132,correct,1,494.7502051167768,-2.806411438951472,True,True,True,correct
sub-017,133,error,0,364.97584788345904,-2.5817685628165727,False,True,True,error
sub-017,134,correct,1,330.92469885371736,2.4760940854169475,True,True,True,correct
sub-017,135,error,0,419.1273201311925,-1.412950023036087,False,True,True,error
sub-017,136,correct,1,465.53740098012446,-2.205017378044893,True,True,True,correct
sub-017,137,correct,1,498.9257057803657,-6.605917275166142,True,True,True,correct
sub-017,138,correct,1,453.0381602040145,1.461561299364353,True,True,True,correct
sub-017,139,correct,1,440.1170358448047,-1.2938174208548283,True,True,True,correct
sub-017,140,correct,1,360.704644681196,-1.1970677034869897,True,True,True,correct
sub-017,141,correct,1,487.18110412021673,1.877235371386316,True,True,True,correct
sub-017,142,correct,1,537.6646296894647,-1.4027860686352538,True,True,True,correct
sub-017,143,correct,1,449.45647573226177,1.5400785274869433,True,True,True,correct
sub-017,144,correct,1,556.7368884961276,0.3934725540942037,True,True,True,correct
sub-017,145,correct,1,369.9224336760674,-0.8229852678210618,True,True,True,correct
sub-017,146,correct,1,447.0666356509212,3.6703235105957535,True,True,True,correct
sub-017,147,correct,1,458.4744282532674,2.2664331425518136,True,True,True,correct
sub-017,148,correct,1,514.9612497995246,-3.3335721418144986,True,True,True,correct
sub-017,149,correct,1,370.02311474813337,-0.8096249751945975,True,True,True,correct
sub-017,150,correct,1,517.1788176006353,2.3695459074507825,True,True,True,correct
sub-017,151,correct,1,409.9021081540686,-1.6936272060329791,True,True,True,correct
sub-017,152,correct,1,368.1907905263315,-1.7158836394121173,True,True,True,correct
sub-017,153,correct,1,436.75065806897567,-1.4410799875869316,True,True,True,correct
sub-017,154,correct,1,418.4277340104261,2.280989808468377,True,True,True,correct
sub-017,155,correct,1,451.7086349891038,-3.434707237794969,True,True,True,correct
sub-017,156,correct,1,457.0100677433784,-5.113866165261655,True,True,True,correct
sub-017,157,correct,1,448.7739054131292,-5.39902687769643,True,True,True,correct
sub-017,158,correct,1,476.22641246866544,-1.581356989311686,True,True,True,correct
sub-017,159,correct,1,430.65353044463177,1.740688570198773,True,True,True,correct
sub-017,160,error,0,426.01548867218446,-7.082950620671401,False,True,True,error
sub-018,1,correct,1,361.472739245096,-1.0392397536410822,True,True,True,correct
sub-018,2,correct,1,228.68537721117104,-1.6189420875924043,True,True,True,correct
sub-018,3,correct,1,404.01865103333967,-1.0603418068253023,True,True,True,correct
sub-018,4,correct,1,607.7887915201954,-4.385199166969519,True,True,True,correct
sub-018,5,correct,1,451.9212875840688,-2.0161909037625407,True,True,True,correct
sub-018,6,correct,1,429.0400269264908,1.1953933892413795,True,True,True,correct
sub-018,7,correct,1,498.8928102586511,0.8570768376435058,True,True,True,correct
sub-018,8,correct,1,551.7566228933418,-1.884103453188668,True,True,True,correct
sub-018,9,error,0,529.0254756049209,-1.7186838216488851,False,True,True,error
sub-018,10,correct,1,461.3960585206708,0.6666689873134919,True,True,True,correct
sub-018,11,correct,1,474.96872222766393,-1.3946333707742011,True,True,True,correct
sub-018,12,error,0,360.8769414034639,-0.9702592692264236,False,True,True,error
sub-018,13,correct,1,536.567919190839,1.5594253138325205,True,True,True,correct
sub-018,14,error,0,485.2616060518003,-0.92899433740986,False,True,True,error
sub-018,15,correct,1,626.6886920447303,-2.814195908940897,True,True,True,correct
sub-018,16,correct,1,532.4207174046429,-0.7791231713961468,True,True,True,correct
sub-018,17,correct,1,480.79991450832506,-1.1229267902711222,True,True,True,correct
sub-018,18,correct,1,476.34834134367486,0.4223772095056282,True,True,True,correct
sub-018,19,correct,1,482.4304979635038,0.9126310371780684,True,True,True,correct
sub-018,20,correct,1,542.9148341807978,0.510485621335345,True,True,True,correct
sub-018,21,correct,1,509.33340170520376,-3.866533055000621,True,True,True,correct
sub-018,22,correct,1,315.64207836540163,2.135571743302738,True,True,True,correct
sub-018,23,correct,1,380.42802942757305,-2.9009863035580032,True,True,True,correct
sub-018,24,correct,1,288.3004212710015,-3.1746864652788758,True,True,True,correct
sub-018,25,error,0,392.25560441937125,-1.3251080153251824,False,True,True,error
sub-018,26,correct,1,539.7280376708549,-0.49762360317979,True,True,True,correct
sub-018,27,correct,1,479.16749757977016,-1.1846196661434587,True,True,True,correct
sub-018,28,correct,1,593.8890190887364,-0.7753994329165097,True,True,True,correct
sub-018,29,correct,1,469.5315007773493,-1.1355604357258116,True,True,True,correct
sub-018,30,correct,1,338.5888667230605,0.3792123010956055,True,True,True,correct
sub-018,31,error,0,371.4674286089459,-2.2654279812471323,False,True,True,error
sub-018,32,error,0,456.1453218342924,-0.7079629139339029,False,True,True,error
sub-018,33,correct,1,341.7676285882539,2.219328602409376,True,True,True,correct
sub-018,34,correct,1,500.0734630383405,-0.3880693494971663,True,True,True,correct
sub-018,35,correct,1,571.3978867545022,-0.2294775210105477,True,True,True,correct
sub-018,36,correct,1,434.49754692939496,1.9207494687769031,True,True,True,correct
sub-018,37,error,0,337.7315288635599,-2.355214044107889,False,True,True,error
sub-018,38,correct,1,354.5080919447527,-4.2859433918480025,True,True,True,correct
sub-018,39,correct,1,521.3027473608995,-0.0209090020393563,True,True,True,correct
sub-018,40,correct,1,488.55626312951136,3.927827477970471,True,True,True,correct
sub-018,41,correct,1,563.4502675048657,-2.5010922786624867,True,True,True,correct
sub-018,42,correct,1,523.2500063319936,0.110864007036642,True,True,True,correct
sub-018,43,correct,1,447.7981923900569,0.6919926337233175,True,True,True,correct
sub-018,44,correct,1,458.87143275034674,1.5835951944236732,True,True,True,correct
sub-018,45,correct,1,521.7784142661932,1.348087587885983,True,True,True,correct
sub-018,46,correct,1,414.3276691135301,-4.804469393501593,True,True,True,correct
sub-018,47,correct,1,587.6981765213226,3.793173457216869,True,True,True,correct
sub-018,48,correct,1,341.6060678171916,0.8720386771658903,True,True,True,correct
sub-018,49,correct,1,515.404766552605,-3.0244140998465063,True,True,True,correct
sub-018,50,correct,1,534.1049801386348,1.7816811499494614,True,True,True,correct
sub-018,51,correct,1,504.6440161738104,-0.6105049082141476,True,True,True,correct
sub-018,52,correct,1,272.57835672416786,-1.1485150969198723,True,True,True,correct
sub-018,53,error,0,373.1635424214608,-3.736812496911347,False,True,True,error
sub-018,54,correct,1,485.8065677714313,0.4877664013467264,True,True,True,correct
sub-018,55,correct,1,440.1706539129887,-1.8361546755271656,True,True,True,correct
sub-018,56,correct,1,597.6763864824575,0.474774293392372,True,True,True,correct
sub-018,57,correct,1,619.8507370619881,-1.2168925734445015,True,True,True,correct
sub-018,58,correct,1,557.2344974941169,-1.510289606547116,True,True,True,correct
sub-018,59,error,0,295.96040441002253,-1.427777010547187,False,True,True,error
sub-018,60,correct,1,507.0190486132665,4.7078517718829005,True,True,True,correct
sub-018,61,correct,1,605.8671497633892,1.5643481787933664,True,True,True,correct
sub-018,62,correct,1,502.5235198531627,-1.1333026976102474,True,True,True,correct
sub-018,63,correct,1,422.8717118532819,-0.807757595621851,True,True,True,correct
sub-018,64,correct,1,472.8840138248506,-0.8779597934009788,True,True,True,correct
sub-018,65,correct,1,582.6495114594965,-1.6226491862256514,True,True,True,correct
sub-018,66,error,0,401.6793650256514,-1.2648302548965873,False,True,True,error
sub-018,67,correct,1,488.95709331346353,4.78155045503232,True,True,True,correct
sub-018,68,correct,1,649.9689517948359,-3.742549614682385,True,True,True,correct
sub-018,69,correct,1,416.9973962141297,-0.9473914739141304,True,True,True,correct
sub-018,70,correct,1,416.20645994782654,0.7739107587873211,True,True,True,correct
sub-018,71,correct,1,467.76750724330753,-1.6948040254651593,True,True,True,correct
sub-018,72,correct,1,392.5331824519971,-2.503729359903171,True,True,True,correct
sub-018,73,correct,1,462.9712677592341,0.9569969871995304,True,True,True,correct
sub-018,74,error,0,414.0542086982885,-3.4353229304470347,False,True,True,error
sub-018,75,correct,1,465.2134641965296,0.7112150178325014,True,True,True,correct
sub-018,76,correct,1,522.3720190815606,-1.675492717138063,True,True,True,correct
sub-018,77,correct,1,424.2168886965948,4.229460359311696,True,True,True,correct
sub-018,78,correct,1,388.5654958187185,-2.785131212346471,True,True,True,correct
sub-018,79,correct,1,576.2522506983437,1.2699642278798249,True,True,True,correct
sub-018,80,error,0,421.1660458649648,-2.647026341571155,False,True,True,error
sub-018,81,correct,1,369.0376157116386,-1.5828132420961805,True,True,True,correct
sub-018,82,error,0,414.5561782315201,0.6709253383012004,False,True,True,error
sub-018,83,correct,1,361.00433171960856,0.0853921708433749,True,True,True,correct
sub-018,84,correct,1,660.988057619242,0.3547059601627985,True,True,True,correct
sub-018,85,error,0,296.7728605528563,0.621935958900731,False,True,True,error
sub-018,86,correct,1,470.99667687597474,-1.2900013281094749,True,True,True,correct
sub-018,87,correct,1,406.3179686416452,-2.2029751614680952,True,True,True,correct
sub-018,88,correct,1,517.5228411141859,-1.4882524503532288,True,True,True,correct
sub-018,89,correct,1,595.0295855867857,3.419290474457359,True,True,True,correct
sub-018,90,correct,1,449.1652694627223,2.9793686444821184,True,True,True,correct
sub-018,91,error,0,479.3385767441964,-1.024757750969755,False,True,True,error
sub-018,92,correct,1,394.9989623700305,-1.8617026400010608,True,True,True,correct
sub-018,93,correct,1,381.67610539586747,-0.7388761271773889,True,True,True,correct
sub-018,94,correct,1,439.7123610522472,-0.4989859999862222,True,True,True,correct
sub-018,95,correct,1,471.109820413358,-0.787352925178946,True,True,True,correct
sub-018,96,correct,1,307.7138962380508,-1.8572326162132768,True,True,True,correct
sub-018,97,correct,1,447.8783598938901,-1.181660561625088,True,True,True,correct
sub-018,98,correct,1,359.51825585897825,1.379328972002604,True,True,True,correct
sub-018,99,correct,1,579.1484155989368,0.4909158797628767,True,True,True,correct
sub-018,100,correct,1,488.3652510522687,-0.8287612580630639,True,True,True,correct
sub-018,101,correct,1,435.74440279149394,1.4031452169869714,True,True,True,correct
sub-018,102,correct,1,505.3834882478374,-3.4119785541716654,True,True,True,correct
sub-018,103,correct,1,541.5629683361009,3.804466660795498,True,True,True,correct
sub-018,104,correct,1,423.6367639225272,-2.2864477383029995,True,True,True,correct
sub-018,105,correct,1,421.8461678347729,-3.851021161881152,True,True,True,correct
sub-018,106,correct,1,456.410684774547,0.1116626415538241,True,True,True,correct
sub-018,107,correct,1,365.7499205614158,-0.1484654466949367,True,True,True,correct
sub-018,108,correct,1,459.1614689027112,-3.048700709551116,True,True,True,correct
sub-018,109,correct,1,492.12320863850914,2.230867273791702,True,True,True,correct
sub-018,110,correct,1,561.3698954435401,-2.4069793328253155,True,True,True,correct
sub-018,111,error,0,466.9871317302061,0.6185925394257379,False,True,True,error
sub-018,112,correct,1,479.16179085051954,-2.3193809360750897,True,True,True,correct
sub-018,113,correct,1,370.2253118219582,1.7605353909536292,True,True,True,correct
sub-018,114,correct,1,416.4884325814112,0.6656439733590815,True,True,True,correct
sub-018,115,error,0,490.5155310676826,-1.751477749019397,False,True,True,error
sub-018,116,correct,1,461.5702416408476,-4.83336766773548,True,True,True,correct
sub-018,117,correct,1,426.7361996460704,-1.940455835560888,True,True,True,correct
sub-018,118,correct,1,339.7547799496477,0.0848243245053017,True,True,True,correct
sub-018,119,correct,1,562.0146953437528,-1.6422654358206863,True,True,True,correct
sub-018,120,correct,1,466.5200631479382,-3.5176995079488584,True,True,True,correct
sub-018,121,correct,1,451.80594645905785,-2.660480284682329,True,True,True,correct
sub-018,122,correct,1,565.5810825537883,-1.1333933249867556,True,True,True,correct
sub-018,123,correct,1,540.3752319586318,0.8875559090572072,True,True,True,correct
sub-018,124,correct,1,302.77406190834085,-3.657324706689094,True,True,True,correct
sub-018,125,correct,1,450.6374877787839,-0.7732496761779666,True,True,True,correct
sub-018,126,correct,1,424.59571773083366,2.07308051909102,True,True,True,correct
sub-018,127,correct,1,501.4433003590045,-1.706237930044695,True,True,True,correct
sub-018,128,correct,1,543.1256094789301,2.9216479703840523,True,True,True,correct
sub-018,129,correct,1,432.1746416305153,0.4765028807460794,True,True,True,correct
sub-018,130,correct,1,470.1453649612054,0.4118792628518359,True,True,True,correct
sub-018,131,correct,1,613.2609654311648,-0.7271566229536924,True,True,True,correct
sub-018,132,correct,1,543.6639028808748,2.240909839083552,True,True,True,correct
sub-018,133,error,0,526.3555599574669,-5.704360173315794,False,True,True,error
sub-018,134,correct,1,483.45264260813104,1.976505684275023,True,True,True,correct
sub-018,135,error,0,286.42117250953675,-2.493277290488789,False,True,True,error
sub-018,136,error,0,380.0200820907598,1.0155198799062473,False,True,True,error
sub-018,137,correct,1,459.2964723422324,0.6624278729430015,True,True,True,correct
sub-018,138,correct,1,593.5251212203615,-5.281365564644072,True,True,True,correct
sub-018,139,correct,1,344.47612562711026,-0.3009296763093101,True,True,True,correct
sub-018,140,correct,1,504.148711804366,-0.0771905800999029,True,True,True,correct
sub-018,141,error,0,560.1464450643703,-0.5477621079774413,False,True,True,error
sub-018,142,correct,1,399.9138706674372,1.765775273481386,True,True,True,correct
sub-018,143,correct,1,482.3125295467249,0.1958632107698691,True,True,True,correct
sub-018,144,correct,1,483.43890306993967,-1.0035694839540636,True,True,True,correct
sub-018,145,correct,1,404.49300450147234,0.2618857544151316,True,True,True,correct
sub-018,146,correct,1,520.3722950141963,-2.359274916685858,True,True,True,correct
sub-018,147,correct,1,290.2685452166253,-3.963303990079302,True,True,True,correct
sub-018,148,correct,1,523.7023057105325,-2.492401652597096,True,True,True,correct
sub-018,149,correct,1,272.15268394152406,1.2747941602046466,True,True,True,correct
sub-018,150,correct,1,368.895463627828,-2.9742479228144143,True,True,True,correct
sub-018,151,error,0,321.0688676574829,-4.768026151467391,False,True,True,error
sub-018,152,correct,1,452.5474411196841,-3.100095970514422,True,True,True,correct
sub-018,153,correct,1,546.2397354278705,-0.6287281938037421,True,True,True,correct
sub-018,154,correct,1,649.3083361287926,-0.5952685960512677,True,True,True,correct
sub-018,155,correct,1,527.857963870861,-1.0565105915603608,True,True,True,correct
sub-018,156,correct,1,363.0931321635236,-1.6108105583829395,True,True,True,correct
sub-018,157,correct,1,551.1552367219091,2.355952900561633,True,True,True,correct
sub-018,158,error,0,612.7287526849964,1.7603942741284309,False,True,True,error
sub-018,159,correct,1,576.4076287317168,0.1543497946390641,True,True,True,correct
sub-018,160,correct,1,338.1813633154293,-0.5408622148117255,True,True,True,correct
sub-019,1,correct,1,573.4760361147021,-1.289929734613417,True,True,True,correct
sub-019,2,correct,1,495.11217003300527,-2.3098950730619494,True,True,True,correct
sub-019,3,correct,1,645.3624023516296,-1.4800077101114388,True,True,True,correct
sub-019,4,correct,1,423.9661361481733,2.488061103828007,True,True,True,correct
sub-019,5,correct,1,451.97599448677454,1.5122073170603243,True,True,True,correct
sub-019,6,correct,1,490.9761919607215,1.9108586572463304,True,True,True,correct
sub-019,7,correct,1,356.0787749302949,0.1916599894788085,True,True,True,correct
sub-019,8,correct,1,351.48749679744253,1.2305414049953562,True,True,True,correct
sub-019,9,correct,1,479.4502281776901,-1.9467554395754223,True,True,True,correct
sub-019,10,error,0,403.53976279056,3.244413270512726,False,True,True,error
sub-019,11,correct,1,310.0747682590795,-0.3826659686567086,True,True,True,correct
sub-019,12,correct,1,427.6193741483986,-2.432432122160765,True,True,True,correct
sub-019,13,error,0,399.8485504790025,-4.008336726984702,False,True,True,error
sub-019,14,correct,1,265.2399003693324,-0.2948805712068673,True,True,True,correct
sub-019,15,error,0,445.6622932858707,-0.2774590421195545,False,True,True,error
sub-019,16,correct,1,455.4361500246984,-1.5945432057779776,True,True,True,correct
sub-019,17,correct,1,461.1721440370263,0.9918321049243392,True,True,True,correct
sub-019,18,correct,1,397.015889061735,-1.7627290152882988,True,True,True,correct
sub-019,19,error,0,364.138335434358,3.089661070252346,False,True,True,error
sub-019,20,error,0,397.1075394280753,-2.7393942204395083,False,True,True,error
sub-019,21,correct,1,495.9031035955535,-3.005595832074953,True,True,True,correct
sub-019,22,correct,1,488.6869702309063,0.1471399851246248,True,True,True,correct
sub-019,23,correct,1,542.0989501943385,-1.0083490563553923,True,True,True,correct
sub-019,24,correct,1,524.4959528693565,3.4205329883322038,True,True,True,correct
sub-019,25,correct,1,489.910200242646,-0.5684311629223797,True,True,True,correct
sub-019,26,correct,1,535.878605039493,-1.3663853307870475,True,True,True,correct
sub-019,27,correct,1,375.0041511977997,-1.9177800874574047,True,True,True,correct
sub-019,28,correct,1,435.4610325688721,0.9039300547411072,True,True,True,correct
sub-019,29,correct,1,552.0917439903822,-2.3615701080049485,True,True,True,correct
sub-019,30,correct,1,548.3393686652742,0.56787470660085,True,True,True,correct
sub-019,31,correct,1,410.7368159235583,-2.5664625667965444,True,True,True,correct
sub-019,32,error,0,463.1778633401748,-0.0536856351081969,False,True,True,error
sub-019,33,correct,1,547.2626090669013,0.5508260364397057,True,True,True,correct
sub-019,34,correct,1,524.5092249343464,3.443514249506212,True,True,True,correct
sub-019,35,correct,1,371.9356461226791,-3.45222555260128,True,True,True,correct
sub-019,36,correct,1,548.9553712277009,-0.3925960189204303,True,True,True,correct
sub-019,37,correct,1,577.6330489802347,-1.139828061908087,True,True,True,correct
sub-019,38,error,0,465.7531455299625,0.8919929820107335,False,True,True,error
sub-019,39,correct,1,433.4227952402078,1.1129048355634872,True,True,True,correct
sub-019,40,correct,1,536.4727220270772,0.1793791174756989,True,True,True,correct
sub-019,41,error,0,354.659140504084,-2.082313236003773,False,True,True,error
sub-019,42,correct,1,445.58093161661736,-1.335414465149786,True,True,True,correct
sub-019,43,error,0,479.6363778177516,-0.6065344859482571,False,True,True,error
sub-019,44,correct,1,417.7951962399178,-1.5387823711708224,True,True,True,correct
sub-019,45,correct,1,489.1835817712259,-0.2077810398301211,True,True,True,correct
sub-019,46,correct,1,438.9507085143625,1.441673636658907,True,True,True,correct
sub-019,47,correct,1,531.3695648785267,0.7757608887043261,True,True,True,correct
sub-019,48,correct,1,405.3441190401103,0.8222774696669188,True,True,True,correct
sub-019,49,correct,1,448.6596325157189,0.0354555893681841,True,True,True,correct
sub-019,50,correct,1,460.5136469449609,-4.870986136594502,True,True,True,correct
sub-019,51,correct,1,436.5101733949677,-2.9499781607231834,True,True,True,correct
sub-019,52,correct,1,488.55040760427903,-2.283539771814588,True,True,True,correct
sub-019,53,correct,1,393.4859938475039,0.1544425929652141,True,True,True,correct
sub-019,54,correct,1,578.0604557887563,-0.8349905897681819,True,True,True,correct
sub-019,55,correct,1,543.3924033170199,-2.6902004814047693,True,True,True,correct
sub-019,56,correct,1,522.4485559138874,0.0628041612834899,True,True,True,correct
sub-019,57,correct,1,401.975999957583,-0.4590633632390649,True,True,True,correct
sub-019,58,correct,1,552.7248316579662,-2.932039872601575,True,True,True,correct
sub-019,59,error,0,519.1806436952716,-0.7082919947661829,False,True,True,error
sub-019,60,correct,1,409.6514536314462,3.1459338186002017,True,True,True,correct
sub-019,61,correct,1,501.6321316480984,2.7414774760958647,True,True,True,correct
sub-019,62,correct,1,473.6367886627531,0.4640804301647077,True,True,True,correct
sub-019,63,correct,1,556.1336215799453,-0.8289185481949279,True,True,True,correct
sub-019,64,correct,1,600.1703082587364,-3.2576307586070348,True,True,True,correct
sub-019,65,correct,1,607.9869380030162,1.6404062515419735,True,True,True,correct
sub-019,66,correct,1,572.7861347679648,0.0379213139276609,True,True,True,correct
sub-019,67,correct,1,500.2931125546358,0.796120722244164,True,True,True,correct
sub-019,68,correct,1,481.1096797203646,0.4346976709627887,True,True,True,correct
sub-019,69,correct,1,370.6694318353863,0.2781227283371181,True,True,True,correct
sub-019,70,correct,1,428.7774920502412,2.2041122009892944,True,True,True,correct
sub-019,71,correct,1,491.4005124542531,1.6086352837519904,True,True,True,correct
sub-019,72,error,0,297.7020956195008,-0.6224620010269396,False,True,True,error
sub-019,73,correct,1,382.4668183250423,1.0788089045078568,True,True,True,correct
sub-019,74,correct,1,504.0528031361192,2.9034318411232056,True,True,True,correct
sub-019,75,correct,1,368.5638422557391,-2.233928673489572,True,True,True,correct
sub-019,76,correct,1,515.2740030235913,2.4896876530319894,True,True,True,correct
sub-019,77,correct,1,461.9669615539544,-2.829412816147677,True,True,True,correct
sub-019,78,correct,1,672.7599303768181,-1.2193252998682966,True,True,True,correct
sub-019,79,correct,1,403.56082511124174,-2.321487520614856,True,True,True,correct
sub-019,80,correct,1,452.1155850961196,0.776680472632127,True,True,True,correct
sub-019,81,correct,1,511.1650694922013,-3.974488115315028,True,True,True,correct
sub-019,82,correct,1,497.5563054629215,2.385170542862141,True,True,True,correct
sub-019,83,correct,1,390.79097728658513,0.8909922963385002,True,True,True,correct
sub-019,84,correct,1,430.4140795313944,-2.5275338036405426,True,True,True,correct
sub-019,85,correct,1,501.7561136113915,0.3940844035914234,True,True,True,correct
sub-019,86,correct,1,472.5181681421023,1.6373661911058726,True,True,True,correct
sub-019,87,correct,1,415.290467917549,-0.4681497230509954,True,True,True,correct
sub-019,88,correct,1,535.9292800015259,-1.0184895069454325,True,True,True,correct
sub-019,89,error,0,414.4168931412314,-4.326787722901566,False,True,True,error
sub-019,90,correct,1,418.6506433187602,-0.6260029909347429,True,True,True,correct
sub-019,91,correct,1,420.43955705891136,-1.3576304920240738,True,True,True,correct
sub-019,92,correct,1,520.161642800144,2.130355104823696,True,True,True,correct
sub-019,93,error,0,491.4633119349263,-0.9796703270892668,False,True,True,error
sub-019,94,correct,1,476.8523607759934,2.180479160795759,True,True,True,correct
sub-019,95,correct,1,427.93572820832895,-0.7260129593397011,True,True,True,correct
sub-019,96,correct,1,432.32107891261353,1.6869317808555095,True,True,True,correct
sub-019,97,correct,1,512.6062000150052,-0.2503721777733,True,True,True,correct
sub-019,98,correct,1,439.11535735878726,0.466202206100647,True,True,True,correct
sub-019,99,correct,1,439.5946014899804,0.9201101466692952,True,True,True,correct
sub-019,100,correct,1,428.7944635803535,-0.6934370969550692,True,True,True,correct
sub-019,101,correct,1,421.4104636637633,-0.2149163072215866,True,True,True,correct
sub-019,102,correct,1,602.7657440418141,-2.171692580639394,True,True,True,correct
sub-019,103,correct,1,464.47534836028086,2.108285905893864,True,True,True,correct
sub-019,104,correct,1,392.64069681490935,0.8306141665516762,True,True,True,correct
sub-019,105,correct,1,479.076154649377,-2.604650045299828,True,True,True,correct
sub-019,106,correct,1,388.36960694957617,-0.6835165809352899,True,True,True,correct
sub-019,107,error,0,384.8023277733071,-1.3314851114339148,False,True,True,error
sub-019,108,correct,1,461.8815431777669,-0.2149194979269001,True,True,True,correct
sub-019,109,correct,1,516.708820932085,2.0771155028124846,True,True,True,correct
sub-019,110,correct,1,432.4671363685894,1.7189558028205956,True,True,True,correct
sub-019,111,correct,1,532.9556315254928,2.697469665325323,True,True,True,correct
sub-019,112,correct,1,549.8917738795733,-1.1205429969510947,True,True,True,correct
sub-019,113,correct,1,609.1989213726443,-4.3608715451183215,True,True,True,correct
sub-019,114,error,0,364.5752474915308,1.319164002909544,False,True,True,error
sub-019,115,correct,1,566.3209273608134,0.1274093986074302,True,True,True,correct
sub-019,116,correct,1,406.3435955493728,1.517620972745224,True,True,True,correct
sub-019,117,correct,1,465.7810490159592,1.203488072998172,True,True,True,correct
sub-019,118,correct,1,293.65138007279995,0.6404788625741806,True,True,True,correct
sub-019,119,error,0,426.1044177052435,-1.424263264848284,False,True,True,error
sub-019,120,correct,1,438.486586024837,-0.292290960811758,True,True,True,correct
sub-019,121,correct,1,592.7424720893032,-1.3716127915169871,True,True,True,correct
sub-019,122,correct,1,494.841806356333,-0.2304098469140792,True,True,True,correct
sub-019,123,correct,1,535.5535490904725,-3.582287594982439,True,True,True,correct
sub-019,124,correct,1,284.6924155809923,-2.166132784596018,True,True,True,correct
sub-019,125,correct,1,410.3520091649425,1.395502115292493,True,True,True,correct
sub-019,126,correct,1,587.8384709738247,0.115372538079881,True,True,True,correct
sub-019,127,correct,1,469.8067696884885,-2.281308686924355,True,True,True,correct
sub-019,128,correct,1,450.1095540534876,-0.0345197577202884,True,True,True,correct
sub-019,129,correct,1,533.020206295599,1.1390961276478933,True,True,True,correct
sub-019,130,correct,1,428.524727266507,-1.4419275687054691,True,True,True,correct
sub-019,131,correct,1,471.8585592886794,1.4528944547457243,True,True,True,correct
sub-019,132,correct,1,476.9571358155127,-2.364573033734947,True,True,True,correct
sub-019,133,correct,1,474.8410939441425,-0.7778903212666721,True,True,True,correct
sub-019,134,error,0,337.2464444709445,-1.6460302853899993,False,True,True,error
sub-019,135,correct,1,525.713744751884,-1.642182830472124,True,True,True,correct
sub-019,136,correct,1,568.4750040891051,-0.4815055751520634,True,True,True,correct
sub-019,137,correct,1,399.3080618461328,0.4201653936165391,True,True,True,correct
sub-019,138,correct,1,443.5650846788109,0.6631342225233305,True,True,True,correct
sub-019,139,correct,1,505.1068456312057,0.7750755176900226,True,True,True,correct
sub-019,140,correct,1,517.4443250214798,-2.219967694010223,True,True,True,correct
sub-019,141,correct,1,416.3810840030631,-1.8004465440118105,True,True,True,correct
sub-019,142,correct,1,411.2841610720195,-0.3276318929886759,True,True,True,correct
sub-019,143,correct,1,566.320433473524,-3.437481876603889,True,True,True,correct
sub-019,144,correct,1,568.2739953682681,0.0212481940870097,True,True,True,correct
sub-019,145,error,0,495.3590386470561,-5.157574658128681,False,True,True,error
sub-019,146,correct,1,473.0100360922307,-1.0997543965426313,True,True,True,correct
sub-019,147,correct,1,217.40174440232528,-0.948680421150891,True,True,True,correct
sub-019,148,correct,1,418.8330692212653,-3.1397954985195877,True,True,True,correct
sub-019,149,correct,1,279.7912266880732,-0.4773022978274054,True,True,True,correct
sub-019,150,error,0,387.3986645709444,-0.2218980229191718,False,True,True,error
sub-019,151,correct,1,314.2626549935002,1.3028358459204596,True,True,True,correct
sub-019,152,correct,1,566.954631438163,0.5474806677608592,True,True,True,correct
sub-019,153,correct,1,340.3901475467154,-2.2277886281692605,True,True,True,correct
sub-019,154,correct,1,376.3851365224812,-1.851212245653368,True,True,True,correct
sub-019,155,correct,1,653.2988773819374,1.5590163464089688,True,True,True,correct
sub-019,156,error,0,390.2266744574493,-2.7290063077036897,False,True,True,error
sub-019,157,correct,1,344.74397498634653,1.6080586491100313,True,True,True,correct
sub-019,158,correct,1,425.31096723427095,-0.9713707690670378,True,True,True,correct
sub-019,159,correct,1,445.615336130743,-2.4093128886623005,True,True,True,correct
sub-019,160,correct,1,436.6488573844144,-2.41178679543405,True,True,True,correct
sub-020,1,correct,1,454.0675474828087,-0.2759717782088381,True,True,True,correct
sub-020,2,correct,1,445.8512410549354,-1.414232051791062,True,True,True,correct
sub-020,3,correct,1,615.8604127071121,1.9180099353847704,True,True,True,correct
sub-020,4,correct,1,484.8018197192722,-1.2611411360298383,True,True,True,correct
sub-020,5,correct,1,461.39344658161457,-2.7144131925072945,True,True,True,correct
sub-020,6,correct,1,455.43952695081697,-2.3916596904000307,True,True,True,correct
sub-020,7,correct,1,574.1885535528266,1.0530404274261975,True,True,True,correct
sub-020,8,correct,1,505.4254039633933,-0.1786891515093988,True,True,True,correct
sub-020,9,correct,1,551.3470979964287,0.6355463362149215,True,True,True,correct
sub-020,10,correct,1,570.6879051023293,-0.2331239405026947,True,True,True,correct
sub-020,11,correct,1,430.301486663405,-0.219689962872295,True,True,True,correct
sub-020,12,correct,1,341.17732505961885,0.5817247796069914,True,True,True,correct
sub-020,13,correct,1,370.3583305325293,-0.3685888655191387,True,True,True,correct
sub-020,14,correct,1,541.8065987789726,-3.413502591994601,True,True,True,correct
sub-020,15,correct,1,431.0995033528337,0.1167798796257325,True,True,True,correct
sub-020,16,error,0,530.640925435004,2.3082340702529303,False,True,True,error
sub-020,17,correct,1,423.82588365287495,-1.4966811014835752,True,True,True,correct
sub-020,18,correct,1,530.0952474410828,0.2312190851417792,True,True,True,correct
sub-020,19,correct,1,605.7635185284732,2.896887312721102,True,True,True,correct
sub-020,20,correct,1,548.6368864393783,-0.966348067594639,True,True,True,correct
sub-020,21,correct,1,448.8148531505072,1.9070867395657016,True,True,True,correct
sub-020,22,correct,1,595.7181424714267,-1.211216629685373,True,True,True,correct
sub-020,23,correct,1,454.17023700476176,-0.3628510253857998,True,True,True,correct
sub-020,24,correct,1,357.0523068835384,-1.6779294160713052,True,True,True,correct
sub-020,25,error,0,410.365723815748,-2.884670317001107,False,True,True,error
sub-020,26,correct,1,445.8879766930804,-0.7627763049020024,True,True,True,correct
sub-020,27,correct,1,498.37127682104943,-0.5284406917551925,True,True,True,correct
sub-020,28,correct,1,425.5323942789221,-1.000147641746638,True,True,True,correct
sub-020,29,error,0,273.7529999820161,0.7383227708696065,False,True,True,error
sub-020,30,correct,1,505.8673320645104,-0.8035045770491125,True,True,True,correct
sub-020,31,correct,1,471.57187377769816,-0.5727319701159177,True,True,True,correct
sub-020,32,correct,1,384.9122115761508,-2.1349725690708303,True,True,True,correct
sub-020,33,correct,1,434.7181283474305,-1.3018618964635702,True,True,True,correct
sub-020,34,correct,1,380.0384640551336,2.486710030232093,True,True,True,correct
sub-020,35,correct,1,430.8899040173232,2.4174491596323966,True,True,True,correct
sub-020,36,correct,1,375.1113506682424,-6.617613328193301,True,True,True,correct
sub-020,37,correct,1,522.6116853434424,0.8025577963443554,True,True,True,correct
sub-020,38,error,0,451.058179308875,-2.453715517362486,False,True,True,error
sub-020,39,correct,1,376.2229117431654,0.6682185416836176,True,True,True,correct
sub-020,40,correct,1,458.70064684496793,0.3116888108936524,True,True,True,correct
sub-020,41,correct,1,496.5009287133744,-2.04613142616222,True,True,True,correct
sub-020,42,correct,1,443.1007300374077,-4.856493012463033,True,True,True,correct
sub-020,43,correct,1,412.5721575307082,-5.437119900961752,True,True,True,correct
sub-020,44,correct,1,532.9250519555269,-3.030164898658466,True,True,True,correct
sub-020,45,correct,1,346.67655361452864,-1.559663865888806,True,True,True,correct
sub-020,46,correct,1,386.6220751764582,-3.118220030143912,True,True,True,correct
sub-020,47,error,0,560.2387786463685,-2.285915858329054,False,True,True,error
sub-020,48,correct,1,494.0480898547637,0.7791905162477862,True,True,True,correct
sub-020,49,correct,1,556.3771080524704,0.6184664686438207,True,True,True,correct
sub-020,50,correct,1,414.21897086955335,-3.148088520469113,True,True,True,correct
sub-020,51,correct,1,517.8877922230068,-2.9401100605811643,True,True,True,correct
sub-020,52,correct,1,528.8947379646969,-2.8855033943331194,True,True,True,correct
sub-020,53,correct,1,455.0864590153206,0.4693680516239308,True,True,True,correct
sub-020,54,correct,1,434.8603971377789,-1.3381044200449137,True,True,True,correct
sub-020,55,correct,1,516.5382276822489,3.3949586241558696,True,True,True,correct
sub-020,56,correct,1,474.67601849778674,-3.025649125377465,True,True,True,correct
sub-020,57,correct,1,432.5656451195935,-2.5480984534052085,True,True,True,correct
sub-020,58,correct,1,555.2803060021538,0.6071547130689651,True,True,True,correct
sub-020,59,correct,1,483.2514078499895,1.2844901288098662,True,True,True,correct
sub-020,60,correct,1,350.69976153888456,0.2267212547167261,True,True,True,correct
sub-020,61,error,0,496.474943502075,-0.3633598258032458,False,True,True,error
sub-020,62,correct,1,526.1095867962182,-0.7883180477560718,True,True,True,correct
sub-020,63,correct,1,460.4555901235324,3.700748337768401,True,True,True,correct
sub-020,64,correct,1,440.08765386658246,1.7258301522958837,True,True,True,correct
sub-020,65,error,0,479.1818125473631,-3.0692377687246424,False,True,True,error
sub-020,66,correct,1,439.2318675099932,-2.247596522401885,True,True,True,correct
sub-020,67,error,0,314.19414094662125,-3.37000538875932,False,True,True,error
sub-020,68,correct,1,394.60345448814337,2.5700719443467257,True,True,True,correct
sub-020,69,error,0,434.51741084142645,-6.111325826522595,False,True,True,error
sub-020,70,correct,1,488.3920719486629,0.3333254002152959,True,True,True,correct
sub-020,71,correct,1,371.1677464524844,1.5014202296571435,True,True,True,correct
sub-020,72,correct,1,387.13365136794965,2.7927697514691188,True,True,True,correct
sub-020,73,correct,1,597.0341471171673,-1.0012284139440242,True,True,True,correct
sub-020,74,correct,1,363.1800742716471,1.180003986744126,True,True,True,correct
sub-020,75,correct,1,414.6096780056568,-2.269329375329849,True,True,True,correct
sub-020,76,correct,1,467.7189933225615,2.760379931773381,True,True,True,correct
sub-020,77,correct,1,459.3608263089296,-2.994991058238534,True,True,True,correct
sub-020,78,correct,1,569.8668635206996,-1.5281176018462963,True,True,True,correct
sub-020,79,error,0,362.5284059800745,-0.5963231299447749,False,True,True,error
sub-020,80,correct,1,605.2795691949436,1.349272848936773,True,True,True,correct
sub-020,81,correct,1,594.8131559170529,0.4377295383450889,True,True,True,correct
sub-020,82,correct,1,336.5530458192432,1.5045462805685617,True,True,True,correct
sub-020,83,correct,1,542.8954930188764,-2.0048679214897747,True,True,True,correct
sub-020,84,correct,1,502.5354748817701,-2.121489714042612,True,True,True,correct
sub-020,85,correct,1,560.767784628106,0.1874247791171217,True,True,True,correct
sub-020,86,correct,1,603.524927919529,-1.3979041004383923,True,True,True,correct
sub-020,87,correct,1,445.9335642286582,-0.664154259882793,True,True,True,correct
sub-020,88,correct,1,535.9859474314665,2.4646286254019345,True,True,True,correct
sub-020,89,correct,1,421.97972433123954,0.0585751846319808,True,True,True,correct
sub-020,90,correct,1,628.7041877678236,-2.3984696114612696,True,True,True,correct
sub-020,91,correct,1,536.3290924677644,-3.5732092901370702,True,True,True,correct
sub-020,92,correct,1,433.7980499601031,-3.770487846965378,True,True,True,correct
sub-020,93,error,0,571.3410901599957,-1.9340839334386124,False,True,True,error
sub-020,94,error,0,442.2117871706784,-6.087257931701003,False,True,True,error
sub-020,95,error,0,418.255087387293,-1.9464069048752948,False,True,True,error
sub-020,96,correct,1,427.7967583960277,-2.73113493985642,True,True,True,correct
sub-020,97,correct,1,522.0725164240303,1.7949416102451323,True,True,True,correct
sub-020,98,correct,1,501.8039987833012,0.3887621904288704,True,True,True,correct
sub-020,99,correct,1,535.6943418118616,-0.0202259894543311,True,True,True,correct
sub-020,100,error,0,317.12613562251704,-0.6518549744604725,False,True,True,error
sub-020,101,correct,1,414.0048785787194,0.2226461597451108,True,True,True,correct
sub-020,102,correct,1,477.0668129649033,2.5770137117085867,True,True,True,correct
sub-020,103,correct,1,634.3329911736164,-1.927875820210423,True,True,True,correct
sub-020,104,correct,1,559.9314979311432,-2.497183001304814,True,True,True,correct
sub-020,105,correct,1,472.5933116019293,-1.646567224641344,True,True,True,correct
sub-020,106,correct,1,352.10492175607374,0.0811704410843263,True,True,True,correct
sub-020,107,correct,1,692.0327096981717,-2.924504930837032,True,True,True,correct
sub-020,108,correct,1,545.5395300211131,3.356452122095972,True,True,True,correct
sub-020,109,correct,1,493.67708712147993,-1.2787302332266042,True,True,True,correct
sub-020,110,correct,1,311.8134691289273,-0.5451272384830943,True,True,True,correct
sub-020,111,error,0,485.0561539448991,-1.3614970898831829,False,True,True,error
sub-020,112,correct,1,599.0430240528542,2.2658789452770383,True,True,True,correct
sub-020,113,correct,1,416.7344514997511,-2.165791874881038,True,True,True,correct
sub-020,114,correct,1,383.1845856994604,-0.1052872536412388,True,True,True,correct
sub-020,115,correct,1,464.1084716730641,-1.2178226605098197,True,True,True,correct
sub-020,116,correct,1,460.83471492865976,-1.6960439905100606,True,True,True,correct
sub-020,117,correct,1,481.14359348198127,-0.2997276313259056,True,True,True,correct
sub-020,118,correct,1,365.5204184250572,-1.192395387684147,True,True,True,correct
sub-020,119,correct,1,416.0349546581791,1.1203005332517026,True,True,True,correct
sub-020,120,error,0,469.6144956309985,-1.6566244998866446,False,True,True,error
sub-020,121,correct,1,352.63413228088166,-6.10166600963296,True,True,True,correct
sub-020,122,correct,1,533.858996225462,1.7928730941683186,True,True,True,correct
sub-020,123,correct,1,507.0127358688544,-0.3825772327885151,True,True,True,correct
sub-020,124,correct,1,401.74205166371775,-1.932001221691776,True,True,True,correct
sub-020,125,correct,1,448.6153278533498,-2.325708458042847,True,True,True,correct
sub-020,126,correct,1,400.4089131603499,1.3000664423149906,True,True,True,correct
sub-020,127,error,0,477.6691880277099,-3.373970308778364,False,True,True,error
sub-020,128,correct,1,494.814210169722,3.328101835782672,True,True,True,correct
sub-020,129,correct,1,492.2944564118355,1.4262075382563555,True,True,True,correct
sub-020,130,correct,1,486.13872938802376,4.201125314233622,True,True,True,correct
sub-020,131,correct,1,451.7693756939721,1.5702009589984054,True,True,True,correct
sub-020,132,correct,1,559.1846710715278,-2.2053565489907125,True,True,True,correct
sub-020,133,correct,1,331.98845875193183,-1.176693211897034,True,True,True,correct
sub-020,134,correct,1,593.4068110193415,2.3849640123569174,True,True,True,correct
sub-020,135,correct,1,439.40746485017024,-1.7947065016668566,True,True,True,correct
sub-020,136,correct,1,533.1021471044262,-1.0191868157169317,True,True,True,correct
sub-020,137,correct,1,430.95784730710886,0.1272234481933861,True,True,True,correct
sub-020,138,error,0,333.13579065805305,-2.921064811101616,False,True,True,error
sub-020,139,error,0,383.0056394382437,-2.2820929899212,False,True,True,error
sub-020,140,correct,1,428.1463252957823,1.8250897397551011,True,True,True,correct
sub-020,141,correct,1,478.3487384536079,-0.1280122251570637,True,True,True,correct
sub-020,142,correct,1,670.3141954509977,-1.8535590307740304,True,True,True,correct
sub-020,143,correct,1,433.9565074069042,-0.8049522758592094,True,True,True,correct
sub-020,144,correct,1,334.5629959036082,-4.720440386445852,True,True,True,correct
sub-020,145,correct,1,438.6596894675156,2.281267798047849,True,True,True,correct
sub-020,146,correct,1,468.0494180938353,-1.1515384821191903,True,True,True,correct
sub-020,147,correct,1,402.1360338779756,0.1202195191152751,True,True,True,correct
sub-020,148,correct,1,428.0835170723369,-3.0139528722280136,True,True,True,correct
sub-020,149,correct,1,484.1735817843827,-0.595728017009319,True,True,True,correct
sub-020,150,correct,1,490.0355905368732,0.1331888941725068,True,True,True,correct
sub-020,151,correct,1,484.5352675746844,2.3336931371366982,True,True,True,correct
sub-020,152,correct,1,411.1413794667352,0.9400226895716902,True,True,True,correct
sub-020,153,correct,1,427.5450310674486,-1.2342451155048482,True,True,True,correct
sub-020,154,correct,1,517.7302967752635,-0.9278546990556048,True,True,True,correct
sub-020,155,correct,1,405.7846218502882,0.2859943933766647,True,True,True,correct
sub-020,156,error,0,369.9372989935212,0.9324584552041616,False,True,True,error
sub-020,157,correct,1,543.5688679694667,-0.7898653982361025,True,True,True,correct
sub-020,158,error,0,439.8915141921472,-2.80092472938807,False,True,True,error
sub-020,159,correct,1,364.9380327806928,0.6352360043367099,True,True,True,correct
sub-020,160,correct,1,508.333586249508,-2.07783756170707,True,True,True,correct
sub-021,1,correct,1,367.2396185679649,-1.4633947045680262,True,True,True,correct
sub-021,2,correct,1,391.5917099927999,1.605409151828892,True,True,True,correct
sub-021,3,error,0,352.7191663726894,-1.952241684817111,False,True,True,error
sub-021,4,correct,1,499.58588390777606,-1.1140874668773546,True,True,True,correct
sub-021,5,correct,1,296.8004661671049,-3.590626077984207,True,True,True,correct
sub-021,6,correct,1,457.8381155668825,-2.8828021517293654,True,True,True,correct
sub-021,7,correct,1,441.4065802623143,-2.733346038691179,True,True,True,correct
sub-021,8,correct,1,471.4270106599368,0.4936306698682019,True,True,True,correct
sub-021,9,correct,1,559.1955563305484,-1.6454047027888512,True,True,True,correct
sub-021,10,correct,1,565.1788015614015,-3.139538388834745,True,True,True,correct
sub-021,11,correct,1,318.3955382526865,-1.3996674963446751,True,True,True,correct
sub-021,12,correct,1,498.7130009984166,2.4472274392355864,True,True,True,correct
sub-021,13,error,0,535.9117434765596,-5.751305283175896,False,True,True,error
sub-021,14,error,0,380.4536971104269,-2.6655308142137786,False,True,True,error
sub-021,15,correct,1,269.6089109411605,2.7766590670730844,True,True,True,correct
sub-021,16,correct,1,438.1587909576507,-1.696401714579051,True,True,True,correct
sub-021,17,correct,1,505.98459638318434,1.4857785980628098,True,True,True,correct
sub-021,18,correct,1,582.4638688910147,-0.2523841728755754,True,True,True,correct
sub-021,19,correct,1,407.634576537553,-2.348209354750367,True,True,True,correct
sub-021,20,correct,1,462.27666839510863,-4.076222735035777,True,True,True,correct
sub-021,21,correct,1,644.8446235674116,-2.121182307907868,True,True,True,correct
sub-021,22,correct,1,587.664754374405,2.621197310122988,True,True,True,correct
sub-021,23,correct,1,473.2996382796687,-2.002940234428473,True,True,True,correct
sub-021,24,correct,1,430.7180067398747,0.1675995079461462,True,True,True,correct
sub-021,25,correct,1,363.4919505477259,3.253323978162224,True,True,True,correct
sub-021,26,correct,1,329.9350879240961,0.9229975209305996,True,True,True,correct
sub-021,27,correct,1,400.62426033106766,2.533545410969169,True,True,True,correct
sub-021,28,correct,1,367.7428030477829,-0.315115714498741,True,True,True,correct
sub-021,29,correct,1,523.8098786293109,-0.8876438830467195,True,True,True,correct
sub-021,30,correct,1,476.17073881106427,-1.25342792402944,True,True,True,correct
sub-021,31,correct,1,343.53120911852125,0.3166702300679754,True,True,True,correct
sub-021,32,correct,1,394.1384321459234,0.9804689072233308,True,True,True,correct
sub-021,33,correct,1,514.1988780762998,2.231868345757916,True,True,True,correct
sub-021,34,correct,1,430.9103496538501,1.3922962485357124,True,True,True,correct
sub-021,35,correct,1,522.5545335605126,3.404010205308041,True,True,True,correct
sub-021,36,correct,1,390.135038906904,-0.8375683492616374,True,True,True,correct
sub-021,37,correct,1,551.5182072197865,-1.461553406409161,True,True,True,correct
sub-021,38,correct,1,383.1094041009968,2.8413449280117447,True,True,True,correct
sub-021,39,correct,1,506.48213322195807,2.6010516843006624,True,True,True,correct
sub-021,40,correct,1,565.6334638587824,-3.56577904456169,True,True,True,correct
sub-021,41,correct,1,373.898631986331,-0.4728792242127769,True,True,True,correct
sub-021,42,correct,1,474.1659323072501,-2.536317109945435,True,True,True,correct
sub-021,43,correct,1,454.7656984084911,0.8556137652764407,True,True,True,correct
sub-021,44,correct,1,486.2868794340056,-3.992021983468545,True,True,True,correct
sub-021,45,error,0,548.6187531198755,-2.637399559214435,False,True,True,error
sub-021,46,correct,1,513.1745913003786,3.5566723693749465,True,True,True,correct
sub-021,47,correct,1,471.96451309158107,1.8005774944823836,True,True,True,correct
sub-021,48,error,0,504.5207678416618,-2.591612545079044,False,True,True,error
sub-021,49,correct,1,431.1991365772124,0.1433183355591614,True,True,True,correct
sub-021,50,correct,1,442.9569077956226,0.395310647239521,True,True,True,correct
sub-021,51,correct,1,661.9302815814141,-2.9763515967402565,True,True,True,correct
sub-021,52,correct,1,534.7016175377407,4.079563176315158,True,True,True,correct
sub-021,53,correct,1,438.21493621603634,-0.588051587310858,True,True,True,correct
sub-021,54,correct,1,502.3759379919648,1.132274773854904,True,True,True,correct
sub-021,55,correct,1,415.5650993232557,-1.196834868961783,True,True,True,correct
sub-021,56,error,0,466.9285990802916,-4.447648935676337,False,True,True,error
sub-021,57,error,0,518.6227065344685,-3.442012724713852,False,True,True,error
sub-021,58,correct,1,428.3117653888057,-0.7067532929094376,True,True,True,correct
sub-021,59,correct,1,455.658120488168,2.0690353653493303,True,True,True,correct
sub-021,60,correct,1,479.6833890386491,0.0224602777049907,True,True,True,correct
sub-021,61,error,0,416.1381146845024,-4.512860561031274,False,True,True,error
sub-021,62,correct,1,501.2172273212983,-1.5605707990651303,True,True,True,correct
sub-021,63,correct,1,447.30478090122097,-1.161975523069947,True,True,True,correct
sub-021,64,correct,1,500.924919153228,0.0831075376030743,True,True,True,correct
sub-021,65,correct,1,465.3586522503166,-1.2374850627885208,True,True,True,correct
sub-021,66,correct,1,577.3545650096369,0.9473612835728724,True,True,True,correct
sub-021,67,error,0,357.728289863512,-2.624189853483,False,True,True,error
sub-021,68,correct,1,559.0236688756976,-4.120469887037232,True,True,True,correct
sub-021,69,correct,1,344.37306856957576,-0.1541166453183247,True,True,True,correct
sub-021,70,correct,1,405.3452246992856,-1.734916801253198,True,True,True,correct
sub-021,71,error,0,451.2453048195188,-1.0690745119071072,False,True,True,error
sub-021,72,correct,1,464.9425317022212,-2.408887643813096,True,True,True,correct
sub-021,73,correct,1,323.8405617673926,-1.0823318651895386,True,True,True,correct
sub-021,74,correct,1,572.0944530353919,-0.6193680127821448,True,True,True,correct
sub-021,75,error,0,470.2357120803995,-4.07173805118867,False,True,True,error
sub-021,76,correct,1,485.4429225180181,-3.901166657017626,True,True,True,correct
sub-021,77,correct,1,519.0307345404167,0.1290738024225767,True,True,True,correct
sub-021,78,correct,1,449.17180036363663,-0.8305327563730909,True,True,True,correct
sub-021,79,correct,1,438.3779464562617,1.3475385482530915,True,True,True,correct
sub-021,80,correct,1,458.15187741567433,1.3476738057998228,True,True,True,correct
sub-021,81,correct,1,237.380732866246,-1.1303210530903685,True,True,True,correct
sub-021,82,correct,1,523.5364946606102,-1.0351814094017442,True,True,True,correct
sub-021,83,correct,1,546.7040071823841,-0.3235728616826457,True,True,True,correct
sub-021,84,correct,1,480.10329432387846,-0.9653151899710553,True,True,True,correct
sub-021,85,correct,1,439.5391179423266,1.3712665904935788,True,True,True,correct
sub-021,86,correct,1,620.5768290973067,-1.3825197710522712,True,True,True,correct
sub-021,87,correct,1,361.2540331741486,-2.563017386903602,True,True,True,correct
sub-021,88,correct,1,375.028597347302,0.4151607176860868,True,True,True,correct
sub-021,89,correct,1,458.04077112362575,0.8336838816000224,True,True,True,correct
sub-021,90,correct,1,459.6655594526297,0.1349392754082534,True,True,True,correct
sub-021,91,correct,1,381.9675327112959,2.191176947022178,True,True,True,correct
sub-021,92,correct,1,477.9735815898612,2.4125830213225705,True,True,True,correct
sub-021,93,error,0,366.7300515973741,-0.8688818784253378,False,True,True,error
sub-021,94,correct,1,456.38672839606176,-2.973066196416512,True,True,True,correct
sub-021,95,correct,1,438.2210651567586,-1.2783612450015378,True,True,True,correct
sub-021,96,correct,1,361.5806294938696,-0.7612679562245414,True,True,True,correct
sub-021,97,correct,1,525.3017250245389,1.984483167334264,True,True,True,correct
sub-021,98,correct,1,500.5383281759201,-2.5938675497521806,True,True,True,correct
sub-021,99,correct,1,355.1988535030832,-0.3948114365380142,True,True,True,correct
sub-021,100,correct,1,510.7870222411871,-3.206864703026254,True,True,True,correct
sub-021,101,correct,1,478.863153538192,-0.3264207451722264,True,True,True,correct
sub-021,102,correct,1,466.3091741537029,-0.7602945365920131,True,True,True,correct
sub-021,103,error,0,357.87017328384707,-2.1666598090617346,False,True,True,error
sub-021,104,correct,1,484.2904229118057,-1.5803344617870003,True,True,True,correct
sub-021,105,correct,1,341.550431438328,-4.129871783185792,True,True,True,correct
sub-021,106,correct,1,510.0073831541068,-0.9844747663238492,True,True,True,correct
sub-021,107,correct,1,467.0233195556132,-2.0842555965158285,True,True,True,correct
sub-021,108,correct,1,545.7837627260012,-4.9738417048191685,True,True,True,correct
sub-021,109,correct,1,470.31683638247625,1.622398506673321,True,True,True,correct
sub-021,110,correct,1,497.1647770924552,-1.5161567017558777,True,True,True,correct
sub-021,111,correct,1,561.7495217686723,-2.479400688962979,True,True,True,correct
sub-021,112,correct,1,370.95841066273806,-1.701609536291801,True,True,True,correct
sub-021,113,correct,1,446.8573153802724,-1.7304496455028555,True,True,True,correct
sub-021,114,correct,1,492.3340299457191,-0.7280111880197104,True,True,True,correct
sub-021,115,correct,1,380.53267696832967,-2.8819546861491627,True,True,True,correct
sub-021,116,correct,1,447.6454667590761,-4.582624583516073,True,True,True,correct
sub-021,117,correct,1,456.5298830683611,2.312886627285023,True,True,True,correct
sub-021,118,correct,1,451.812716185925,-2.739678476389698,True,True,True,correct
sub-021,119,correct,1,532.1139480115698,-3.40593995107711,True,True,True,correct
sub-021,120,correct,1,414.8599385394126,1.154698823825124,True,True,True,correct
sub-021,121,correct,1,450.55000548925807,-2.614291514102573,True,True,True,correct
sub-021,122,correct,1,370.58542321666505,5.361130284060117,True,True,True,correct
sub-021,123,correct,1,478.4374808234359,-1.6454811306844173,True,True,True,correct
sub-021,124,correct,1,540.8230125459235,-1.0192157623428004,True,True,True,correct
sub-021,125,correct,1,526.2749070935693,-0.8816341536589929,True,True,True,correct
sub-021,126,correct,1,357.2173799008963,-1.1957504314763805,True,True,True,correct
sub-021,127,correct,1,558.4839110779568,0.1774556411450235,True,True,True,correct
sub-021,128,correct,1,496.47483876059937,0.5460164030411917,True,True,True,correct
sub-021,129,error,0,507.1093484883581,-3.4882540359777323,False,True,True,error
sub-021,130,correct,1,397.30569227292807,-2.269253147954982,True,True,True,correct
sub-021,131,correct,1,504.633731498811,2.1397041564304904,True,True,True,correct
sub-021,132,correct,1,501.9148045681161,0.7469134125232048,True,True,True,correct
sub-021,133,correct,1,528.6937890705359,1.6876126023441018,True,True,True,correct
sub-021,134,error,0,345.7301894094797,-0.3626917473257305,False,True,True,error
sub-021,135,error,0,486.7291967848648,-1.5059745481150104,False,True,True,error
sub-021,136,correct,1,486.7839373612923,3.2986464263809068,True,True,True,correct
sub-021,137,correct,1,533.6952918039387,2.136118830629247,True,True,True,correct
sub-021,138,correct,1,419.4354173641835,-0.917528858166013,True,True,True,correct
sub-021,139,correct,1,441.06699387645415,-1.327593017917038,True,True,True,correct
sub-021,140,correct,1,468.6920595101317,-2.2648824804129783,True,True,True,correct
sub-021,141,correct,1,461.6573709509822,-0.4682910317759217,True,True,True,correct
sub-021,142,correct,1,455.2622464273186,-1.5003516691424164,True,True,True,correct
sub-021,143,correct,1,292.29573631736326,-0.2962879892422232,True,True,True,correct
sub-021,144,error,0,297.677955464309,-2.7615436976424235,False,True,True,error
sub-021,145,correct,1,357.9164631430229,-0.0474687004364952,True,True,True,correct
sub-021,146,error,0,485.78067119294167,1.1743906230000447,False,True,True,error
sub-021,147,correct,1,418.2218448611497,-5.292395520965406,True,True,True,correct
sub-021,148,correct,1,435.15077850355175,-0.3389483014711475,True,True,True,correct
sub-021,149,correct,1,483.300621730189,1.0778518066482654,True,True,True,correct
sub-021,150,correct,1,468.9456769620113,-0.6003701360258467,True,True,True,correct
sub-021,151,error,0,348.85121767810205,-4.568650700248108,False,True,True,error
sub-021,152,error,0,427.7185287432101,0.095791151334351,False,True,True,error
sub-021,153,correct,1,446.9587158651633,-1.201016982752431,True,True,True,correct
sub-021,154,correct,1,432.443415635892,3.7462556962974265,True,True,True,correct
sub-021,155,correct,1,368.0923192243378,1.9578826152045363,True,True,True,correct
sub-021,156,correct,1,552.4358395378501,2.570902935092965,True,True,True,correct
sub-021,157,error,0,263.7254131878093,-6.982543465099626,False,True,True,error
sub-021,158,correct,1,615.2341883713245,-3.6676378632554223,True,True,True,correct
sub-021,159,error,0,419.4529567585388,-1.6635866710983724,False,True,True,error
sub-021,160,correct,1,392.7677046673704,0.8842914230380775,True,True,True,correct
sub-022,1,correct,1,523.9683798163445,-2.994964956419148,True,True,True,correct
sub-022,2,correct,1,444.4013833962197,-3.786572869241208,True,True,True,correct
sub-022,3,error,0,394.4935511017544,-2.385758361563299,False,True,True,error
sub-022,4,error,0,472.34516852960616,-4.253215604239845,False,True,True,error
sub-022,5,correct,1,381.0753000082791,2.066103334331638,True,True,True,correct
sub-022,6,correct,1,398.27364509402895,-3.9099792607265584,True,True,True,correct
sub-022,7,correct,1,584.1976279206931,-2.3448028631593845,True,True,True,correct
sub-022,8,correct,1,436.3949015474356,0.181428047020579,True,True,True,correct
sub-022,9,error,0,341.4232812241462,-1.945145195357508,False,True,True,error
sub-022,10,correct,1,400.3293661350987,1.993859577798334,True,True,True,correct
sub-022,11,correct,1,335.85892737915606,1.466781175910974,True,True,True,correct
sub-022,12,error,0,491.7409145507301,-3.95776967239613,False,True,True,error
sub-022,13,correct,1,499.86656392654,0.4115039646530127,True,True,True,correct
sub-022,14,correct,1,431.6720611022948,0.1500007800811832,True,True,True,correct
sub-022,15,error,0,528.9701714737225,-0.6056901979388005,False,True,True,error
sub-022,16,error,0,429.8574691584527,-5.267811779625474,False,True,True,error
sub-022,17,correct,1,533.5646855993407,0.1933431621114454,True,True,True,correct
sub-022,18,error,0,459.2894299369688,-1.4205452839139203,False,True,True,error
sub-022,19,correct,1,360.32841126097736,-1.3581144779595489,True,True,True,correct
sub-022,20,correct,1,379.6138732936096,1.2923546445672889,True,True,True,correct
sub-022,21,correct,1,535.4835168944694,1.118825633278147,True,True,True,correct
sub-022,22,correct,1,419.0573805620208,-0.7910583386337395,True,True,True,correct
sub-022,23,correct,1,330.6271322576888,1.0810929867238837,True,True,True,correct
sub-022,24,correct,1,386.5680525953585,2.4563816606102966,True,True,True,correct
sub-022,25,error,0,421.5171340470032,-2.978533772261537,False,True,True,error
sub-022,26,correct,1,546.7682271027882,0.2572240218416818,True,True,True,correct
sub-022,27,correct,1,581.9089140033033,-2.914261778242808,True,True,True,correct
sub-022,28,correct,1,477.42612818134046,-0.277622584096602,True,True,True,correct
sub-022,29,correct,1,456.0021452716746,0.0723552961502494,True,True,True,correct
sub-022,30,correct,1,599.8576584951659,2.0045498966998645,True,True,True,correct
sub-022,31,error,0,391.48672937154106,-4.0529816962011775,False,True,True,error
sub-022,32,correct,1,377.3839592718656,-0.4487655897381917,True,True,True,correct
sub-022,33,error,0,336.4859988816418,-1.6905035321974655,False,True,True,error
sub-022,34,correct,1,530.0982858120171,0.7589960865742698,True,True,True,correct
sub-022,35,correct,1,576.2959999881558,-3.807267468386942,True,True,True,correct
sub-022,36,correct,1,655.5117726590331,-2.875792405273618,True,True,True,correct
sub-022,37,correct,1,509.69567902155177,-2.633561439436196,True,True,True,correct
sub-022,38,correct,1,593.3783172908935,0.5342020197255228,True,True,True,correct
sub-022,39,correct,1,508.2044336131693,-0.4934491015938197,True,True,True,correct
sub-022,40,correct,1,452.1188778145142,-1.4552859140265753,True,True,True,correct
sub-022,41,correct,1,412.0884488494151,-1.496107410516344,True,True,True,correct
sub-022,42,correct,1,613.0855871765788,3.1026579694063727,True,True,True,correct
sub-022,43,correct,1,576.2334124273655,-4.094056825482158,True,True,True,correct
sub-022,44,correct,1,324.5275126541273,-2.856224438543552,True,True,True,correct
sub-022,45,correct,1,440.5332095481004,0.1292158506067756,True,True,True,correct
sub-022,46,error,0,389.2374315826098,-5.198640416048504,False,True,True,error
sub-022,47,correct,1,487.1358781979603,-1.9305046312598155,True,True,True,correct
sub-022,48,error,0,339.633874231249,-5.662232120113038,False,True,True,error
sub-022,49,correct,1,425.03728477282993,-2.3558556761897256,True,True,True,correct
sub-022,50,error,0,461.1985351058937,-2.1051500110405774,False,True,True,error
sub-022,51,correct,1,440.61800883047954,1.726103821712911,True,True,True,correct
sub-022,52,correct,1,563.4143093939384,-1.0372030039765978,True,True,True,correct
sub-022,53,correct,1,437.3184995515728,-2.9212888756496733,True,True,True,correct
sub-022,54,error,0,333.58720327358134,-5.338534377461478,False,True,True,error
sub-022,55,correct,1,552.0394893496607,0.3645718415598314,True,True,True,correct
sub-022,56,error,0,449.1237663308602,-5.723459942003213,False,True,True,error
sub-022,57,correct,1,502.5184322935396,3.3464190621692405,True,True,True,correct
sub-022,58,correct,1,586.4565625270828,-2.949958485732383,True,True,True,correct
sub-022,59,correct,1,431.3895614501214,-3.459034638795881,True,True,True,correct
sub-022,60,error,0,528.9141851592307,-1.8600928333026865,False,True,True,error
sub-022,61,correct,1,363.82974972355913,2.372926024481708,True,True,True,correct
sub-022,62,error,0,475.27195805998286,-4.110380799376194,False,True,True,error
sub-022,63,correct,1,391.7861377688759,2.5324515512710493,True,True,True,correct
sub-022,64,correct,1,538.7812464668337,2.5952840698605915,True,True,True,correct
sub-022,65,correct,1,327.5650008135113,-4.3924023592699,True,True,True,correct
sub-022,66,correct,1,514.2024118386686,-1.4175996417847851,True,True,True,correct
sub-022,67,correct,1,438.0562467913676,-3.2371403407699715,True,True,True,correct
sub-022,68,correct,1,385.9252942729409,-1.0388636997272638,True,True,True,correct
sub-022,69,correct,1,527.6470289983404,0.343398708904988,True,True,True,correct
sub-022,70,correct,1,339.760600384442,-3.3005791314818955,True,True,True,correct
sub-022,71,correct,1,441.2133268219566,-0.9316658293761548,True,True,True,correct
sub-022,72,error,0,407.4579532740639,-2.8305730611304747,False,True,True,error
sub-022,73,error,0,304.6297177019987,-4.297166285376727,False,True,True,error
sub-022,74,correct,1,623.9685096124878,0.6347076958968056,True,True,True,correct
sub-022,75,correct,1,437.90003064629855,-0.9587637419673152,True,True,True,correct
sub-022,76,correct,1,582.7167878028881,1.205520178215444,True,True,True,correct
sub-022,77,correct,1,606.9307758526681,0.787343132811305,True,True,True,correct
sub-022,78,correct,1,469.3438128755992,3.6362193388214985,True,True,True,correct
sub-022,79,correct,1,533.3627115712043,-0.3765769566629087,True,True,True,correct
sub-022,80,correct,1,420.7770462937918,-3.34023105750461,True,True,True,correct
sub-022,81,correct,1,437.9501557916191,-0.483354273501118,True,True,True,correct
sub-022,82,correct,1,606.0292409928261,-0.4951840721977958,True,True,True,correct
sub-022,83,correct,1,425.570808994574,-3.699064366157245,True,True,True,correct
sub-022,84,correct,1,442.8151351024398,-1.5884271267311352,True,True,True,correct
sub-022,85,correct,1,475.01588134005146,0.4498268960221523,True,True,True,correct
sub-022,86,error,0,545.184622364921,0.0059239565328947,False,True,True,error
sub-022,87,error,0,379.1884993119908,-1.3169976973551918,False,True,True,error
sub-022,88,correct,1,525.4260665679029,-3.688190420941377,True,True,True,correct
sub-022,89,correct,1,473.6067615698611,-0.9989409237548292,True,True,True,correct
sub-022,90,correct,1,489.6999135085228,-0.6047863776132767,True,True,True,correct
sub-022,91,correct,1,316.4976017697601,1.377708229656247,True,True,True,correct
sub-022,92,correct,1,559.7444154105564,-3.021929071247228,True,True,True,correct
sub-022,93,correct,1,565.3059468821457,-1.8953556167884285,True,True,True,correct
sub-022,94,correct,1,555.5109444429113,0.4328614196504421,True,True,True,correct
sub-022,95,error,0,412.3630978415426,-3.9685903553141726,False,True,True,error
sub-022,96,error,0,381.3599216070286,-3.555008373292133,False,True,True,error
sub-022,97,error,0,372.5453810172849,-4.163977685496163,False,True,True,error
sub-022,98,error,0,458.729418922569,-4.205800269634048,False,True,True,error
sub-022,99,error,0,361.5595956177963,-1.2302160431525002,False,True,True,error
sub-022,100,correct,1,421.0962242842103,1.5308294559907607,True,True,True,correct
sub-022,101,correct,1,437.4906316537702,-2.075579120238865,True,True,True,correct
sub-022,102,correct,1,577.0086499407078,0.0565242583105136,True,True,True,correct
sub-022,103,correct,1,405.7223497251134,-0.6483491049435103,True,True,True,correct
sub-022,104,error,0,485.72143453430783,-0.4815660861814059,False,True,True,error
sub-022,105,correct,1,526.9652348153068,-0.3130874116004634,True,True,True,correct
sub-022,106,correct,1,424.0743035269734,-3.730823560257652,True,True,True,correct
sub-022,107,correct,1,516.2718760294475,-5.189621298914445,True,True,True,correct
sub-022,108,correct,1,516.0460028006996,-2.61807977205709,True,True,True,correct
sub-022,109,correct,1,478.86805656920416,-3.088074632825044,True,True,True,correct
sub-022,110,correct,1,453.6578019394114,-2.385827240325709,True,True,True,correct
sub-022,111,correct,1,543.6040878074726,0.7490699207838247,True,True,True,correct
sub-022,112,correct,1,578.247009011057,-0.1775491198617727,True,True,True,correct
sub-022,113,correct,1,453.0366928277011,0.1599733007459072,True,True,True,correct
sub-022,114,correct,1,568.9035511588137,2.930735335509244,True,True,True,correct
sub-022,115,correct,1,514.4510687116131,-2.880804411193276,True,True,True,correct
sub-022,116,correct,1,513.8338701016901,2.3281672995700715,True,True,True,correct
sub-022,117,error,0,460.403942214802,-5.578606767382533,False,True,True,error
sub-022,118,correct,1,560.0766830688998,-0.523640012742841,True,True,True,correct
sub-022,119,correct,1,416.4996745498578,-3.3513355440926595,True,True,True,correct
sub-022,120,correct,1,377.40819257297966,2.7590033062084647,True,True,True,correct
sub-022,121,correct,1,508.4046360132636,-2.7753797715967785,True,True,True,correct
sub-022,122,correct,1,460.1454983937562,-0.4905500003911544,True,True,True,correct
sub-022,123,correct,1,428.77994978689753,0.0354901629294429,True,True,True,correct
sub-022,124,error,0,546.0666238686176,-1.971504620922849,False,True,True,error
sub-022,125,correct,1,388.6736155264941,-0.9185627678147492,True,True,True,correct
sub-022,126,correct,1,386.7156022050398,-2.267600504504396,True,True,True,correct
sub-022,127,correct,1,445.29712893490046,2.779620596270231,True,True,True,correct
sub-022,128,error,0,562.7763900706086,-3.911081343455257,False,True,True,error
sub-022,129,correct,1,532.4430846892383,0.2873989757534945,True,True,True,correct
sub-022,130,correct,1,462.19857716296,1.176666601764517,True,True,True,correct
sub-022,131,correct,1,455.35127742049735,1.095224217089822,True,True,True,correct
sub-022,132,correct,1,580.5281670446705,-1.0124219107053003,True,True,True,correct
sub-022,133,correct,1,427.0210151190414,1.769876547479312,True,True,True,correct
sub-022,134,correct,1,512.7602014800582,-2.6473606778684173,True,True,True,correct
sub-022,135,correct,1,467.47340271591656,4.550966003039696,True,True,True,correct
sub-022,136,correct,1,391.2451532306056,-0.3511935410138262,True,True,True,correct
sub-022,137,correct,1,405.5721700255977,-2.527535082237008,True,True,True,correct
sub-022,138,correct,1,391.6816363613376,-0.5342892255564965,True,True,True,correct
sub-022,139,correct,1,493.8720253142506,-2.893118712610459,True,True,True,correct
sub-022,140,correct,1,411.1328399589601,0.398731161715625,True,True,True,correct
sub-022,141,correct,1,571.9615493342453,-0.5228545334404214,True,True,True,correct
sub-022,142,correct,1,543.2856904654705,-0.4407978143369017,True,True,True,correct
sub-022,143,correct,1,364.8384433965736,-3.610417718759668,True,True,True,correct
sub-022,144,correct,1,537.6581792495155,0.9347684808951944,True,True,True,correct
sub-022,145,correct,1,489.8393122948836,-5.361226808066594,True,True,True,correct
sub-022,146,correct,1,506.120947363548,-1.2782352490081923,True,True,True,correct
sub-022,147,correct,1,391.7931883741153,-4.831271116807174,True,True,True,correct
sub-022,148,correct,1,554.2685594905862,0.9742042170309912,True,True,True,correct
sub-022,149,correct,1,440.7195403687641,-0.3019063551699754,True,True,True,correct
sub-022,150,correct,1,536.6420330360977,1.68456803236908,True,True,True,correct
sub-022,151,correct,1,416.3859156844241,-1.45451606957654,True,True,True,correct
sub-022,152,correct,1,494.4568593662135,-0.7101179296779642,True,True,True,correct
sub-022,153,correct,1,399.2725080681277,0.1317619744707514,True,True,True,correct
sub-022,154,correct,1,520.2508269891468,2.292912247813809,True,True,True,correct
sub-022,155,correct,1,544.8563708672415,2.1134883066480006,True,True,True,correct
sub-022,156,correct,1,498.1493702692459,1.9052854522819205,True,True,True,correct
sub-022,157,correct,1,419.2246265820833,2.686690858661401,True,True,True,correct
sub-022,158,correct,1,466.6987966478582,-2.249156692087808,True,True,True,correct
sub-022,159,correct,1,405.058549588345,-4.040225727809141,True,True,True,correct
sub-022,160,correct,1,423.1009949945226,0.4213489575862068,True,True,True,correct
sub-023,1,correct,1,479.04776661025977,-1.7434310280375471,True,True,True,correct
sub-023,2,correct,1,528.1147811685362,-2.0959386776340727,True,True,True,correct
sub-023,3,error,0,330.9598458503009,-1.3273998072261268,False,True,True,error
sub-023,4,correct,1,467.1808867270781,-1.3737680471720004,True,True,True,correct
sub-023,5,correct,1,432.59743962606575,-2.6472653679577425,True,True,True,correct
sub-023,6,error,0,471.957214119598,-0.1576706206210496,False,True,True,error
sub-023,7,correct,1,504.8722300053239,-2.3541357766109923,True,True,True,correct
sub-023,8,correct,1,656.2904155594736,-1.0042406696040216,True,True,True,correct
sub-023,9,correct,1,236.8769804031388,0.5323128888945179,True,True,True,correct
sub-023,10,correct,1,456.4868910459088,0.5908299324866859,True,True,True,correct
sub-023,11,correct,1,607.3939434739943,-2.7419664557538552,True,True,True,correct
sub-023,12,correct,1,282.7063989674782,-1.0657879748377124,True,True,True,correct
sub-023,13,error,0,441.2111979769526,-1.6697532874798942,False,True,True,error
sub-023,14,correct,1,381.2699671993926,-0.6544239874529358,True,True,True,correct
sub-023,15,correct,1,524.0809543882618,-0.0736267790613522,True,True,True,correct
sub-023,16,correct,1,528.8800388026359,-2.4440995178487563,True,True,True,correct
sub-023,17,correct,1,589.2896953486957,-0.7046185226794589,True,True,True,correct
sub-023,18,correct,1,457.8159722164766,1.641862203648869,True,True,True,correct
sub-023,19,correct,1,515.1870666014686,-3.294207644277779,True,True,True,correct
sub-023,20,error,0,383.33802940105153,0.2597675048775782,False,True,True,error
sub-023,21,correct,1,455.8072043096695,0.1323249410007001,True,True,True,correct
sub-023,22,correct,1,494.2376028882208,0.8699087234313052,True,True,True,correct
sub-023,23,error,0,475.53707582640567,-3.245982187569576,False,True,True,error
sub-023,24,correct,1,508.8939034600235,1.754669904586902,True,True,True,correct
sub-023,25,correct,1,498.6155170644112,-1.320628232781433,True,True,True,correct
sub-023,26,error,0,496.2567998539208,-2.935489368918229,False,True,True,error
sub-023,27,correct,1,445.60552928919486,1.1995469722927738,True,True,True,correct
sub-023,28,error,0,452.7856372211305,-1.6525800302812017,False,True,True,error
sub-023,29,correct,1,579.9258712366261,1.6265499218730266,True,True,True,correct
sub-023,30,correct,1,528.4906519459931,-2.780950097402768,True,True,True,correct
sub-023,31,error,0,465.546918047332,-3.3760248857348354,False,True,True,error
sub-023,32,error,0,302.22962172440015,-2.8304866750231694,False,True,True,error
sub-023,33,error,0,331.02830799136524,0.0649266338773477,False,True,True,error
sub-023,34,correct,1,630.20403281343,0.1287992267496187,True,True,True,correct
sub-023,35,correct,1,558.4113352081782,-0.3886845281127881,True,True,True,correct
sub-023,36,correct,1,490.4809246010269,-2.513868745357753,True,True,True,correct
sub-023,37,correct,1,307.3207719075493,-2.6826309317893733,True,True,True,correct
sub-023,38,correct,1,290.8588482462276,0.6132715402261075,True,True,True,correct
sub-023,39,correct,1,511.5080967818559,-2.185113820888133,True,True,True,correct
sub-023,40,error,0,605.0400785538885,-4.013439214305109,False,True,True,error
sub-023,41,correct,1,514.0537595254445,1.107087609662746,True,True,True,correct
sub-023,42,error,0,328.38555677772047,3.583214693550606,False,True,True,error
sub-023,43,correct,1,459.6636999524045,-1.2420509951231162,True,True,True,correct
sub-023,44,correct,1,459.26908931765104,-4.8720833826809855,True,True,True,correct
sub-023,45,correct,1,506.5705491007385,0.0625422403380239,True,True,True,correct
sub-023,46,error,0,610.7986285719289,2.1693796508733447,False,True,True,error
sub-023,47,correct,1,520.435627354316,1.499373463081754,True,True,True,correct
sub-023,48,correct,1,576.8237032269851,0.3036431401796114,True,True,True,correct
sub-023,49,correct,1,325.6741340789122,-0.749497958509798,True,True,True,correct
sub-023,50,correct,1,422.14090133085415,1.6631563207639095,True,True,True,correct
sub-023,51,error,0,411.5634824280041,4.1285473097588286,False,True,True,error
sub-023,52,error,0,445.9799886657161,-0.93329431738367,False,True,True,error
sub-023,53,correct,1,473.95065774100806,2.364748003895826,True,True,True,correct
sub-023,54,correct,1,356.98835970240253,-0.2068643573804623,True,True,True,correct
sub-023,55,correct,1,436.4726111783149,-1.7649387187342511,True,True,True,correct
sub-023,56,correct,1,457.276234559022,4.006624070557137,True,True,True,correct
sub-023,57,correct,1,513.8071446085124,-2.6493076099829618,True,True,True,correct
sub-023,58,error,0,422.4873314621233,1.0018176879468783,False,True,True,error
sub-023,59,correct,1,444.0249397537636,-0.6909143678872632,True,True,True,correct
sub-023,60,correct,1,561.3413727395462,-0.9823515569265896,True,True,True,correct
sub-023,61,correct,1,398.6247787452081,-2.1547404760298576,True,True,True,correct
sub-023,62,error,0,425.8969085783476,-0.9432009324889156,False,True,True,error
sub-023,63,correct,1,455.25524745994136,-1.3866744259703647,True,True,True,correct
sub-023,64,correct,1,310.9845149359727,-3.5892310105654404,True,True,True,correct
sub-023,65,correct,1,570.1615764516813,3.078409735172185,True,True,True,correct
sub-023,66,correct,1,442.2935213361035,-2.2426078597688,True,True,True,correct
sub-023,67,correct,1,499.9882401403663,0.2689299168237797,True,True,True,correct
sub-023,68,correct,1,490.4647876049594,-2.363403561837343,True,True,True,correct
sub-023,69,correct,1,590.5923499213718,1.0666664683049405,True,True,True,correct
sub-023,70,correct,1,491.4848990980177,-2.4666700333541565,True,True,True,correct
sub-023,71,correct,1,366.66035470471,-4.688034215690696,True,True,True,correct
sub-023,72,error,0,431.9548095419111,1.1024179375731311,False,True,True,error
sub-023,73,error,0,610.9088543157568,0.1605427898997917,False,True,True,error
sub-023,74,error,0,427.17840468837767,2.2061854637781493,False,True,True,error
sub-023,75,correct,1,483.2202061631336,-0.6512327785359906,True,True,True,correct
sub-023,76,correct,1,444.9328650533757,2.1100641898491284,True,True,True,correct
sub-023,77,correct,1,538.4885383113468,-3.5703190463277514,True,True,True,correct
sub-023,78,correct,1,459.9082255783354,-1.6652113231822114,True,True,True,correct
sub-023,79,correct,1,449.7743180481195,-0.907868829748912,True,True,True,correct
sub-023,80,correct,1,440.3223645704273,-1.7382663185512008,True,True,True,correct
sub-023,81,correct,1,530.7326581049984,-1.2112018661885768,True,True,True,correct
sub-023,82,correct,1,416.9856458380439,-0.8682017479039669,True,True,True,correct
sub-023,83,error,0,518.6997827362106,-2.957427849484877,False,True,True,error
sub-023,84,correct,1,503.4029702095406,0.4652579623803214,True,True,True,correct
sub-023,85,correct,1,456.5483920172129,-1.3737123479075477,True,True,True,correct
sub-023,86,correct,1,512.8236247695083,-0.3448393256805906,True,True,True,correct
sub-023,87,correct,1,378.6393655954471,-3.3448456864538376,True,True,True,correct
sub-023,88,correct,1,466.7778846267199,-0.5251996058439604,True,True,True,correct
sub-023,89,correct,1,617.2802323058696,-0.9661511620227012,True,True,True,correct
sub-023,90,correct,1,319.4536717081353,-2.7070754442678666,True,True,True,correct
sub-023,91,correct,1,492.8959188886296,-4.487413426297436,True,True,True,correct
sub-023,92,correct,1,434.8991527125596,-2.4802596204700853,True,True,True,correct
sub-023,93,correct,1,504.3777124912143,1.2878750253603597,True,True,True,correct
sub-023,94,correct,1,447.7596203930179,0.2180975748825204,True,True,True,correct
sub-023,95,correct,1,489.2375034274926,1.2851236074234893,True,True,True,correct
sub-023,96,correct,1,515.6363568840944,1.5823063646973536,True,True,True,correct
sub-023,97,error,0,354.3402599206331,-1.6368559800650924,False,True,True,error
sub-023,98,error,0,376.8941643450588,1.5175554659264128,False,True,True,error
sub-023,99,correct,1,454.5509811246768,1.1112928182732444,True,True,True,correct
sub-023,100,correct,1,498.7698144553685,-1.184429409023121,True,True,True,correct
sub-023,101,correct,1,662.8044063206124,-1.1293300577788763,True,True,True,correct
sub-023,102,correct,1,555.5943155130946,0.4282064457924066,True,True,True,correct
sub-023,103,correct,1,576.4864176922515,-5.738296823061564,True,True,True,correct
sub-023,104,correct,1,596.4682834343299,-4.110227078482952,True,True,True,correct
sub-023,105,correct,1,483.9396232969585,-1.667072412454489,True,True,True,correct
sub-023,106,error,0,392.4214963186856,-1.2425451754968748,False,True,True,error
sub-023,107,correct,1,432.8039391927785,-0.580538062598041,True,True,True,correct
sub-023,108,correct,1,453.2249448437026,-3.3510641195121824,True,True,True,correct
sub-023,109,correct,1,528.2941692722743,-2.980179833948601,True,True,True,correct
sub-023,110,correct,1,525.7742733847242,-2.394035823146791,True,True,True,correct
sub-023,111,correct,1,519.851925215616,-4.0476398075631765,True,True,True,correct
sub-023,112,correct,1,416.6021259497153,-0.517841583815871,True,True,True,correct
sub-023,113,correct,1,385.01844661656594,-0.3197235821340177,True,True,True,correct
sub-023,114,correct,1,421.8105234871072,-0.0368780504657644,True,True,True,correct
sub-023,115,correct,1,551.28722360482,-2.787887902870702,True,True,True,correct
sub-023,116,correct,1,414.9286273990992,-1.5220842274592976,True,True,True,correct
sub-023,117,correct,1,368.4858451676397,-1.0849607247162252,True,True,True,correct
sub-023,118,correct,1,484.5536608810522,1.3885461964137815,True,True,True,correct
sub-023,119,correct,1,405.66530673937285,-3.243649961009538,True,True,True,correct
sub-023,120,correct,1,319.79956708100747,1.2517428339994026,True,True,True,correct
sub-023,121,error,0,478.74673021726215,-5.313466178440956,False,True,True,error
sub-023,122,correct,1,592.0465805093206,-2.497413545532419,True,True,True,correct
sub-023,123,error,0,275.48657621514417,-1.931976184782931,False,True,True,error
sub-023,124,correct,1,523.8995734558282,-0.2121971148807428,True,True,True,correct
sub-023,125,correct,1,481.98191044823056,-3.4761237929066,True,True,True,correct
sub-023,126,correct,1,390.4090144375864,-0.2833151104725075,True,True,True,correct
sub-023,127,error,0,536.4708370627737,-3.2452320463382485,False,True,True,error
sub-023,128,correct,1,452.1665007049714,-3.3146441074789816,True,True,True,correct
sub-023,129,correct,1,440.8842049282669,1.7236009778963348,True,True,True,correct
sub-023,130,correct,1,441.344651946695,-1.331677443066913,True,True,True,correct
sub-023,131,error,0,464.899680433068,-3.4446274842767592,False,True,True,error
sub-023,132,correct,1,225.47825499345063,1.0359288147097885,True,True,True,correct
sub-023,133,correct,1,439.49052046795055,0.4902875220642078,True,True,True,correct
sub-023,134,correct,1,597.3394171429628,0.1574509029573688,True,True,True,correct
sub-023,135,correct,1,391.1338786786663,1.950549832596024,True,True,True,correct
sub-023,136,correct,1,570.2483920319509,-0.6618129310411439,True,True,True,correct
sub-023,137,correct,1,468.10876511004295,-2.9011865767393354,True,True,True,correct
sub-023,138,correct,1,601.0953507569425,-2.166985934837577,True,True,True,correct
sub-023,139,correct,1,559.9678775935806,0.2638690948601453,True,True,True,correct
sub-023,140,correct,1,493.2814025417096,2.477307111521539,True,True,True,correct
sub-023,141,correct,1,393.613751315985,-0.5555803513200792,True,True,True,correct
sub-023,142,correct,1,752.6430541239456,-0.2328035562932064,True,True,True,correct
sub-023,143,correct,1,558.8522158069175,0.5904420819431526,True,True,True,correct
sub-023,144,correct,1,394.4551480593029,-2.90133311358724,True,True,True,correct
sub-023,145,error,0,450.1421876091691,-2.375894972452953,False,True,True,error
sub-023,146,correct,1,477.9704515565082,-2.4732758842742117,True,True,True,correct
sub-023,147,correct,1,585.2179128537057,-1.7823750756130925,True,True,True,correct
sub-023,148,correct,1,573.6908611835906,1.666206394545557,True,True,True,correct
sub-023,149,correct,1,419.9242846280281,3.18994599476882,True,True,True,correct
sub-023,150,correct,1,457.8313045876762,-2.500143498064112,True,True,True,correct
sub-023,151,error,0,486.079285058413,-1.6780467444601994,False,True,True,error
sub-023,152,correct,1,414.07292467359576,-0.0236839227292656,True,True,True,correct
sub-023,153,correct,1,514.5739804626008,2.198301902759618,True,True,True,correct
sub-023,154,correct,1,451.6832923828362,-0.7152063616972524,True,True,True,correct
sub-023,155,correct,1,541.2116866530877,0.7802767717286034,True,True,True,correct
sub-023,156,correct,1,441.3564493346262,-2.5921004134582137,True,True,True,correct
sub-023,157,correct,1,508.52984313600746,2.0046808649198637,True,True,True,correct
sub-023,158,correct,1,440.4015158084859,0.3971900791964695,True,True,True,correct
sub-023,159,correct,1,349.69102726428883,0.0676921360370713,True,True,True,correct
sub-023,160,error,0,553.244488102252,-3.6487934078654938,False,True,True,error
sub-024,1,correct,1,435.5764016613888,-0.7170579603469684,True,True,True,correct
sub-024,2,error,0,350.64856861705164,-1.86339356061646,False,True,True,error
sub-024,3,correct,1,588.0997705302805,-1.8221588204590933,True,True,True,correct
sub-024,4,error,0,418.0605615212481,0.4049248313641109,False,True,True,error
sub-024,5,correct,1,589.2190507652007,-0.2480615939006983,True,True,True,correct
sub-024,6,correct,1,544.8427951689494,-0.9266250360532222,True,True,True,correct
sub-024,7,correct,1,357.03568310161046,-1.5605137210732447,True,True,True,correct
sub-024,8,error,0,294.51449567048,-2.556841683295775,False,True,True,error
sub-024,9,correct,1,425.1466073683719,-2.178648994042065,True,True,True,correct
sub-024,10,error,0,502.7727594418853,-0.1660322998046328,False,True,True,error
sub-024,11,correct,1,527.0877430465649,-0.6771286289242385,True,True,True,correct
sub-024,12,correct,1,410.4503417190741,-0.4630725710357025,True,True,True,correct
sub-024,13,correct,1,540.901510047825,-1.2350635373381982,True,True,True,correct
sub-024,14,correct,1,598.6586866003073,-0.0763757223272091,True,True,True,correct
sub-024,15,correct,1,450.1976600765775,1.543343967248459,True,True,True,correct
sub-024,16,error,0,365.53923140178233,0.4149051485806254,False,True,True,error
sub-024,17,correct,1,353.39609169626794,-2.124201331381811,True,True,True,correct
sub-024,18,correct,1,341.72797633886944,-2.665478105664718,True,True,True,correct
sub-024,19,correct,1,323.76952133106414,0.1286460361654172,True,True,True,correct
sub-024,20,correct,1,465.2895009116347,1.0872131737463144,True,True,True,correct
sub-024,21,correct,1,366.2288470515323,-1.427440242189285,True,True,True,correct
sub-024,22,correct,1,488.57516864072767,2.46296848778696,True,True,True,correct
sub-024,23,correct,1,426.5127346984463,2.0007343440696665,True,True,True,correct
sub-024,24,error,0,486.64571601557424,-0.7949588578975482,False,True,True,error
sub-024,25,correct,1,376.2803592686125,3.2027643243960284,True,True,True,correct
sub-024,26,error,0,405.6938156082635,-2.303775201459654,False,True,True,error
sub-024,27,correct,1,456.0254505534027,2.5654785002309834,True,True,True,correct
sub-024,28,error,0,360.9052778408987,-3.17603755222934,False,True,True,error
sub-024,29,error,0,466.3077159273656,-4.8178642712443205,False,True,True,error
sub-024,30,correct,1,511.480202726234,-2.4216975772827323,True,True,True,correct
sub-024,31,correct,1,428.33354586790415,1.9062849835563311,True,True,True,correct
sub-024,32,correct,1,340.6196302314813,0.3673946061471884,True,True,True,correct
sub-024,33,correct,1,403.5578304636418,-3.1335768422541364,True,True,True,correct
sub-024,34,correct,1,429.93600012709175,-0.1570822080124748,True,True,True,correct
sub-024,35,correct,1,518.5431808394525,-0.930048731218646,True,True,True,correct
sub-024,36,correct,1,505.7252543603631,-2.017204608841827,True,True,True,correct
sub-024,37,error,0,327.0171386484346,-0.0122032370475286,False,True,True,error
sub-024,38,correct,1,634.8539400592658,-4.284186802626848,True,True,True,correct
sub-024,39,correct,1,507.1395619135437,0.9001542098716324,True,True,True,correct
sub-024,40,correct,1,446.0426509299452,0.6908976245874203,True,True,True,correct
sub-024,41,correct,1,541.4128520435603,-0.6511523989053191,True,True,True,correct
sub-024,42,correct,1,594.6492213041693,1.2773742958930507,True,True,True,correct
sub-024,43,correct,1,590.9702014925213,0.7667464967835014,True,True,True,correct
sub-024,44,correct,1,347.8977480731943,-1.3788597947731076,True,True,True,correct
sub-024,45,error,0,440.7289044337375,-0.150041451780361,False,True,True,error
sub-024,46,correct,1,473.79904971930574,-3.460968819545124,True,True,True,correct
sub-024,47,correct,1,467.7175440904309,-1.9181648701270928,True,True,True,correct
sub-024,48,correct,1,524.3487237978968,-1.5977981776801915,True,True,True,correct
sub-024,49,correct,1,540.8130286895833,-3.493420890582037,True,True,True,correct
sub-024,50,correct,1,399.59905919882885,-1.4428983730654386,True,True,True,correct
sub-024,51,correct,1,521.2440239474197,-1.7193289242849097,True,True,True,correct
sub-024,52,correct,1,536.7361560882193,2.64823783322154,True,True,True,correct
sub-024,53,correct,1,541.8473196026483,-3.72306406915311,True,True,True,correct
sub-024,54,correct,1,616.0599815222704,-1.6998900547551712,True,True,True,correct
sub-024,55,correct,1,486.1412660818287,0.867411215491257,True,True,True,correct
sub-024,56,correct,1,280.5417896114468,-1.4191759706005806,True,True,True,correct
sub-024,57,correct,1,496.34590051611946,0.4281499107171291,True,True,True,correct
sub-024,58,correct,1,536.861579161535,-0.2767177532682201,True,True,True,correct
sub-024,59,correct,1,525.2620014270584,-6.382481337536272,True,True,True,correct
sub-024,60,correct,1,379.6318637936088,-0.0931932816070322,True,True,True,correct
sub-024,61,correct,1,409.7123872760421,3.5118704089842554,True,True,True,correct
sub-024,62,correct,1,491.437707207575,-1.2060278743823356,True,True,True,correct
sub-024,63,correct,1,503.2753878263492,2.627581868521242,True,True,True,correct
sub-024,64,error,0,382.92868219517806,2.2197537978086217,False,True,True,error
sub-024,65,correct,1,667.5372167506232,0.060759049412721,True,True,True,correct
sub-024,66,correct,1,353.48348213287875,-1.0274254424130007,True,True,True,correct
sub-024,67,correct,1,425.68990100043095,-4.431757690876516,True,True,True,correct
sub-024,68,correct,1,371.81998264432445,-1.3757397044812516,True,True,True,correct
sub-024,69,correct,1,475.534515255694,-0.8611060509068211,True,True,True,correct
sub-024,70,correct,1,428.6036069776604,1.938068057445199,True,True,True,correct
sub-024,71,correct,1,522.697928603563,-4.801571091724529,True,True,True,correct
sub-024,72,correct,1,530.0103909559493,1.582434488651553,True,True,True,correct
sub-024,73,correct,1,448.9200013992984,-0.2817414874826076,True,True,True,correct
sub-024,74,correct,1,514.3789656323428,-0.029030478269675,True,True,True,correct
sub-024,75,error,0,460.6114516223612,0.6215336054641181,False,True,True,error
sub-024,76,correct,1,424.9697538090414,-0.4559173747979224,True,True,True,correct
sub-024,77,correct,1,466.077241012768,3.603333788026613,True,True,True,correct
sub-024,78,correct,1,620.6689437418505,-5.181563408900489,True,True,True,correct
sub-024,79,correct,1,441.9621816817494,-2.7179719383458023,True,True,True,correct
sub-024,80,correct,1,632.3017839149761,-0.8437550501101719,True,True,True,correct
sub-024,81,correct,1,556.9080658948144,-1.1878421943138586,True,True,True,correct
sub-024,82,correct,1,532.4761697527288,1.7571898807629796,True,True,True,correct
sub-024,83,correct,1,522.3625094073865,0.4173022994705595,True,True,True,correct
sub-024,84,error,0,543.2849908487814,-0.4896075726908147,False,True,True,error
sub-024,85,correct,1,388.4040430246665,-0.1550360897004928,True,True,True,correct
sub-024,86,correct,1,390.4412407815105,-2.3841014080946508,True,True,True,correct
sub-024,87,correct,1,630.7351772290807,-0.8232121449804224,True,True,True,correct
sub-024,88,correct,1,519.1987008289022,4.385396389210497,True,True,True,correct
sub-024,89,error,0,543.586841766029,-0.2077640132312506,False,True,True,error
sub-024,90,error,0,284.31444883453395,-1.816640548909484,False,True,True,error
sub-024,91,error,0,560.9316017726978,-3.4558080940576703,False,True,True,error
sub-024,92,correct,1,502.6507874021813,0.5830443998755546,True,True,True,correct
sub-024,93,correct,1,344.3234431928483,-2.8918815584936883,True,True,True,correct
sub-024,94,correct,1,524.8132652724671,-0.4964622690501911,True,True,True,correct
sub-024,95,correct,1,634.9652182887844,-3.452988747488524,True,True,True,correct
sub-024,96,correct,1,628.6287635840854,-3.3249499020928197,True,True,True,correct
sub-024,97,error,0,316.9911638146435,-4.428678927467997,False,True,True,error
sub-024,98,correct,1,562.4012737415857,-3.457303580787851,True,True,True,correct
sub-024,99,correct,1,535.3901043463856,0.5647302544162018,True,True,True,correct
sub-024,100,correct,1,421.6838315591879,-1.3356389482531312,True,True,True,correct
sub-024,101,correct,1,269.27258268990954,-1.73340772447526,True,True,True,correct
sub-024,102,error,0,505.7899664445936,-2.263659955539885,False,True,True,error
sub-024,103,correct,1,587.5892886795821,-0.3971513697643241,True,True,True,correct
sub-024,104,correct,1,366.9054367763217,-1.50573134447263,True,True,True,correct
sub-024,105,correct,1,348.25405035523914,0.9173039659677876,True,True,True,correct
sub-024,106,correct,1,638.5045846829964,0.096592692074683,True,True,True,correct
sub-024,107,correct,1,363.06538740968153,-0.6780593454205943,True,True,True,correct
sub-024,108,correct,1,579.3314890723939,3.28070919324234,True,True,True,correct
sub-024,109,correct,1,408.324476098447,-1.2738907568195192,True,True,True,correct
sub-024,110,correct,1,512.1627513415692,-3.1036033340780422,True,True,True,correct
sub-024,111,correct,1,656.7039020989109,-1.4878034594320035,True,True,True,correct
sub-024,112,error,0,276.88540214492684,-1.8188523476182223,False,True,True,error
sub-024,113,correct,1,457.3284612225016,2.6814131620560646,True,True,True,correct
sub-024,114,correct,1,437.9584867758426,1.5944477683239084,True,True,True,correct
sub-024,115,correct,1,536.1153406559947,-1.815393840123582,True,True,True,correct
sub-024,116,correct,1,453.9939996016742,0.0411896645915428,True,True,True,correct
sub-024,117,correct,1,279.34183593224634,0.4610295323614199,True,True,True,correct
sub-024,118,correct,1,404.57922781077576,0.7511254376160872,True,True,True,correct
sub-024,119,correct,1,531.2152012944038,1.033074523193661,True,True,True,correct
sub-024,120,correct,1,444.4467010583474,0.7600662023536398,True,True,True,correct
sub-024,121,correct,1,494.2697141677247,0.6770862396626833,True,True,True,correct
sub-024,122,correct,1,351.2222178428652,2.0720748150923347,True,True,True,correct
sub-024,123,error,0,390.5566536691478,3.1584029255411474,False,True,True,error
sub-024,124,correct,1,645.1580348651115,-1.0962282133834516,True,True,True,correct
sub-024,125,correct,1,467.31705655654497,0.9185157746075212,True,True,True,correct
sub-024,126,correct,1,457.1112863488224,-1.8273480197488068,True,True,True,correct
sub-024,127,error,0,515.7913693407928,-2.81208931675892,False,True,True,error
sub-024,128,correct,1,435.1901258202553,-0.6277486068837809,True,True,True,correct
sub-024,129,correct,1,496.7124125725481,0.4667806984949572,True,True,True,correct
sub-024,130,correct,1,413.0998532946375,-0.691239250845502,True,True,True,correct
sub-024,131,correct,1,645.2734679527483,0.6532974730639047,True,True,True,correct
sub-024,132,correct,1,468.42214005620207,1.16058091179296,True,True,True,correct
sub-024,133,correct,1,567.2685698657817,-2.170834027953631,True,True,True,correct
sub-024,134,correct,1,440.8611593258911,1.5276356431356255,True,True,True,correct
sub-024,135,correct,1,427.9605249783724,0.2006578228697486,True,True,True,correct
sub-024,136,correct,1,383.86647924007406,3.645396599034672,True,True,True,correct
sub-024,137,correct,1,349.6189063137083,-1.717231096629557,True,True,True,correct
sub-024,138,correct,1,438.8494565318839,-2.4126789292813697,True,True,True,correct
sub-024,139,correct,1,480.4678780860579,-0.716664459562471,True,True,True,correct
sub-024,140,correct,1,345.0041173780676,0.627456432036398,True,True,True,correct
sub-024,141,correct,1,551.9542324953755,-2.430689408932433,True,True,True,correct
sub-024,142,correct,1,464.2254220904424,-1.1950705147407437,True,True,True,correct
sub-024,143,correct,1,336.51932510208064,1.456746027839528,True,True,True,correct
sub-024,144,correct,1,438.8450031956497,2.7616734209476856,True,True,True,correct
sub-024,145,correct,1,414.0612332561316,4.482970926970584,True,True,True,correct
sub-024,146,correct,1,472.2743079665897,-2.5723598539443167,True,True,True,correct
sub-024,147,correct,1,392.3788955318697,1.3972495926197028,True,True,True,correct
sub-024,148,correct,1,454.5924174555507,-1.105202444913206,True,True,True,correct
sub-024,149,error,0,285.47329152649536,-1.474899335102715,False,True,True,error
sub-024,150,correct,1,437.6707832046612,-1.9202593271213555,True,True,True,correct
sub-024,151,correct,1,585.1005167143464,3.043608819178461,True,True,True,correct
sub-024,152,correct,1,664.5880570965352,0.1532525771116808,True,True,True,correct
sub-024,153,correct,1,318.0842505807133,-2.52977646783614,True,True,True,correct
sub-024,154,correct,1,392.030474968612,-3.191726528302816,True,True,True,correct
sub-024,155,correct,1,508.6919613871154,-0.7534232974325322,True,True,True,correct
sub-024,156,correct,1,458.6422251118545,-1.6144789862545952,True,True,True,correct
sub-024,157,correct,1,622.8818584715457,-3.23718477143475,True,True,True,correct
sub-024,158,correct,1,466.54708975539006,2.4014019670549773,True,True,True,correct
sub-024,159,correct,1,221.82821505521665,-2.2708484113416496,True,True,True,correct
sub-024,160,correct,1,309.5499796503685,0.9451343329883402,True,True,True,correct
sub-025,1,correct,1,550.817878003066,-0.2977707383014817,True,True,True,correct
sub-025,2,correct,1,362.67859073086095,-3.623458021548484,True,True,True,correct
sub-025,3,error,0,386.147690955802,-1.996601969561801,False,True,True,error
sub-025,4,correct,1,544.7877184815202,-1.3007389714552766,True,True,True,correct
sub-025,5,correct,1,308.06349080811856,-1.08727983683995,True,True,True,correct
sub-025,6,correct,1,422.75996963585686,-2.741375084577649,True,True,True,correct
sub-025,7,correct,1,482.35853927553103,-0.8483626175958139,True,True,True,correct
sub-025,8,correct,1,477.3404332010742,-0.0049431847321759,True,True,True,correct
sub-025,9,error,0,385.6488085358548,-3.3014233601770773,False,True,True,error
sub-025,10,correct,1,353.57008367245777,3.91131183397318,True,True,True,correct
sub-025,11,correct,1,310.3114545809812,-0.6180647815407921,True,True,True,correct
sub-025,12,correct,1,481.74263764802026,1.4523770534221223,True,True,True,correct
sub-025,13,correct,1,446.71472417185134,-2.5773067544406887,True,True,True,correct
sub-025,14,correct,1,563.6945109917765,-2.336404042037226,True,True,True,correct
sub-025,15,correct,1,456.1816556972711,0.91802878257234,True,True,True,correct
sub-025,16,correct,1,601.7420072746462,-6.556083958853022,True,True,True,correct
sub-025,17,correct,1,498.6544699126732,3.1770995651928047,True,True,True,correct
sub-025,18,correct,1,546.6809680872093,2.928970993051621,True,True,True,correct
sub-025,19,error,0,440.1440643467548,-2.3957686380936085,False,True,True,error
sub-025,20,correct,1,448.42675476942816,1.928960973088525,True,True,True,correct
sub-025,21,correct,1,464.5505340526684,1.3262447162279611,True,True,True,correct
sub-025,22,correct,1,398.2203965987221,0.1596513184963216,True,True,True,correct
sub-025,23,correct,1,438.9036898781978,1.0562047453778003,True,True,True,correct
sub-025,24,correct,1,543.5951542819763,0.86933564924794,True,True,True,correct
sub-025,25,error,0,457.773366276396,-7.051805878468233,False,True,True,error
sub-025,26,correct,1,491.2578272600146,0.1828056291474734,True,True,True,correct
sub-025,27,error,0,412.8183913408106,-0.0057302222258908,False,True,True,error
sub-025,28,correct,1,470.28797919995066,-3.225659041102219,True,True,True,correct
sub-025,29,correct,1,315.59968794664314,0.3290202040217396,True,True,True,correct
sub-025,30,error,0,421.1549444668056,1.1443323719038712,False,True,True,error
sub-025,31,correct,1,468.8712065304288,1.5348546823333895,True,True,True,correct
sub-025,32,correct,1,481.12166836314645,-1.4813808563430553,True,True,True,correct
sub-025,33,correct,1,413.0682514008871,1.5228580595160934,True,True,True,correct
sub-025,34,correct,1,494.6140200241957,-1.3290714070685543,True,True,True,correct
sub-025,35,error,0,293.1063034969754,-3.146319940821752,False,True,True,error
sub-025,36,error,0,509.0520033567403,-0.292015285012184,False,True,True,error
sub-025,37,error,0,442.46015201562034,-2.3825604403293617,False,True,True,error
sub-025,38,correct,1,399.08259847884017,-0.5556979591868909,True,True,True,correct
sub-025,39,error,0,297.042565671314,-4.808111938381035,False,True,True,error
sub-025,40,correct,1,533.467347286206,-0.6191781592488573,True,True,True,correct
sub-025,41,correct,1,534.2660040985437,-0.3714423227252219,True,True,True,correct
sub-025,42,error,0,467.13515078049306,-0.6478413417600033,False,True,True,error
sub-025,43,correct,1,432.5411651807196,1.246782920268372,True,True,True,correct
sub-025,44,correct,1,545.5356775829471,0.1746232279643238,True,True,True,correct
sub-025,45,correct,1,498.9910664084726,-2.245777393862472,True,True,True,correct
sub-025,46,error,0,403.8646660941032,2.375283731238813,False,True,True,error
sub-025,47,correct,1,470.9986999219946,-0.3914268382455604,True,True,True,correct
sub-025,48,error,0,400.3187027129657,-0.6346199119176943,False,True,True,error
sub-025,49,correct,1,377.07539836642695,-3.031797975501104,True,True,True,correct
sub-025,50,correct,1,400.0759759807026,-0.240304200171166,True,True,True,correct
sub-025,51,correct,1,380.81136195453007,1.1605340260346384,True,True,True,correct
sub-025,52,error,0,344.58576637929445,-7.476897139507816,False,True,True,error
sub-025,53,correct,1,578.7167104024912,-3.052830524177587,True,True,True,correct
sub-025,54,correct,1,358.05379207161724,-0.0440642490231185,True,True,True,correct
sub-025,55,correct,1,471.6367162014868,-0.5631383037185786,True,True,True,correct
sub-025,56,correct,1,337.9029506002449,-1.2964148026668183,True,True,True,correct
sub-025,57,correct,1,413.4775411057968,2.547234052889343,True,True,True,correct
sub-025,58,correct,1,529.0718767013212,-1.2548677538147937,True,True,True,correct
sub-025,59,correct,1,468.8092309617361,-1.8084747035461144,True,True,True,correct
sub-025,60,correct,1,526.3279646859309,-3.509800111951342,True,True,True,correct
sub-025,61,correct,1,643.4649370736935,-1.113272301459756,True,True,True,correct
sub-025,62,correct,1,615.6655893241223,0.5460905654206876,True,True,True,correct
sub-025,63,correct,1,444.6582793590741,-0.7185051897645985,True,True,True,correct
sub-025,64,correct,1,552.3563680109097,0.233975765518088,True,True,True,correct
sub-025,65,correct,1,459.0096244153872,-2.465539478773901,True,True,True,correct
sub-025,66,correct,1,475.6196974452806,-2.4231659908493937,True,True,True,correct
sub-025,67,error,0,412.16523936631125,-5.920369305976621,False,True,True,error
sub-025,68,correct,1,460.3565198941964,0.2165295740599611,True,True,True,correct
sub-025,69,correct,1,436.9805333309404,-2.391506234292407,True,True,True,correct
sub-025,70,correct,1,469.2493164775835,0.0637203813308061,True,True,True,correct
sub-025,71,correct,1,485.33263281174953,2.052823438842352,True,True,True,correct
sub-025,72,correct,1,407.3783120860765,-1.2076291904376326,True,True,True,correct
sub-025,73,correct,1,508.6838622023644,-2.84644386361186,True,True,True,correct
sub-025,74,correct,1,572.834347899341,-0.503752799811995,True,True,True,correct
sub-025,75,correct,1,469.8276286574896,-1.7622244868494523,True,True,True,correct
sub-025,76,correct,1,369.9086448468688,-1.7278318607005276,True,True,True,correct
sub-025,77,correct,1,441.927231713293,1.693659977375929,True,True,True,correct
sub-025,78,correct,1,478.4334391699532,2.5793022708107225,True,True,True,correct
sub-025,79,error,0,463.4169356858706,-0.3069171730667852,False,True,True,error
sub-025,80,correct,1,553.559583987385,0.6164308291670046,True,True,True,correct
sub-025,81,correct,1,506.8251318768211,-0.98001269459094,True,True,True,correct
sub-025,82,correct,1,411.5983083142505,0.6428009324287689,True,True,True,correct
sub-025,83,correct,1,417.12468359179314,-1.5652287261147766,True,True,True,correct
sub-025,84,correct,1,503.3980202968893,1.1392245055814525,True,True,True,correct
sub-025,85,correct,1,599.0170481610584,0.7198197296352273,True,True,True,correct
sub-025,86,correct,1,604.0339958289222,3.5698897352171555,True,True,True,correct
sub-025,87,error,0,484.6779147422924,-2.218290014574531,False,True,True,error
sub-025,88,correct,1,491.823169816915,-1.125058184610467,True,True,True,correct
sub-025,89,correct,1,453.4963961994249,-1.58462658395379,True,True,True,correct
sub-025,90,correct,1,488.3861380818354,-1.8988243592033784,True,True,True,correct
sub-025,91,correct,1,558.9907557176566,-1.2864079460612254,True,True,True,correct
sub-025,92,correct,1,521.7705810983584,-2.3858630187951397,True,True,True,correct
sub-025,93,error,0,362.501581274615,-3.192599141356509,False,True,True,error
sub-025,94,error,0,455.59706978126303,-3.844352484062641,False,True,True,error
sub-025,95,correct,1,468.9720094637216,2.7687193743036103,True,True,True,correct
sub-025,96,correct,1,575.7952456277712,-2.73176839576394,True,True,True,correct
sub-025,97,correct,1,194.62888219659936,-0.1944940249124531,True,True,True,correct
sub-025,98,error,0,382.1064965459129,-2.663146158673929,False,True,True,error
sub-025,99,correct,1,404.0586292842097,1.9165162904517523,True,True,True,correct
sub-025,100,correct,1,601.7897484767113,0.3689844154199235,True,True,True,correct
sub-025,101,correct,1,493.4500826426831,-1.1187420546300897,True,True,True,correct
sub-025,102,error,0,500.2503254791777,-1.256068714063873,False,True,True,error
sub-025,103,correct,1,455.7634569927631,-2.5474510621860675,True,True,True,correct
sub-025,104,correct,1,469.5016949850152,1.4457026022906072,True,True,True,correct
sub-025,105,correct,1,419.55133435848734,-0.9991716318872552,True,True,True,correct
sub-025,106,correct,1,340.8662336838577,-0.2039095388164264,True,True,True,correct
sub-025,107,error,0,432.7397443049924,0.6279934837718417,False,True,True,error
sub-025,108,correct,1,547.4159980451675,-3.857240017857525,True,True,True,correct
sub-025,109,correct,1,346.20615368638227,-4.830317170570432,True,True,True,correct
sub-025,110,error,0,415.7223655770678,-5.427929868933488,False,True,True,error
sub-025,111,error,0,422.9528091160551,-4.47975171773749,False,True,True,error
sub-025,112,error,0,580.280282858123,-2.725422739378056,False,True,True,error
sub-025,113,error,0,573.4290010336491,-1.0601378000863642,False,True,True,error
sub-025,114,correct,1,374.2632401285158,1.310549262586442,True,True,True,correct
sub-025,115,correct,1,395.8850946066455,-2.188924500946998,True,True,True,correct
sub-025,116,correct,1,496.6443195930162,-5.211974924711182,True,True,True,correct
sub-025,117,correct,1,590.8729901705342,1.1047746196972776,True,True,True,correct
sub-025,118,error,0,426.63102763011,-1.470401436730164,False,True,True,error
sub-025,119,correct,1,488.1037940104424,0.7840642659797858,True,True,True,correct
sub-025,120,correct,1,439.82734093802543,-0.1468313843235926,True,True,True,correct
sub-025,121,correct,1,436.3867310655783,0.1915933850229513,True,True,True,correct
sub-025,122,correct,1,390.63013816912337,1.3298022883019962,True,True,True,correct
sub-025,123,correct,1,509.3169624423982,0.2437847564951661,True,True,True,correct
sub-025,124,correct,1,459.4506771536027,3.004420173147408,True,True,True,correct
sub-025,125,correct,1,518.513709902419,-0.1636010024720855,True,True,True,correct
sub-025,126,correct,1,545.2741688686625,4.979208470150194,True,True,True,correct
sub-025,127,correct,1,532.777667766585,4.442768313462628,True,True,True,correct
sub-025,128,correct,1,402.01058154712814,-2.8203430872932875,True,True,True,correct
sub-025,129,error,0,326.0316000899327,-0.2054324429900216,False,True,True,error
sub-025,130,error,0,325.76918057837725,-1.6082335750631942,False,True,True,error
sub-025,131,correct,1,417.9615843874475,3.68643414172044,True,True,True,correct
sub-025,132,correct,1,442.2207846695064,0.9504522030756208,True,True,True,correct
sub-025,133,correct,1,322.5205164951417,-2.196088045829761,True,True,True,correct
sub-025,134,correct,1,497.6591971985795,-0.3384212018363392,True,True,True,correct
sub-025,135,correct,1,438.7216685210303,-1.147504958502438,True,True,True,correct
sub-025,136,correct,1,478.7553026070384,2.4856265563007947,True,True,True,correct
sub-025,137,correct,1,507.61810350506266,-1.5298535948225784,True,True,True,correct
sub-025,138,correct,1,563.2745409776346,-7.042562035309878,True,True,True,correct
sub-025,139,correct,1,422.4891957698487,0.3324884471911502,True,True,True,correct
sub-025,140,correct,1,651.7904625434062,1.1653444135837647,True,True,True,correct
sub-025,141,correct,1,632.0465413561437,-0.896656490472073,True,True,True,correct
sub-025,142,correct,1,452.2578048116584,-0.4386805708108279,True,True,True,correct
sub-025,143,correct,1,462.8569483264956,-1.1203958881972689,True,True,True,correct
sub-025,144,error,0,316.2218196643906,-5.024271686726117,False,True,True,error
sub-025,145,correct,1,530.9316559315001,-3.903406350918381,True,True,True,correct
sub-025,146,error,0,366.27395215379823,-2.8742570037700546,False,True,True,error
sub-025,147,correct,1,527.7874512191489,1.3934534213686558,True,True,True,correct
sub-025,148,correct,1,534.5518181661963,-3.3401759035038605,True,True,True,correct
sub-025,149,error,0,394.927354469304,-1.09219213008299,False,True,True,error
sub-025,150,correct,1,494.47258887392326,-3.425938493615304,True,True,True,correct
sub-025,151,correct,1,558.4116865511181,1.247923497337805,True,True,True,correct
sub-025,152,correct,1,433.482158384084,3.301749399396312,True,True,True,correct
sub-025,153,correct,1,224.42291855311055,0.2114598471649692,True,True,True,correct
sub-025,154,correct,1,394.07181248733,0.2680799800688093,True,True,True,correct
sub-025,155,correct,1,398.9891485735901,1.754974311607742,True,True,True,correct
sub-025,156,error,0,338.23304048268284,-4.529474426816497,False,True,True,error
sub-025,157,correct,1,633.4739924742428,-2.8887889981017096,True,True,True,correct
sub-025,158,correct,1,549.6941081943764,-3.325038640037241,True,True,True,correct
sub-025,159,correct,1,480.5025418515588,1.0460955133448226,True,True,True,correct
sub-025,160,correct,1,494.0658596092092,0.7845849084817595,True,True,True,correct
sub-026,1,correct,1,423.1848108637413,0.4562186206149243,True,True,True,correct
sub-026,2,correct,1,435.6140638768299,-0.6079036246144506,True,True,True,correct
sub-026,3,correct,1,387.54582576902527,0.9310955596932572,True,True,True,correct
sub-026,4,correct,1,399.4749422503601,1.1428624627567376,True,True,True,correct
sub-026,5,error,0,456.369285499716,-0.8380614578844796,False,True,True,error
sub-026,6,correct,1,331.2583431209813,-2.442791793026281,True,True,True,correct
sub-026,7,correct,1,519.3174234100545,-0.4237842405602738,True,True,True,correct
sub-026,8,correct,1,493.1059908990961,-0.0641543288608629,True,True,True,correct
sub-026,9,correct,1,584.6285655939768,1.8665624221010828,True,True,True,correct
sub-026,10,correct,1,594.0088802100973,-1.0369862246643822,True,True,True,correct
sub-026,11,correct,1,410.7541369196974,-0.0639160939975831,True,True,True,correct
sub-026,12,correct,1,487.4127628415291,-1.474544513998795,True,True,True,correct
sub-026,13,correct,1,455.324581185827,-2.8649424150722647,True,True,True,correct
sub-026,14,correct,1,507.6778124298064,1.3482758804156452,True,True,True,correct
sub-026,15,correct,1,406.00071488172654,-0.827591029923357,True,True,True,correct
sub-026,16,correct,1,508.7954333101527,-2.337852322785041,True,True,True,correct
sub-026,17,correct,1,351.1317299131423,-3.027516004161852,True,True,True,correct
sub-026,18,correct,1,364.6436696821148,-1.7262653756103064,True,True,True,correct
sub-026,19,correct,1,523.8193855470016,-2.120834051404574,True,True,True,correct
sub-026,20,error,0,488.0639161185735,0.1800448558999929,False,True,True,error
sub-026,21,correct,1,475.6012556425989,-0.5650276563752189,True,True,True,correct
sub-026,22,correct,1,482.28099386644,3.140685801313809,True,True,True,correct
sub-026,23,correct,1,480.5716818560677,-1.4307579631369045,True,True,True,correct
sub-026,24,correct,1,414.3393789894288,2.9684516630391444,True,True,True,correct
sub-026,25,correct,1,590.6327449203113,0.6888094736999291,True,True,True,correct
sub-026,26,correct,1,465.3427415417451,-2.410477833458422,True,True,True,correct
sub-026,27,correct,1,460.980098645037,1.2610257412909265,True,True,True,correct
sub-026,28,correct,1,272.5515139811869,-0.2180243268558944,True,True,True,correct
sub-026,29,error,0,452.67819100473207,-2.809250363800304,False,True,True,error
sub-026,30,correct,1,486.1554682182875,-3.450236962511492,True,True,True,correct
sub-026,31,correct,1,433.1309782357293,-3.249206206769931,True,True,True,correct
sub-026,32,correct,1,483.7092202634773,1.635002567950347,True,True,True,correct
sub-026,33,correct,1,527.153606135462,-2.6379931301034127,True,True,True,correct
sub-026,34,correct,1,553.7737548999067,1.6087713411793323,True,True,True,correct
sub-026,35,correct,1,382.3109430800058,0.9770308991725458,True,True,True,correct
sub-026,36,correct,1,542.9940680860952,-2.7268162411340557,True,True,True,correct
sub-026,37,correct,1,542.6964882185739,-0.726209767516902,True,True,True,correct
sub-026,38,error,0,532.9935238903262,0.3529504655788023,False,True,True,error
sub-026,39,correct,1,453.93739334922327,2.966119973276368,True,True,True,correct
sub-026,40,correct,1,316.2508247395052,-0.6700534238817304,True,True,True,correct
sub-026,41,error,0,278.79447895192214,-2.4847349219845807,False,True,True,error
sub-026,42,correct,1,547.7378280726628,-3.393480101811753,True,True,True,correct
sub-026,43,correct,1,539.8269301594366,-0.8267196104132157,True,True,True,correct
sub-026,44,error,0,564.3734760720251,-0.8391642348647244,False,True,True,error
sub-026,45,error,0,314.1885545606451,-2.056650101693255,False,True,True,error
sub-026,46,error,0,517.3969274758138,-3.0255373324617727,False,True,True,error
sub-026,47,correct,1,594.6928886594834,-3.85581860536112,True,True,True,correct
sub-026,48,correct,1,457.2326578678608,-2.5110767531508342,True,True,True,correct
sub-026,49,correct,1,639.9835084859009,2.340702370702654,True,True,True,correct
sub-026,50,correct,1,349.9969883954368,0.5305043520676493,True,True,True,correct
sub-026,51,correct,1,359.76939439123714,-2.0910173857373566,True,True,True,correct
sub-026,52,correct,1,444.87813616550295,-2.2561848856526683,True,True,True,correct
sub-026,53,correct,1,505.19505486814535,0.2315852390480922,True,True,True,correct
sub-026,54,correct,1,371.59259166802354,0.5158752319341697,True,True,True,correct
sub-026,55,correct,1,596.6747438228962,-0.1841535090585558,True,True,True,correct
sub-026,56,correct,1,566.5681635990406,1.0469265992582333,True,True,True,correct
sub-026,57,correct,1,498.8642311697898,-2.277138003762784,True,True,True,correct
sub-026,58,correct,1,554.8199239389078,0.6199715150700222,True,True,True,correct
sub-026,59,correct,1,526.253976965717,-2.271846728370583,True,True,True,correct
sub-026,60,error,0,452.3638394536188,-3.355881016297503,False,True,True,error
sub-026,61,correct,1,541.4362311336596,-3.4465946197029345,True,True,True,correct
sub-026,62,error,0,354.46059385836,-0.4329055100927903,False,True,True,error
sub-026,63,error,0,461.9605915039704,-5.199869734697485,False,True,True,error
sub-026,64,correct,1,521.4799117780963,1.0714041956288725,True,True,True,correct
sub-026,65,correct,1,390.975092116826,-2.3549517542211857,True,True,True,correct
sub-026,66,correct,1,511.9392214110189,-0.8620784124277143,True,True,True,correct
sub-026,67,correct,1,455.4548705823325,-1.3412416401819125,True,True,True,correct
sub-026,68,correct,1,548.5466182093666,-1.057675823767893,True,True,True,correct
sub-026,69,correct,1,527.530609427311,-1.0242455079091124,True,True,True,correct
sub-026,70,correct,1,471.16412819841634,-1.9427458080879243,True,True,True,correct
sub-026,71,correct,1,546.9016952860933,0.482305984350426,True,True,True,correct
sub-026,72,error,0,512.3012412784481,-2.5305717279402096,False,True,True,error
sub-026,73,correct,1,501.165008646976,0.213820086450286,True,True,True,correct
sub-026,74,correct,1,524.489821837459,2.4475761354663685,True,True,True,correct
sub-026,75,correct,1,473.41006465194647,-0.0685134875331,True,True,True,correct
sub-026,76,correct,1,334.9038113404308,-3.813151402494591,True,True,True,correct
sub-026,77,correct,1,455.68300178181227,1.3100648148814589,True,True,True,correct
sub-026,78,correct,1,527.8224683543717,-2.7318354396058977,True,True,True,correct
sub-026,79,correct,1,413.3443227860493,0.0975591091126308,True,True,True,correct
sub-026,80,correct,1,445.52535597974656,1.3398400246145632,True,True,True,correct
sub-026,81,correct,1,495.89766154089983,-1.1247537298957118,True,True,True,correct
sub-026,82,correct,1,503.0828759151099,-2.0586496677528525,True,True,True,correct
sub-026,83,correct,1,549.3079643536582,-2.567388334449471,True,True,True,correct
sub-026,84,correct,1,348.6555399285721,2.632316270823722,True,True,True,correct
sub-026,85,correct,1,584.9658218955141,0.5132564022920729,True,True,True,correct
sub-026,86,correct,1,446.6207649918865,-0.0430665664662994,True,True,True,correct
sub-026,87,correct,1,423.23118988087873,-1.706044687911096,True,True,True,correct
sub-026,88,correct,1,428.6351527103664,-0.0267892249319283,True,True,True,correct
sub-026,89,error,0,519.7406667119278,-6.804846351673419,False,True,True,error
sub-026,90,correct,1,464.1240069913469,-0.5365169758155225,True,True,True,correct
sub-026,91,error,0,386.8942304697894,2.044656253920106,False,True,True,error
sub-026,92,correct,1,561.0147072883541,-1.411241700326716,True,True,True,correct
sub-026,93,correct,1,495.837556056719,-2.689711645565893,True,True,True,correct
sub-026,94,correct,1,372.8384321381205,-1.288389146079267,True,True,True,correct
sub-026,95,correct,1,391.3855214333229,-1.793262021533496,True,True,True,correct
sub-026,96,correct,1,561.7232754530959,-1.9066293863321289,True,True,True,correct
sub-026,97,correct,1,523.6730197290818,-2.1471025787796503,True,True,True,correct
sub-026,98,correct,1,534.7183194995355,-1.950633778488687,True,True,True,correct
sub-026,99,correct,1,454.1781625417341,-4.090214907385142,True,True,True,correct
sub-026,100,correct,1,443.3502416449684,-2.251203671879553,True,True,True,correct
sub-026,101,correct,1,470.4219747047541,-0.1325332459913345,True,True,True,correct
sub-026,102,correct,1,460.4625186097094,-2.9987073485505995,True,True,True,correct
sub-026,103,error,0,421.606420068418,-1.2868166732166708,False,True,True,error
sub-026,104,correct,1,610.5011698289358,-0.539128932780792,True,True,True,correct
sub-026,105,correct,1,591.402268895388,0.4763857680257386,True,True,True,correct
sub-026,106,correct,1,517.5502206002215,-2.879268840799205,True,True,True,correct
sub-026,107,correct,1,581.9454188503914,3.610337397704901,True,True,True,correct
sub-026,108,error,0,435.1041144134565,-1.0194065857086747,False,True,True,error
sub-026,109,correct,1,472.0536424116909,-1.1581215356916363,True,True,True,correct
sub-026,110,correct,1,413.69645269694325,0.280816249661838,True,True,True,correct
sub-026,111,correct,1,495.6330973396247,-2.00136544465886,True,True,True,correct
sub-026,112,correct,1,538.6388471990458,-1.6220319990943608,True,True,True,correct
sub-026,113,correct,1,541.0022843008625,1.0102876236172214,True,True,True,correct
sub-026,114,correct,1,469.048812621739,-1.2253382295396298,True,True,True,correct
sub-026,115,correct,1,496.9498420803909,2.2955260988847312,True,True,True,correct
sub-026,116,error,0,357.8496369921504,-2.226686374524607,False,True,True,error
sub-026,117,correct,1,522.4738325880088,-2.3182305705110124,True,True,True,correct
sub-026,118,correct,1,502.7097363810691,3.024795996649175,True,True,True,correct
sub-026,119,error,0,511.1279605060837,1.5881372312223223,False,True,True,error
sub-026,120,correct,1,523.1749407654413,-1.808064470816356,True,True,True,correct
sub-026,121,correct,1,514.2665595682203,-1.4306402175292887,True,True,True,correct
sub-026,122,correct,1,572.7510139920737,1.7946515837268,True,True,True,correct
sub-026,123,correct,1,306.1113896987744,-1.07149120192341,True,True,True,correct
sub-026,124,correct,1,420.8759781788798,0.632537272521245,True,True,True,correct
sub-026,125,correct,1,497.1096366626186,1.8347762336793076,True,True,True,correct
sub-026,126,correct,1,385.6033272452778,0.0213685281797361,True,True,True,correct
sub-026,127,correct,1,411.2034855780804,1.6286968067119665,True,True,True,correct
sub-026,128,correct,1,602.5661680226315,-0.6473103389995623,True,True,True,correct
sub-026,129,correct,1,554.8592175901023,-1.1585067706974157,True,True,True,correct
sub-026,130,correct,1,455.2313941653607,-1.283490808673279,True,True,True,correct
sub-026,131,correct,1,480.8490116425356,2.036347417868196,True,True,True,correct
sub-026,132,correct,1,387.987130224019,-3.780561706823507,True,True,True,correct
sub-026,133,correct,1,436.7664249428409,-4.549858513310201,True,True,True,correct
sub-026,134,correct,1,357.13625289996304,0.3278175917635193,True,True,True,correct
sub-026,135,error,0,444.2025320989817,-0.4510408650036589,False,True,True,error
sub-026,136,correct,1,291.20168088986986,2.573241420460626,True,True,True,correct
sub-026,137,correct,1,522.0706614384438,-1.399081863854239,True,True,True,correct
sub-026,138,correct,1,469.16662586850254,2.979509635324576,True,True,True,correct
sub-026,139,correct,1,544.6035875064822,-1.1240178864203163,True,True,True,correct
sub-026,140,correct,1,585.2410667415141,-0.6294335890679502,True,True,True,correct
sub-026,141,correct,1,574.4153638331492,-1.3792737125478167,True,True,True,correct
sub-026,142,correct,1,387.23229377715495,0.8513230094938142,True,True,True,correct
sub-026,143,correct,1,397.9306552675914,-0.2011375236230623,True,True,True,correct
sub-026,144,correct,1,475.89273256952686,-1.8739259714412413,True,True,True,correct
sub-026,145,correct,1,275.09408103345686,-1.5472342899945912,True,True,True,correct
sub-026,146,error,0,490.7073416170506,-1.5998487893617916,False,True,True,error
sub-026,147,correct,1,335.90139611215795,-1.042200829610673,True,True,True,correct
sub-026,148,correct,1,532.7889989589903,0.4156016592767158,True,True,True,correct
sub-026,149,correct,1,419.032618085387,-3.5130777225254866,True,True,True,correct
sub-026,150,error,0,480.9965193987206,-1.0979312237111598,False,True,True,error
sub-026,151,error,0,511.6896174075253,-3.869250442557268,False,True,True,error
sub-026,152,correct,1,468.4847671870764,0.8872987323995061,True,True,True,correct
sub-026,153,error,0,361.0081399366441,-4.818118295528171,False,True,True,error
sub-026,154,correct,1,351.5959267542825,-0.1872086718976402,True,True,True,correct
sub-026,155,correct,1,342.090974612684,-1.3506128211623707,True,True,True,correct
sub-026,156,error,0,613.6408382635669,-0.6561525937940532,False,True,True,error
sub-026,157,correct,1,410.3746465506721,-2.2667914153741013,True,True,True,correct
sub-026,158,correct,1,360.66491606923694,-1.12667386542114,True,True,True,correct
sub-026,159,correct,1,582.8687307214767,-5.708517609142359,True,True,True,correct
sub-026,160,correct,1,391.8636404371689,-0.8804278149047815,True,True,True,correct
sub-027,1,correct,1,396.80898459907576,-2.651728560184212,True,True,True,correct
sub-027,2,correct,1,419.0704137301298,-0.1215331058016855,True,True,True,correct
sub-027,3,correct,1,554.3275387528711,0.836537607232053,True,True,True,correct
sub-027,4,error,0,436.52955151585616,-3.5885485084397533,False,True,True,error
sub-027,5,correct,1,530.2754577205562,-1.5534563583548366,True,True,True,correct
sub-027,6,error,0,397.5261537637944,-3.638598642689075,False,True,True,error
sub-027,7,correct,1,500.0521989235573,-2.253705696475878,True,True,True,correct
sub-027,8,correct,1,453.3923358638169,2.4112719989348,True,True,True,correct
sub-027,9,error,0,322.37585304146563,-4.561169617486143,False,True,True,error
sub-027,10,correct,1,488.29707641013584,-3.503015733960061,True,True,True,correct
sub-027,11,correct,1,504.2512706976751,-0.3521285868663816,True,True,True,correct
sub-027,12,correct,1,545.6731124396721,1.3353161304166574,True,True,True,correct
sub-027,13,error,0,493.5243863159762,-4.035267650967355,False,True,True,error
sub-027,14,correct,1,445.19635646592224,-4.362305597106949,True,True,True,correct
sub-027,15,correct,1,321.4599339754224,-2.9555771394408064,True,True,True,correct
sub-027,16,correct,1,475.297272494405,2.6725867134400447,True,True,True,correct
sub-027,17,error,0,484.57189589416834,-3.740237962081187,False,True,True,error
sub-027,18,correct,1,507.3300146654445,-1.378653435774544,True,True,True,correct
sub-027,19,correct,1,597.7720575416271,1.217037454412157,True,True,True,correct
sub-027,20,error,0,383.9182210109224,-2.6239056223490893,False,True,True,error
sub-027,21,correct,1,542.4507847635033,0.3239298161991952,True,True,True,correct
sub-027,22,error,0,530.4483195804116,-6.313224604834971,False,True,True,error
sub-027,23,correct,1,551.2698962103041,-0.956550852495786,True,True,True,correct
sub-027,24,correct,1,479.7253156434383,-4.897184709782125,True,True,True,correct
sub-027,25,error,0,419.9286544606942,-1.262269080774677,False,True,True,error
sub-027,26,error,0,426.0101448412036,-4.361101500376421,False,True,True,error
sub-027,27,correct,1,534.2655701415758,-1.526040806578619,True,True,True,correct
sub-027,28,correct,1,519.8730489227887,-3.352234139656149,True,True,True,correct
sub-027,29,correct,1,538.0996004858978,-4.433099858179742,True,True,True,correct
sub-027,30,correct,1,601.5840798400365,1.9198397900131463,True,True,True,correct
sub-027,31,error,0,444.5098940483266,-4.8768403799531805,False,True,True,error
sub-027,32,correct,1,494.8438763030967,2.833404194783101,True,True,True,correct
sub-027,33,correct,1,405.6066382831685,-3.023024790690537,True,True,True,correct
sub-027,34,correct,1,383.7236602182235,-2.527729882862084,True,True,True,correct
sub-027,35,correct,1,431.8828201109643,-0.0367500797952713,True,True,True,correct
sub-027,36,correct,1,525.1578002577738,0.685444270432426,True,True,True,correct
sub-027,37,error,0,490.0420493253076,-4.039041358103789,False,True,True,error
sub-027,38,correct,1,473.34581422076377,0.8573547855651584,True,True,True,correct
sub-027,39,correct,1,494.7526104749691,-2.4719314882552563,True,True,True,correct
sub-027,40,correct,1,444.0635172089381,-2.6739519877015434,True,True,True,correct
sub-027,41,correct,1,514.810623795377,-0.4528871031017142,True,True,True,correct
sub-027,42,correct,1,472.6520245341633,-4.570150861093513,True,True,True,correct
sub-027,43,correct,1,349.61120284131727,-0.3377634349317169,True,True,True,correct
sub-027,44,correct,1,420.961476097964,0.265059826319205,True,True,True,correct
sub-027,45,correct,1,568.6748478324872,-0.5029413449203219,True,True,True,correct
sub-027,46,error,0,414.9687358312109,-3.8394405459942105,False,True,True,error
sub-027,47,correct,1,397.9352137083319,3.0747546647686823,True,True,True,correct
sub-027,48,correct,1,425.7973404453804,-1.602694544560468,True,True,True,correct
sub-027,49,correct,1,460.4997269061742,-0.403694017577996,True,True,True,correct
sub-027,50,correct,1,514.1879526066452,1.7518113545128735,True,True,True,correct
sub-027,51,correct,1,511.7025010490712,0.3194100748150001,True,True,True,correct
sub-027,52,correct,1,677.3013506512395,1.5066528553782088,True,True,True,correct
sub-027,53,error,0,419.51078619623263,-3.3293413793209803,False,True,True,error
sub-027,54,correct,1,364.8165803437085,-1.6340393511077536,True,True,True,correct
sub-027,55,correct,1,510.33333109256455,-2.456043736278076,True,True,True,correct
sub-027,56,correct,1,366.9801397799697,1.3201627763239177,True,True,True,correct
sub-027,57,correct,1,365.3959693102505,-4.994299217508623,True,True,True,correct
sub-027,58,correct,1,553.4307384039863,-1.5026885086967647,True,True,True,correct
sub-027,59,error,0,470.56064005884616,-3.0228979792744397,False,True,True,error
sub-027,60,correct,1,447.376259248261,1.0031616237594376,True,True,True,correct
sub-027,61,correct,1,528.7941345646643,1.0151860302271571,True,True,True,correct
sub-027,62,error,0,569.3889096519994,-4.069142556640342,False,True,True,error
sub-027,63,correct,1,631.6902108217179,-0.1006189525419627,True,True,True,correct
sub-027,64,correct,1,294.92260266313065,-1.8964927950215045,True,True,True,correct
sub-027,65,correct,1,409.6773969342455,0.8452553133123779,True,True,True,correct
sub-027,66,correct,1,457.5515071219277,-3.390496833786853,True,True,True,correct
sub-027,67,correct,1,528.5708103401265,-6.080609704564892,True,True,True,correct
sub-027,68,correct,1,460.3695200222288,-0.3325228317779111,True,True,True,correct
sub-027,69,error,0,392.57256121464746,-1.671068455565483,False,True,True,error
sub-027,70,error,0,401.5954280853058,0.8512296103830481,False,True,True,error
sub-027,71,correct,1,619.298470139929,2.611151937771284,True,True,True,correct
sub-027,72,correct,1,430.5773688611563,1.0650122721522846,True,True,True,correct
sub-027,73,error,0,512.96785850192,-2.419201938278756,False,True,True,error
sub-027,74,error,0,325.7740310928707,-0.4388764298730159,False,True,True,error
sub-027,75,correct,1,511.0864447726125,-4.705507573668238,True,True,True,correct
sub-027,76,error,0,335.3855363857496,-3.1252614282257665,False,True,True,error
sub-027,77,error,0,483.8673477354321,-6.151492895976931,False,True,True,error
sub-027,78,correct,1,387.839274407438,-2.5384589696816766,True,True,True,correct
sub-027,79,correct,1,509.02633853879047,-2.102370216139164,True,True,True,correct
sub-027,80,correct,1,545.5293608603711,0.428416544691327,True,True,True,correct
sub-027,81,correct,1,555.1046637557541,-0.6446609651167675,True,True,True,correct
sub-027,82,correct,1,468.1914874492279,-0.5202178132037142,True,True,True,correct
sub-027,83,correct,1,449.2395428036546,-0.4952213218344206,True,True,True,correct
sub-027,84,correct,1,597.0865014798862,0.0519444700590799,True,True,True,correct
sub-027,85,error,0,461.1832614372948,-4.711935705270671,False,True,True,error
sub-027,86,correct,1,411.86036557147,-0.0186958026067316,True,True,True,correct
sub-027,87,correct,1,399.34280849126833,-0.52906522769521,True,True,True,correct
sub-027,88,error,0,546.1273344645992,-1.4242054287281063,False,True,True,error
sub-027,89,correct,1,516.1280317023932,-1.1060874677381127,True,True,True,correct
sub-027,90,correct,1,559.3976003168696,-4.332040287032148,True,True,True,correct
sub-027,91,error,0,540.7169118479163,-5.663808956327706,False,True,True,error
sub-027,92,correct,1,420.8949571900369,1.5070749653619475,True,True,True,correct
sub-027,93,correct,1,509.4375556118157,-1.276373722657421,True,True,True,correct
sub-027,94,correct,1,559.9993455484607,-2.027723484924877,True,True,True,correct
sub-027,95,correct,1,499.7284053470887,-3.562487401089135,True,True,True,correct
sub-027,96,correct,1,569.9727953295541,-1.775458246654058,True,True,True,correct
sub-027,97,correct,1,428.5087590811128,-0.1842654442495274,True,True,True,correct
sub-027,98,correct,1,402.2802178857419,2.822811257433424,True,True,True,correct
sub-027,99,correct,1,574.5931135103249,-3.641349522572429,True,True,True,correct
sub-027,100,correct,1,606.128705027864,-6.237070155983343,True,True,True,correct
sub-027,101,correct,1,506.55663610841646,-1.6707041604381332,True,True,True,correct
sub-027,102,correct,1,454.42581618619903,-2.8766888291937924,True,True,True,correct
sub-027,103,correct,1,406.5592275467614,-0.0786194679017485,True,True,True,correct
sub-027,104,correct,1,576.9664439636505,0.5691215006538215,True,True,True,correct
sub-027,105,correct,1,513.1539408313681,1.5627522126536495,True,True,True,correct
sub-027,106,correct,1,500.9640770383954,-1.53487231936463,True,True,True,correct
sub-027,107,correct,1,476.5916232498006,1.510577935207204,True,True,True,correct
sub-027,108,correct,1,509.8019216137442,-1.677561177179275,True,True,True,correct
sub-027,109,correct,1,410.03798023618,-0.6853855261250071,True,True,True,correct
sub-027,110,correct,1,498.6619481281455,-0.4415354852281961,True,True,True,correct
sub-027,111,correct,1,546.2713388535057,3.326675238622963,True,True,True,correct
sub-027,112,correct,1,436.78543819380496,0.7528070088446936,True,True,True,correct
sub-027,113,correct,1,509.3998458618839,-0.2981967712463718,True,True,True,correct
sub-027,114,correct,1,523.3598949080015,-3.764713125279827,True,True,True,correct
sub-027,115,correct,1,457.0066243002004,2.881865847569662,True,True,True,correct
sub-027,116,correct,1,543.0648135210594,-2.292022316632366,True,True,True,correct
sub-027,117,correct,1,620.7932838326287,-0.1669494473882458,True,True,True,correct
sub-027,118,error,0,223.32545542899427,-3.9559183288660416,False,True,True,error
sub-027,119,correct,1,461.9106060075636,-1.4172793644515207,True,True,True,correct
sub-027,120,correct,1,361.401299544405,0.1736440285081086,True,True,True,correct
sub-027,121,error,0,589.5054942706885,-0.618044591974467,False,True,True,error
sub-027,122,error,0,540.4548051672084,-1.190291397863974,False,True,True,error
sub-027,123,error,0,457.9628379914062,-2.336141944234792,False,True,True,error
sub-027,124,correct,1,474.4182187041372,-1.4550400966138373,True,True,True,correct
sub-027,125,error,0,434.8711378798701,-5.587398320436543,False,True,True,error
sub-027,126,correct,1,390.10305622606415,-1.4807139847264403,True,True,True,correct
sub-027,127,correct,1,479.4766493636688,-2.379138136955434,True,True,True,correct
sub-027,128,correct,1,490.3767451319948,1.659126411396812,True,True,True,correct
sub-027,129,correct,1,533.1989491828657,0.4340353481164001,True,True,True,correct
sub-027,130,correct,1,679.3065509660966,-1.2403502136756344,True,True,True,correct
sub-027,131,correct,1,466.0939103671694,-0.3643649129264601,True,True,True,correct
sub-027,132,correct,1,467.9054741870663,-1.2417421331895524,True,True,True,correct
sub-027,133,correct,1,560.7743489763303,2.507665402526089,True,True,True,correct
sub-027,134,correct,1,376.1870035500705,1.171797142755005,True,True,True,correct
sub-027,135,error,0,425.9974051018229,-5.222365910985285,False,True,True,error
sub-027,136,correct,1,547.3537240635887,-1.7986662756760292,True,True,True,correct
sub-027,137,correct,1,427.3397716276238,1.3165407292140645,True,True,True,correct
sub-027,138,correct,1,589.9468422434646,-0.0198420506178947,True,True,True,correct
sub-027,139,correct,1,500.477763343584,-0.225165640617217,True,True,True,correct
sub-027,140,correct,1,475.3888402443336,1.3389589597661866,True,True,True,correct
sub-027,141,correct,1,557.1366576474651,-0.7767590781300879,True,True,True,correct
sub-027,142,correct,1,410.7135269390236,-3.1576003836657653,True,True,True,correct
sub-027,143,correct,1,499.5392513066176,-5.2856632934844985,True,True,True,correct
sub-027,144,correct,1,361.37734177412295,1.100205374233421,True,True,True,correct
sub-027,145,correct,1,535.7102085767629,-1.3053833332293867,True,True,True,correct
sub-027,146,error,0,485.0663491317137,0.3559023636110101,False,True,True,error
sub-027,147,correct,1,402.9109661070145,-5.751462192286235,True,True,True,correct
sub-027,148,correct,1,367.3943599125356,0.868773880924415,True,True,True,correct
sub-027,149,correct,1,496.3686000863494,-1.5006881365464655,True,True,True,correct
sub-027,150,correct,1,536.1421404193017,1.4475724490633783,True,True,True,correct
sub-027,151,correct,1,436.1742616983199,1.4112432533226575,True,True,True,correct
sub-027,152,correct,1,551.9589474239922,-1.4076305833256495,True,True,True,correct
sub-027,153,correct,1,574.9957398443528,-2.9655356164411346,True,True,True,correct
sub-027,154,error,0,362.6534935839688,-1.4784808988519602,False,True,True,error
sub-027,155,correct,1,462.0153148639784,-1.193439483977126,True,True,True,correct
sub-027,156,correct,1,537.9484364123261,0.7663037869291338,True,True,True,correct
sub-027,157,correct,1,464.3801911685844,1.4724385620836544,True,True,True,correct
sub-027,158,correct,1,337.5207146496921,-0.8953077863467288,True,True,True,correct
sub-027,159,correct,1,365.9376436109666,-0.3935992324899556,True,True,True,correct
sub-027,160,correct,1,569.9507113633463,0.3236286258266538,True,True,True,correct
sub-028,1,correct,1,373.2472933997655,0.4750061231155398,True,True,True,correct
sub-028,2,correct,1,338.47796748928386,2.4643437532442567,True,True,True,correct
sub-028,3,correct,1,487.9846475047541,2.5369832280367115,True,True,True,correct
sub-028,4,error,0,422.05121086873214,-5.027120294817713,False,True,True,error
sub-028,5,correct,1,384.2987684292092,-1.834505158905336,True,True,True,correct
sub-028,6,correct,1,560.7523061041226,5.48230267187479,True,True,True,correct
sub-028,7,correct,1,522.5090969502804,-4.390718461306238,True,True,True,correct
sub-028,8,correct,1,429.6687660730901,4.573076645956663,True,True,True,correct
sub-028,9,correct,1,546.9245464157323,0.4132817494321307,True,True,True,correct
sub-028,10,correct,1,461.4432308446448,-2.61729903410954,True,True,True,correct
sub-028,11,correct,1,423.97027505710935,-3.36681434367477,True,True,True,correct
sub-028,12,correct,1,433.6221763075361,-1.647947659673892,True,True,True,correct
sub-028,13,correct,1,476.9693619384056,4.228358535285205,True,True,True,correct
sub-028,14,correct,1,407.8872522804023,0.7631629725027831,True,True,True,correct
sub-028,15,correct,1,381.7940017627417,-0.2735670640236484,True,True,True,correct
sub-028,16,correct,1,464.9315463491712,-0.5878704575007162,True,True,True,correct
sub-028,17,correct,1,461.05617123228,-3.549578273994192,True,True,True,correct
sub-028,18,error,0,470.6750004377086,-2.3186631638463586,False,True,True,error
sub-028,19,error,0,535.8257141274071,-2.312698612467865,False,True,True,error
sub-028,20,correct,1,606.8664574831168,1.622239026287556,True,True,True,correct
sub-028,21,correct,1,428.5853871377399,-2.0967772030104177,True,True,True,correct
sub-028,22,correct,1,542.8050612120833,1.1020017012977448,True,True,True,correct
sub-028,23,correct,1,548.9492350293685,0.5691279071143444,True,True,True,correct
sub-028,24,correct,1,378.4345590800834,2.067067668346487,True,True,True,correct
sub-028,25,correct,1,492.85149263810126,-4.763306562258813,True,True,True,correct
sub-028,26,correct,1,495.1423999243888,2.122366234674539,True,True,True,correct
sub-028,27,correct,1,401.9118469222137,-0.1813428876153393,True,True,True,correct
sub-028,28,error,0,344.13131625142546,0.9874671630759212,False,True,True,error
sub-028,29,error,0,433.61537480214,-2.036913028780702,False,True,True,error
sub-028,30,error,0,464.6660460622532,-2.564662924663081,False,True,True,error
sub-028,31,correct,1,361.7398009537456,-0.9014923473153268,True,True,True,correct
sub-028,32,error,0,419.5951041425108,-0.1058293912226322,False,True,True,error
sub-028,33,correct,1,484.2156417911604,0.549633313689333,True,True,True,correct
sub-028,34,correct,1,511.3801594027655,1.1833871777355889,True,True,True,correct
sub-028,35,correct,1,580.5880370695264,-3.2719866511437914,True,True,True,correct
sub-028,36,correct,1,499.4586332140093,1.7526426230806238,True,True,True,correct
sub-028,37,correct,1,562.4214603191148,-0.5312666247990739,True,True,True,correct
sub-028,38,correct,1,448.1030839685847,1.1938520666180834,True,True,True,correct
sub-028,39,correct,1,467.5528766658948,0.3186720363639174,True,True,True,correct
sub-028,40,correct,1,536.6976371614273,0.4797664831261454,True,True,True,correct
sub-028,41,correct,1,476.6653353777426,1.13505741621329,True,True,True,correct
sub-028,42,correct,1,473.9239486834345,-1.0890711654395848,True,True,True,correct
sub-028,43,error,0,448.63152676404593,-1.3043192905149126,False,True,True,error
sub-028,44,correct,1,439.5588519754176,0.4980791090582592,True,True,True,correct
sub-028,45,correct,1,532.1930795034027,-1.0944901869712522,True,True,True,correct
sub-028,46,correct,1,499.2373324494479,1.2622467368296553,True,True,True,correct
sub-028,47,error,0,421.3499234316298,-4.072065309627423,False,True,True,error
sub-028,48,correct,1,491.28319997329857,-0.4342692054045418,True,True,True,correct
sub-028,49,correct,1,477.4845272228021,2.848116288901333,True,True,True,correct
sub-028,50,correct,1,337.42163310784395,-0.6950812229243257,True,True,True,correct
sub-028,51,correct,1,433.274607097518,1.4171880567795965,True,True,True,correct
sub-028,52,correct,1,440.4513510254226,2.7824510637911946,True,True,True,correct
sub-028,53,correct,1,366.863380160286,-0.4821897236741289,True,True,True,correct
sub-028,54,correct,1,501.2664405230553,-0.6757290919652474,True,True,True,correct
sub-028,55,correct,1,331.53807316601,1.6166367018388552,True,True,True,correct
sub-028,56,correct,1,483.0139354725621,0.3526381665083477,True,True,True,correct
sub-028,57,correct,1,542.9940653216618,0.7280545070704946,True,True,True,correct
sub-028,58,correct,1,437.573384076761,2.452958315822237,True,True,True,correct
sub-028,59,correct,1,528.4176017376002,-1.0425082836229007,True,True,True,correct
sub-028,60,correct,1,485.1077656150758,1.7504604445115777,True,True,True,correct
sub-028,61,correct,1,382.3536139347006,0.2006980623590729,True,True,True,correct
sub-028,62,correct,1,562.4416199799557,1.1101494735707098,True,True,True,correct
sub-028,63,correct,1,613.4277395075493,2.1440317051585547,True,True,True,correct
sub-028,64,correct,1,396.6165311959205,1.2040583175706816,True,True,True,correct
sub-028,65,correct,1,455.2743902501233,-2.3138477195455067,True,True,True,correct
sub-028,66,error,0,450.714376782354,-2.054163915491209,False,True,True,error
sub-028,67,correct,1,466.75052491297214,1.9641532536926989,True,True,True,correct
sub-028,68,error,0,204.98249071483184,-3.662514475297813,False,True,True,error
sub-028,69,error,0,511.559458322692,-1.4747293467082934,False,True,True,error
sub-028,70,correct,1,452.2924945415618,-0.0731102144903692,True,True,True,correct
sub-028,71,correct,1,568.8505363285383,-0.9099522601117224,True,True,True,correct
sub-028,72,correct,1,314.5252946734232,3.2723619131822588,True,True,True,correct
sub-028,73,correct,1,435.3322562938058,-2.2149502020225,True,True,True,correct
sub-028,74,correct,1,459.31460680599,1.0674760860907877,True,True,True,correct
sub-028,75,correct,1,471.05190552853605,0.0639277826725569,True,True,True,correct
sub-028,76,correct,1,605.3881553615372,-0.6444754362299995,True,True,True,correct
sub-028,77,correct,1,611.1295637017515,1.472473417384374,True,True,True,correct
sub-028,78,error,0,342.0698617347252,-3.648753496439829,False,True,True,error
sub-028,79,correct,1,535.5272954279445,-0.8153504673678116,True,True,True,correct
sub-028,80,correct,1,439.0160834396255,-0.1990521762153865,True,True,True,correct
sub-028,81,correct,1,464.6117592157264,-4.482901215627122,True,True,True,correct
sub-028,82,correct,1,431.3021005354634,0.2947783007635113,True,True,True,correct
sub-028,83,correct,1,598.705185265269,-0.5150230839556902,True,True,True,correct
sub-028,84,correct,1,529.6657460267221,5.526687388194924,True,True,True,correct
sub-028,85,error,0,538.4377156965733,-3.928157929401261,False,True,True,error
sub-028,86,correct,1,535.7414180953762,3.657221604956882,True,True,True,correct
sub-028,87,correct,1,401.02230031706347,1.4702254498086238,True,True,True,correct
sub-028,88,correct,1,444.5992383912717,1.882362988520505,True,True,True,correct
sub-028,89,correct,1,488.3565201633041,0.0015210431022632,True,True,True,correct
sub-028,90,correct,1,589.7871398515072,-1.3129670701635998,True,True,True,correct
sub-028,91,correct,1,444.1704217226777,3.277642630582225,True,True,True,correct
sub-028,92,correct,1,425.16747679641605,-0.1742720110995123,True,True,True,correct
sub-028,93,correct,1,508.31811298867416,3.128940893611727,True,True,True,correct
sub-028,94,correct,1,385.1674941190773,2.997322962484919,True,True,True,correct
sub-028,95,correct,1,527.9185136322463,0.7287528807544512,True,True,True,correct
sub-028,96,correct,1,417.8659122739226,-0.3627397795613741,True,True,True,correct
sub-028,97,correct,1,495.2247358969853,3.52699193820267,True,True,True,correct
sub-028,98,correct,1,530.340869255533,0.3960856492796266,True,True,True,correct
sub-028,99,correct,1,465.01572692983655,-0.3198913661426082,True,True,True,correct
sub-028,100,error,0,432.3324501344821,-1.753516105985205,False,True,True,error
sub-028,101,correct,1,494.6306904950708,-3.423026106707914,True,True,True,correct
sub-028,102,correct,1,474.09945131849565,-2.2159902771537503,True,True,True,correct
sub-028,103,error,0,329.3036546847285,1.218043963633583,False,True,True,error
sub-028,104,error,0,357.5594113818928,3.651425580696457,False,True,True,error
sub-028,105,correct,1,507.4115133666061,1.4434415553411768,True,True,True,correct
sub-028,106,correct,1,593.3073851920051,-5.351961404489655,True,True,True,correct
sub-028,107,correct,1,494.582028079269,-1.1161471619310253,True,True,True,correct
sub-028,108,error,0,472.80759037169184,-4.411008018865884,False,True,True,error
sub-028,109,correct,1,513.8970195874009,1.5275962229158628,True,True,True,correct
sub-028,110,correct,1,507.7757559240096,0.0400808966969289,True,True,True,correct
sub-028,111,correct,1,488.3356919331096,-1.0462595121846934,True,True,True,correct
sub-028,112,error,0,487.0706636570487,-0.5761356128553619,False,True,True,error
sub-028,113,correct,1,335.5042272714404,-1.9581114515617053,True,True,True,correct
sub-028,114,correct,1,557.8927599261419,-0.5092163039942718,True,True,True,correct
sub-028,115,correct,1,478.8462430947535,-0.2344483092676159,True,True,True,correct
sub-028,116,correct,1,361.5650764572198,0.8334157396258498,True,True,True,correct
sub-028,117,correct,1,371.6455769130674,2.1121698453076503,True,True,True,correct
sub-028,118,correct,1,398.1659573097281,-1.894847012409165,True,True,True,correct
sub-028,119,correct,1,488.4673143596616,2.5854671961793265,True,True,True,correct
sub-028,120,correct,1,359.5908410322048,1.9189431024744017,True,True,True,correct
sub-028,121,correct,1,530.2078422671656,-3.789157680169402,True,True,True,correct
sub-028,122,error,0,348.2668155403249,-1.521012980778595,False,True,True,error
sub-028,123,correct,1,583.4122940713008,-0.7494758481931071,True,True,True,correct
sub-028,124,correct,1,507.4602923578097,2.448849005750459,True,True,True,correct
sub-028,125,correct,1,383.968543880237,-0.990668904322819,True,True,True,correct
sub-028,126,correct,1,349.8005917633652,-0.7369612060214722,True,True,True,correct
sub-028,127,correct,1,424.0605920235929,0.8115654485101101,True,True,True,correct
sub-028,128,correct,1,465.64400281817774,-1.3730513535115692,True,True,True,correct
sub-028,129,correct,1,565.3308262451309,-2.1083960041282737,True,True,True,correct
sub-028,130,error,0,562.3588553626141,1.2630067818303226,False,True,True,error
sub-028,131,correct,1,564.2951085169989,1.8475313486123963,True,True,True,correct
sub-028,132,correct,1,440.7582265804456,1.180403605998279,True,True,True,correct
sub-028,133,error,0,515.0024305836253,0.4514984010857805,False,True,True,error
sub-028,134,correct,1,599.4685166309508,-1.2388437510347452,True,True,True,correct
sub-028,135,correct,1,431.2842007193514,1.4666881792391036,True,True,True,correct
sub-028,136,correct,1,456.5450937077662,0.5571090717917535,True,True,True,correct
sub-028,137,correct,1,418.59870384087,2.70991488920742,True,True,True,correct
sub-028,138,error,0,425.03928408668577,-1.067824942795015,False,True,True,error
sub-028,139,error,0,372.07411083351855,-1.5434152551760798,False,True,True,error
sub-028,140,correct,1,485.69257885420257,-1.5716735174294083,True,True,True,correct
sub-028,141,correct,1,418.5066270418269,-1.750497347878216,True,True,True,correct
sub-028,142,error,0,349.1430932322342,-3.921233878898681,False,True,True,error
sub-028,143,correct,1,412.73915643456337,-1.7940755109758195,True,True,True,correct
sub-028,144,error,0,431.1854679870804,-1.257943502155173,False,True,True,error
sub-028,145,correct,1,401.2709544236375,1.2105044323319445,True,True,True,correct
sub-028,146,error,0,404.8470979356816,-0.5341886924747838,False,True,True,error
sub-028,147,correct,1,447.63219642903147,1.7887495883128202,True,True,True,correct
sub-028,148,correct,1,416.3553091065849,-4.039999974493911,True,True,True,correct
sub-028,149,error,0,428.1891509935701,-0.8233259677679926,False,True,True,error
sub-028,150,correct,1,543.2562580691425,2.326182384900377,True,True,True,correct
sub-028,151,correct,1,509.3417125626982,-1.4012354961350992,True,True,True,correct
sub-028,152,error,0,469.0435261341528,3.0562910553708584,False,True,True,error
sub-028,153,correct,1,549.4666075237816,2.069826408207616,True,True,True,correct
sub-028,154,correct,1,389.6816331469146,-5.114000041611701,True,True,True,correct
sub-028,155,correct,1,500.5635552288351,1.1430224244296563,True,True,True,correct
sub-028,156,correct,1,270.7433981873151,1.2267530048265076,True,True,True,correct
sub-028,157,correct,1,445.9641659764642,0.6739043449896337,True,True,True,correct
sub-028,158,correct,1,401.90160291992754,1.6244572893749372,True,True,True,correct
sub-028,159,correct,1,374.914870442847,0.2992256817990146,True,True,True,correct
sub-028,160,correct,1,437.9117314935273,0.7151972924331839,True,True,True,correct
sub-029,1,correct,1,445.6635582624495,-1.811396649997315,True,True,True,correct
sub-029,2,correct,1,261.6679350794905,-1.886778457009713,True,True,True,correct
sub-029,3,correct,1,529.4351077222591,3.877131640112792,True,True,True,correct
sub-029,4,correct,1,483.6041125312713,-0.2838117343686605,True,True,True,correct
sub-029,5,correct,1,629.7802960946844,-2.598941022650661,True,True,True,correct
sub-029,6,error,0,501.1787406799276,-2.0806625428539256,False,True,True,error
sub-029,7,error,0,468.7312215799463,-1.4510060344076776,False,True,True,error
sub-029,8,correct,1,492.4117390235468,-1.550091662563715,True,True,True,correct
sub-029,9,correct,1,455.7122208125189,0.1593589827854156,True,True,True,correct
sub-029,10,correct,1,475.9103783858926,-3.3927087039350234,True,True,True,correct
sub-029,11,error,0,400.701219519057,-3.195471255556506,False,True,True,error
sub-029,12,correct,1,329.7677507020365,-1.196265333599932,True,True,True,correct
sub-029,13,correct,1,349.7270637677802,-2.327510052051049,True,True,True,correct
sub-029,14,correct,1,309.6636505671419,-0.893412265613679,True,True,True,correct
sub-029,15,correct,1,478.4435737628904,-1.8599496723001976,True,True,True,correct
sub-029,16,correct,1,577.755842476109,-0.1526140661824548,True,True,True,correct
sub-029,17,correct,1,478.4273762163687,-1.4791079053901977,True,True,True,correct
sub-029,18,correct,1,447.5371789011739,-2.1701196340381235,True,True,True,correct
sub-029,19,correct,1,465.65700951200967,-3.075879309893083,True,True,True,correct
sub-029,20,correct,1,457.6958739594355,2.949096502572786,True,True,True,correct
sub-029,21,error,0,405.88470201422143,-4.016529775292845,False,True,True,error
sub-029,22,correct,1,511.0039553389197,-2.535673164240047,True,True,True,correct
sub-029,23,correct,1,437.3839512336224,-0.1451668838899171,True,True,True,correct
sub-029,24,correct,1,381.96239574100434,2.7699001460677715,True,True,True,correct
sub-029,25,correct,1,341.03578947771683,0.6884427033334004,True,True,True,correct
sub-029,26,correct,1,446.335683396794,-2.3877152582697074,True,True,True,correct
sub-029,27,correct,1,465.670742881582,-1.8359402636373947,True,True,True,correct
sub-029,28,error,0,458.84054920435005,-6.241323286806754,False,True,True,error
sub-029,29,correct,1,569.9301523636119,2.367190117615241,True,True,True,correct
sub-029,30,correct,1,540.3870972889141,4.14384019080881,True,True,True,correct
sub-029,31,correct,1,633.316675519503,-0.7894107364846705,True,True,True,correct
sub-029,32,error,0,419.1899046894607,-1.8451181971813937,False,True,True,error
sub-029,33,correct,1,500.22962364873496,1.6518290819916968,True,True,True,correct
sub-029,34,error,0,509.08413287014486,-2.0857434577758127,False,True,True,error
sub-029,35,correct,1,510.1835135181922,-0.4464074100444087,True,True,True,correct
sub-029,36,correct,1,636.5285950895175,-2.298043939246785,True,True,True,correct
sub-029,37,correct,1,358.5334727299673,0.2994695002250107,True,True,True,correct
sub-029,38,correct,1,372.7388753886531,-2.3400880026130078,True,True,True,correct
sub-029,39,error,0,441.3079045668134,-1.22878127595379,False,True,True,error
sub-029,40,correct,1,447.97606435407965,-3.008814939646632,True,True,True,correct
sub-029,41,correct,1,436.0350544277858,0.9505635290207164,True,True,True,correct
sub-029,42,correct,1,518.4736469838259,-2.883150616387616,True,True,True,correct
sub-029,43,error,0,378.4491568056011,-6.261047798101039,False,True,True,error
sub-029,44,correct,1,399.9224414000232,1.1035597807143718,True,True,True,correct
sub-029,45,correct,1,444.123561621539,0.7017809221375013,True,True,True,correct
sub-029,46,error,0,533.3476339395235,-4.909516495070745,False,True,True,error
sub-029,47,correct,1,401.00745566502553,3.9299205293497352,True,True,True,correct
sub-029,48,correct,1,461.742608949542,4.546326179319699,True,True,True,correct
sub-029,49,correct,1,585.3201542150979,0.4724013405173857,True,True,True,correct
sub-029,50,correct,1,459.16860539028096,0.9461512724521806,True,True,True,correct
sub-029,51,correct,1,529.9406080079478,-3.575036345385683,True,True,True,correct
sub-029,52,correct,1,376.1261914068166,-5.260349448772169,True,True,True,correct
sub-029,53,correct,1,482.35202298134766,-2.578310376496128,True,True,True,correct
sub-029,54,error,0,482.45186110089793,-5.255442829560701,False,True,True,error
sub-029,55,correct,1,331.02558622512163,-4.262379722555128,True,True,True,correct
sub-029,56,correct,1,306.1701715037907,-1.386464267892364,True,True,True,correct
sub-029,57,correct,1,383.9927873958349,-1.874043455775688,True,True,True,correct
sub-029,58,correct,1,461.5364264274875,1.0208950875416762,True,True,True,correct
sub-029,59,correct,1,289.0251900492005,-2.489784588107352,True,True,True,correct
sub-029,60,correct,1,501.7898818813173,-3.1939790367509286,True,True,True,correct
sub-029,61,correct,1,518.1276725284446,1.1569139104191484,True,True,True,correct
sub-029,62,correct,1,428.3655605504546,1.145490618726304,True,True,True,correct
sub-029,63,correct,1,482.75905475900095,0.7968038984170036,True,True,True,correct
sub-029,64,correct,1,345.8019866444748,0.2043333232874875,True,True,True,correct
sub-029,65,correct,1,491.9691699952209,2.309528328548588,True,True,True,correct
sub-029,66,correct,1,474.7105853040964,3.5845865683932727,True,True,True,correct
sub-029,67,correct,1,550.5170046318736,-0.064039333479744,True,True,True,correct
sub-029,68,correct,1,439.3853453211825,0.6976625767917759,True,True,True,correct
sub-029,69,error,0,384.80626260604544,-4.808968375419942,False,True,True,error
sub-029,70,correct,1,376.1399939759391,-5.062113259169408,True,True,True,correct
sub-029,71,correct,1,431.0404102558833,-0.3204664071361002,True,True,True,correct
sub-029,72,correct,1,453.8732067565416,-0.0062655994629486,True,True,True,correct
sub-029,73,correct,1,502.3273549058141,-0.7062661834161263,True,True,True,correct
sub-029,74,correct,1,334.6560350105522,0.2858839459950127,True,True,True,correct
sub-029,75,error,0,456.0597818188378,-4.458631279809037,False,True,True,error
sub-029,76,error,0,419.9419659406319,-1.3179597682536337,False,True,True,error
sub-029,77,correct,1,425.62389694412417,1.2682545725348495,True,True,True,correct
sub-029,78,error,0,494.6048985301,-0.3302569836362128,False,True,True,error
sub-029,79,error,0,483.3593365704424,-4.70946683419762,False,True,True,error
sub-029,80,correct,1,477.0106525809673,2.828159029478471,True,True,True,correct
sub-029,81,correct,1,565.56670641,1.515199825037691,True,True,True,correct
sub-029,82,correct,1,584.915944687302,1.477259661409379,True,True,True,correct
sub-029,83,correct,1,483.0326055754674,-1.6071265601579765,True,True,True,correct
sub-029,84,error,0,382.7594904381976,-5.969011458919312,False,True,True,error
sub-029,85,correct,1,444.3347648253201,1.615531554095877,True,True,True,correct
sub-029,86,correct,1,470.7967355187545,-1.8727769454415792,True,True,True,correct
sub-029,87,correct,1,336.72137999223844,1.4855282744957297,True,True,True,correct
sub-029,88,correct,1,358.55023895863275,1.1888467198060442,True,True,True,correct
sub-029,89,correct,1,306.95631074733285,-3.030586145743464,True,True,True,correct
sub-029,90,correct,1,512.875758952222,1.2472896917353662,True,True,True,correct
sub-029,91,correct,1,526.0459317414266,0.3002190902789506,True,True,True,correct
sub-029,92,correct,1,602.1740724458695,-1.1883497177898263,True,True,True,correct
sub-029,93,error,0,411.653717520488,0.0486383271305843,False,True,True,error
sub-029,94,error,0,342.23113701543366,-2.987539764263183,False,True,True,error
sub-029,95,correct,1,456.85963788010713,1.523200169435104,True,True,True,correct
sub-029,96,correct,1,510.3315502355172,-2.5108441981577103,True,True,True,correct
sub-029,97,correct,1,318.0244379978715,0.9449974547140944,True,True,True,correct
sub-029,98,correct,1,414.5110740189026,-2.8182071921599574,True,True,True,correct
sub-029,99,error,0,536.614729878893,-7.1718115924799335,False,True,True,error
sub-029,100,correct,1,469.15992577075474,-3.360285447431783,True,True,True,correct
sub-029,101,correct,1,464.91599784414655,-1.2082761767018926,True,True,True,correct
sub-029,102,correct,1,406.3014040957689,2.730024800948861,True,True,True,correct
sub-029,103,correct,1,421.4653322818885,-1.822040665366043,True,True,True,correct
sub-029,104,correct,1,426.7493717337848,0.7523553543109325,True,True,True,correct
sub-029,105,correct,1,517.4862919676383,-0.2941760037762507,True,True,True,correct
sub-029,106,correct,1,367.3754663567945,1.5460668140171694,True,True,True,correct
sub-029,107,correct,1,522.9722452363137,-0.2868609374156288,True,True,True,correct
sub-029,108,correct,1,396.5863758144667,-2.4627630647268117,True,True,True,correct
sub-029,109,error,0,420.29378443858445,-3.400029195194403,False,True,True,error
sub-029,110,correct,1,545.7830467000435,-1.1893110910966116,True,True,True,correct
sub-029,111,correct,1,482.8564965376568,3.370970899346533,True,True,True,correct
sub-029,112,correct,1,436.859659482775,2.36567100527176,True,True,True,correct
sub-029,113,correct,1,435.0572280393697,-0.6923597486137019,True,True,True,correct
sub-029,114,error,0,418.0817633579609,-2.464802438286158,False,True,True,error
sub-029,115,correct,1,625.191459763656,-0.0334959730117958,True,True,True,correct
sub-029,116,correct,1,359.3917467102811,-0.2269628362972651,True,True,True,correct
sub-029,117,correct,1,323.3405945751027,0.5203642923696682,True,True,True,correct
sub-029,118,correct,1,463.2906563170084,0.722237681034406,True,True,True,correct
sub-029,119,correct,1,403.5676928966559,2.329242034638735,True,True,True,correct
sub-029,120,correct,1,467.6989558988764,0.887342641409046,True,True,True,correct
sub-029,121,correct,1,333.1946101704612,-2.1528786814249607,True,True,True,correct
sub-029,122,correct,1,505.1677702625629,0.7830232718845724,True,True,True,correct
sub-029,123,error,0,206.8555339777346,-3.876752870954462,False,True,True,error
sub-029,124,correct,1,421.9438187603456,2.707174826535605,True,True,True,correct
sub-029,125,error,0,488.4236878789695,-4.235027757054807,False,True,True,error
sub-029,126,correct,1,340.1197541926815,-0.0195452811855548,True,True,True,correct
sub-029,127,correct,1,527.2610792485772,-2.355010107375823,True,True,True,correct
sub-029,128,correct,1,305.6906828713379,1.926195378205128,True,True,True,correct
sub-029,129,correct,1,385.1379675250584,-0.7769537594356835,True,True,True,correct
sub-029,130,correct,1,546.8763534644411,1.6090592487937363,True,True,True,correct
sub-029,131,error,0,410.6613696356344,-3.034417256089895,False,True,True,error
sub-029,132,correct,1,479.2359032767103,-0.4843596410105554,True,True,True,correct
sub-029,133,correct,1,452.944404858135,-0.1039829026671044,True,True,True,correct
sub-029,134,correct,1,476.9444529407137,-1.452840102252287,True,True,True,correct
sub-029,135,error,0,290.8971831432808,-1.2161207598897272,False,True,True,error
sub-029,136,correct,1,438.02429784690776,-0.3438377504928295,True,True,True,correct
sub-029,137,correct,1,585.5895784387503,0.3492941516785908,True,True,True,correct
sub-029,138,correct,1,491.1905972963741,-4.261750756164885,True,True,True,correct
sub-029,139,correct,1,425.5141774859842,-2.3678420610272592,True,True,True,correct
sub-029,140,correct,1,400.75084122670535,3.396300906313713,True,True,True,correct
sub-029,141,correct,1,288.63848796196373,1.6019817553365128,True,True,True,correct
sub-029,142,correct,1,565.0389426107586,-4.808175128479233,True,True,True,correct
sub-029,143,correct,1,481.70798551578446,1.6425948007519708,True,True,True,correct
sub-029,144,error,0,417.87547478869,-2.742367041225798,False,True,True,error
sub-029,145,correct,1,322.69423709425524,-3.694753467901827,True,True,True,correct
sub-029,146,correct,1,465.3339721245353,1.366068610524944,True,True,True,correct
sub-029,147,correct,1,475.2091267736524,-1.91276951092918,True,True,True,correct
sub-029,148,correct,1,455.6615402523984,-1.925245343927465,True,True,True,correct
sub-029,149,error,0,511.2978689516007,-3.743472542216308,False,True,True,error
sub-029,150,correct,1,371.4893928803209,0.7953568662685262,True,True,True,correct
sub-029,151,correct,1,292.97734465942835,-3.4147302769397325,True,True,True,correct
sub-029,152,correct,1,461.0046346543484,-1.226346801918361,True,True,True,correct
sub-029,153,correct,1,410.6491832645369,-4.078458965470601,True,True,True,correct
sub-029,154,correct,1,444.3851160018426,-0.573420210539644,True,True,True,correct
sub-029,155,correct,1,416.6935605488137,4.222412348341747,True,True,True,correct
sub-029,156,correct,1,390.7187704312223,0.600609989122956,True,True,True,correct
sub-029,157,error,0,454.6369100424959,-4.262765404898705,False,True,True,error
sub-029,158,error,0,402.4915746823531,-4.895905269359872,False,True,True,error
sub-029,159,correct,1,325.4003721983639,0.5056025928900303,True,True,True,correct
sub-029,160,error,0,237.59166876870955,-2.1048790772731816,False,True,True,error
sub-030,1,correct,1,414.7409200635781,-0.2492323377017465,True,True,True,correct
sub-030,2,correct,1,422.2720206414866,-1.26077364560861,True,True,True,correct
sub-030,3,correct,1,462.5464750095986,-1.396794895079271,True,True,True,correct
sub-030,4,correct,1,473.58209551883147,-0.8419585541988852,True,True,True,correct
sub-030,5,correct,1,471.3959529220298,1.1226945596113995,True,True,True,correct
sub-030,6,error,0,545.3810247420022,-1.19304078580431,False,True,True,error
sub-030,7,correct,1,374.9009497022222,0.2340508165513186,True,True,True,correct
sub-030,8,correct,1,413.8268003874396,-0.4596021955923715,True,True,True,correct
sub-030,9,correct,1,487.8617088443795,-0.1043930470372822,True,True,True,correct
sub-030,10,correct,1,448.7511263065006,-1.7012046494593251,True,True,True,correct
sub-030,11,correct,1,390.1510508210828,0.4110259138569556,True,True,True,correct
sub-030,12,correct,1,483.2434008167287,-1.573339446995879,True,True,True,correct
sub-030,13,correct,1,309.790302037254,1.1985014453669474,True,True,True,correct
sub-030,14,correct,1,444.40372853999753,-0.3550538662480128,True,True,True,correct
sub-030,15,error,0,338.7427298701747,-1.4283003786246502,False,True,True,error
sub-030,16,correct,1,559.9511327507101,1.62840807816884,True,True,True,correct
sub-030,17,error,0,432.4036239912272,-4.880757976307375,False,True,True,error
sub-030,18,correct,1,394.96882637594,-1.5011776849259313,True,True,True,correct
sub-030,19,correct,1,418.6123077192264,0.0805375778576591,True,True,True,correct
sub-030,20,error,0,377.8759619533333,-1.6335718860245896,False,True,True,error
sub-030,21,correct,1,478.76161284982095,1.604894857639417,True,True,True,correct
sub-030,22,correct,1,483.7537349757234,-0.7811831068938311,True,True,True,correct
sub-030,23,correct,1,484.9462210955955,2.078026816135268,True,True,True,correct
sub-030,24,correct,1,431.4692057922235,-0.9213668542424164,True,True,True,correct
sub-030,25,error,0,470.3436342164614,-0.4884726539563273,False,True,True,error
sub-030,26,error,0,361.64904477586185,-3.863144896053355,False,True,True,error
sub-030,27,correct,1,460.51037109386783,1.3386520796530204,True,True,True,correct
sub-030,28,correct,1,605.689724155649,1.711766808778045,True,True,True,correct
sub-030,29,correct,1,377.1394252936133,-4.6229700434086265,True,True,True,correct
sub-030,30,correct,1,607.2616930130089,0.07904115803268,True,True,True,correct
sub-030,31,correct,1,385.44731747643056,0.6501774970211451,True,True,True,correct
sub-030,32,error,0,414.7898538086116,-3.041147236837971,False,True,True,error
sub-030,33,correct,1,547.8378694091892,-3.030415633736794,True,True,True,correct
sub-030,34,correct,1,453.2192364832765,-2.206260149095966,True,True,True,correct
sub-030,35,correct,1,547.0959042860986,-0.7737025301386798,True,True,True,correct
sub-030,36,error,0,393.097911588985,-4.018798756648525,False,True,True,error
sub-030,37,error,0,335.8408786450641,-0.8759187904234633,False,True,True,error
sub-030,38,error,0,470.9548274240786,-1.2436749637842082,False,True,True,error
sub-030,39,correct,1,699.7792432446978,1.538716661623317,True,True,True,correct
sub-030,40,correct,1,430.3328985878515,-0.69212197752672,True,True,True,correct
sub-030,41,correct,1,480.1613178037943,-1.986641485324402,True,True,True,correct
sub-030,42,error,0,385.1674478220829,-4.036703453873915,False,True,True,error
sub-030,43,correct,1,472.8999381567701,-1.1376584271042578,True,True,True,correct
sub-030,44,error,0,568.9161464337292,-6.100202476576422,False,True,True,error
sub-030,45,error,0,498.01952746442,-7.460304969669777,False,True,True,error
sub-030,46,correct,1,437.3043490601996,-3.8057672428800577,True,True,True,correct
sub-030,47,correct,1,420.6944239784445,-2.6942849123197474,True,True,True,correct
sub-030,48,correct,1,538.049718305399,2.046934651331282,True,True,True,correct
sub-030,49,correct,1,403.4602986998496,0.6520362576501701,True,True,True,correct
sub-030,50,correct,1,351.6316294158348,-2.216428045530788,True,True,True,correct
sub-030,51,correct,1,414.6274080742424,0.7412445675968629,True,True,True,correct
sub-030,52,correct,1,387.3112153520224,-0.7907328716577069,True,True,True,correct
sub-030,53,correct,1,369.72292096543214,-2.344977884357656,True,True,True,correct
sub-030,54,correct,1,557.6634265070909,-1.4844998799651323,True,True,True,correct
sub-030,55,correct,1,491.3367709210976,-2.732696072025264,True,True,True,correct
sub-030,56,error,0,453.07563972551225,-3.842768774702134,False,True,True,error
sub-030,57,correct,1,550.1374239048937,2.446700389719596,True,True,True,correct
sub-030,58,correct,1,409.5422523936875,0.7431717099664852,True,True,True,correct
sub-030,59,error,0,534.4701520121877,-1.436147262494178,False,True,True,error
sub-030,60,correct,1,390.3688708409231,-0.6446463809740485,True,True,True,correct
sub-030,61,correct,1,446.6877675325328,-2.76667825894225,True,True,True,correct
sub-030,62,correct,1,513.7356980700465,-5.697782297387324,True,True,True,correct
sub-030,63,correct,1,487.1311036299756,1.4153164172316446,True,True,True,correct
sub-030,64,correct,1,537.6532117910783,-2.034003766531696,True,True,True,correct
sub-030,65,error,0,581.9702156956048,-4.978119753925077,False,True,True,error
sub-030,66,correct,1,494.697613126432,-0.8073426868627653,True,True,True,correct
sub-030,67,correct,1,463.8157930471065,1.9101646425653371,True,True,True,correct
sub-030,68,error,0,467.0542157226748,-3.9532216426675992,False,True,True,error
sub-030,69,correct,1,387.4285982561137,-1.8190318685773543,True,True,True,correct
sub-030,70,correct,1,353.85881460258616,-2.932490559886286,True,True,True,correct
sub-030,71,correct,1,445.0530223827727,-0.511552256062597,True,True,True,correct
sub-030,72,error,0,279.5858103084298,-3.295369025120448,False,True,True,error
sub-030,73,correct,1,587.6428894453886,0.3597782757391075,True,True,True,correct
sub-030,74,correct,1,462.9752050183688,0.924144638955799,True,True,True,correct
sub-030,75,correct,1,343.412992009046,-0.3273186481087071,True,True,True,correct
sub-030,76,correct,1,727.3386033822503,0.6062671920060214,True,True,True,correct
sub-030,77,correct,1,425.3091728246092,-0.8604358581326819,True,True,True,correct
sub-030,78,correct,1,602.9552030076861,0.1696534993629166,True,True,True,correct
sub-030,79,error,0,522.7853530941243,-2.882525194304985,False,True,True,error
sub-030,80,correct,1,390.763035314114,0.1215635448071669,True,True,True,correct
sub-030,81,correct,1,364.5728368156715,-1.7050264345974762,True,True,True,correct
sub-030,82,correct,1,407.4689328157811,0.5550582946773892,True,True,True,correct
sub-030,83,error,0,345.6088210894929,-3.552485686535447,False,True,True,error
sub-030,84,correct,1,471.6824661824978,2.230348538759381,True,True,True,correct
sub-030,85,correct,1,511.5792212001788,0.9066601739251948,True,True,True,correct
sub-030,86,correct,1,440.0014948796072,-0.5033309804928853,True,True,True,correct
sub-030,87,correct,1,376.0217892114449,-1.7914231475672602,True,True,True,correct
sub-030,88,error,0,564.8403210458304,-1.3413367483798977,False,True,True,error
sub-030,89,correct,1,477.3117612461464,4.743217348686683,True,True,True,correct
sub-030,90,correct,1,452.147739757692,-0.9610255772606656,True,True,True,correct
sub-030,91,error,0,424.0661663561024,-4.941664299254734,False,True,True,error
sub-030,92,correct,1,613.6704489491129,-0.0607015829170993,True,True,True,correct
sub-030,93,correct,1,555.2925815710164,5.46778565196988,True,True,True,correct
sub-030,94,correct,1,479.3140037372899,0.7755488230656116,True,True,True,correct
sub-030,95,correct,1,432.2537788958164,1.1183514423633163,True,True,True,correct
sub-030,96,correct,1,559.2879024718925,1.335680317407452,True,True,True,correct
sub-030,97,correct,1,448.91359276781054,-1.1984522898822012,True,True,True,correct
sub-030,98,error,0,317.47796629059064,-0.2189293520520121,False,True,True,error
sub-030,99,correct,1,473.7939129270479,0.0553777772380891,True,True,True,correct
sub-030,100,error,0,407.8138718224258,-2.5747534831394447,False,True,True,error
sub-030,101,error,0,459.132627129642,-1.8886313992081984,False,True,True,error
sub-030,102,correct,1,507.4074175939712,1.717947276167104,True,True,True,correct
sub-030,103,correct,1,544.3559558983906,-1.6195143746852776,True,True,True,correct
sub-030,104,correct,1,335.50344314522994,3.666467795563635,True,True,True,correct
sub-030,105,error,0,289.5480868668062,-4.32410712715188,False,True,True,error
sub-030,106,error,0,508.7718760801853,-6.8311924782289175,False,True,True,error
sub-030,107,correct,1,440.5483064228517,-1.3546679645392232,True,True,True,correct
sub-030,108,correct,1,510.6936656439773,1.3127287457874672,True,True,True,correct
sub-030,109,correct,1,298.49257992087144,-1.3932764210222088,True,True,True,correct
sub-030,110,correct,1,537.2291002318022,-0.7907993003392951,True,True,True,correct
sub-030,111,correct,1,450.2320694237304,-1.0882261129783282,True,True,True,correct
sub-030,112,correct,1,519.6848037472134,-0.1930876141453292,True,True,True,correct
sub-030,113,error,0,506.0438950303614,-2.148900425950393,False,True,True,error
sub-030,114,error,0,390.4310082439162,-2.371855715420997,False,True,True,error
sub-030,115,error,0,464.257968597679,-3.1434082065898483,False,True,True,error
sub-030,116,correct,1,292.55050644221546,1.0562363945126898,True,True,True,correct
sub-030,117,correct,1,401.9322327869386,-2.225433159351056,True,True,True,correct
sub-030,118,correct,1,381.9866896031803,-0.8285173817044333,True,True,True,correct
sub-030,119,correct,1,404.4957776782264,2.6919960663598377,True,True,True,correct
sub-030,120,correct,1,531.6396908888713,0.1962168205378377,True,True,True,correct
sub-030,121,correct,1,435.71288906775067,-3.0916650956748586,True,True,True,correct
sub-030,122,correct,1,469.86746679840576,1.4161943442135176,True,True,True,correct
sub-030,123,correct,1,522.166698235704,0.6214608493654858,True,True,True,correct
sub-030,124,correct,1,545.8098769291387,1.8354837046554584,True,True,True,correct
sub-030,125,correct,1,354.753318405948,1.1382179627120188,True,True,True,correct
sub-030,126,correct,1,458.79462246575616,-5.1941300230816125,True,True,True,correct
sub-030,127,correct,1,370.99578062552166,-3.566917013485041,True,True,True,correct
sub-030,128,correct,1,364.2744165676608,0.7513827838490021,True,True,True,correct
sub-030,129,correct,1,456.3014996081149,-0.8693960193302614,True,True,True,correct
sub-030,130,correct,1,449.2777008252696,-1.2734554444535324,True,True,True,correct
sub-030,131,correct,1,334.85503630471214,-4.418631764379723,True,True,True,correct
sub-030,132,correct,1,413.0522061788839,-0.7441744695636974,True,True,True,correct
sub-030,133,correct,1,414.44245629708007,-1.5540911950719507,True,True,True,correct
sub-030,134,correct,1,579.7030125695443,-2.208653154569111,True,True,True,correct
sub-030,135,correct,1,511.722304004662,-0.5345133360902609,True,True,True,correct
sub-030,136,correct,1,408.8824564843647,0.7333528420118212,True,True,True,correct
sub-030,137,correct,1,576.8758579005753,0.2301137175406317,True,True,True,correct
sub-030,138,correct,1,450.3860847229925,-2.4194398530012045,True,True,True,correct
sub-030,139,correct,1,371.2747678536344,-2.115694002971515,True,True,True,correct
sub-030,140,correct,1,498.9230897114368,-1.8549042356814325,True,True,True,correct
sub-030,141,correct,1,473.1036089850663,-0.440090185041737,True,True,True,correct
sub-030,142,error,0,301.86868812390617,-5.160833703935388,False,True,True,error
sub-030,143,correct,1,484.0026650173572,-0.8361136582762556,True,True,True,correct
sub-030,144,correct,1,509.4849224185495,-0.807811833779076,True,True,True,correct
sub-030,145,correct,1,462.079180690584,0.0891063659584692,True,True,True,correct
sub-030,146,correct,1,262.3196676709628,1.54128822889641,True,True,True,correct
sub-030,147,correct,1,467.8335513772509,-0.0426696893825587,True,True,True,correct
sub-030,148,correct,1,401.6935184030461,-4.234025673078266,True,True,True,correct
sub-030,149,correct,1,546.5245996167068,3.325473596230676,True,True,True,correct
sub-030,150,correct,1,530.2237236943924,-1.6170128964003108,True,True,True,correct
sub-030,151,error,0,454.37480078184575,-1.2764493361085425,False,True,True,error
sub-030,152,error,0,501.652435194217,-4.063852656624155,False,True,True,error
sub-030,153,correct,1,503.3028535603492,-5.441337946336578,True,True,True,correct
sub-030,154,correct,1,549.0636864083933,2.153013638746478,True,True,True,correct
sub-030,155,correct,1,506.93731893542287,-1.6916790363716971,True,True,True,correct
sub-030,156,correct,1,492.6716817307236,-0.843379965625407,True,True,True,correct
sub-030,157,correct,1,392.7897029472222,-4.189239500794095,True,True,True,correct
sub-030,158,correct,1,455.5718956486097,-0.0572408764013935,True,True,True,correct
sub-030,159,correct,1,546.9371465305918,-1.9369745288504667,True,True,True,correct
sub-030,160,correct,1,508.35453782622426,-1.054345043791884,True,True,True,correct
sub-031,1,error,0,479.3682372611647,-1.5366582180305106,False,True,True,error
sub-031,2,correct,1,519.5739302757252,1.9524760248974509,True,True,True,correct
sub-031,3,error,0,502.81236533126463,-3.8526602661297096,False,True,True,error
sub-031,4,correct,1,448.156747052672,-1.6671855529873392,True,True,True,correct
sub-031,5,correct,1,360.1019623481177,4.1564613291106,True,True,True,correct
sub-031,6,correct,1,425.2412712625065,-0.8764653281370398,True,True,True,correct
sub-031,7,correct,1,618.6348784970139,4.089990248245389,True,True,True,correct
sub-031,8,correct,1,435.5220790208217,-2.8953050995856167,True,True,True,correct
sub-031,9,correct,1,522.8888346597427,-0.7041230174052209,True,True,True,correct
sub-031,10,error,0,490.0535899366152,-3.387296838444261,False,True,True,error
sub-031,11,correct,1,645.4543592276862,0.3318330144978534,True,True,True,correct
sub-031,12,error,0,513.4230131721268,0.027021571992551,False,True,True,error
sub-031,13,correct,1,399.47351350649,3.724796440202754,True,True,True,correct
sub-031,14,correct,1,446.1598220966939,-2.9478980203135583,True,True,True,correct
sub-031,15,correct,1,425.2548578299939,-5.476752320346681,True,True,True,correct
sub-031,16,correct,1,363.5386855086546,-1.1298807284057422,True,True,True,correct
sub-031,17,correct,1,417.79861812913896,-0.4330142190376247,True,True,True,correct
sub-031,18,correct,1,322.2611019099346,-1.784066474153943,True,True,True,correct
sub-031,19,correct,1,557.4066970508927,-2.3405923204707166,True,True,True,correct
sub-031,20,correct,1,507.13686169664606,-1.848851913114387,True,True,True,correct
sub-031,21,error,0,369.7390159346717,-2.275374512201016,False,True,True,error
sub-031,22,correct,1,340.8402914051472,-2.7108037116993784,True,True,True,correct
sub-031,23,correct,1,471.4806811149082,-1.770512804581526,True,True,True,correct
sub-031,24,correct,1,512.4593517341787,1.0518390795393688,True,True,True,correct
sub-031,25,correct,1,595.8589551147189,-3.5092562759277435,True,True,True,correct
sub-031,26,error,0,359.3829666488699,-3.658998570390844,False,True,True,error
sub-031,27,error,0,404.9077237799703,-3.6967261123140944,False,True,True,error
sub-031,28,error,0,336.8903590949833,-0.2261363140675243,False,True,True,error
sub-031,29,error,0,476.0045135437895,-4.2140234923180815,False,True,True,error
sub-031,30,correct,1,370.3116296142598,1.3041362209395426,True,True,True,correct
sub-031,31,correct,1,475.6260192550643,-5.180369964502007,True,True,True,correct
sub-031,32,correct,1,468.84525084231,-0.6936236596971779,True,True,True,correct
sub-031,33,correct,1,399.1920180704565,-1.5534957898297836,True,True,True,correct
sub-031,34,error,0,439.3873721300403,-1.832911507531032,False,True,True,error
sub-031,35,correct,1,399.4208150857886,1.409115362418882,True,True,True,correct
sub-031,36,correct,1,434.6135107974069,0.963923703359238,True,True,True,correct
sub-031,37,correct,1,467.89979678796254,1.404579578003202,True,True,True,correct
sub-031,38,correct,1,612.4948109567717,-2.429077657055972,True,True,True,correct
sub-031,39,correct,1,466.6400015442021,-0.0660299145257274,True,True,True,correct
sub-031,40,correct,1,425.2540471749047,2.2057213489121983,True,True,True,correct
sub-031,41,correct,1,468.26642088761366,-4.105040540536482,True,True,True,correct
sub-031,42,error,0,249.9818195493365,-0.8398687357320784,False,True,True,error
sub-031,43,correct,1,428.9691973582617,-6.425125400692214,True,True,True,correct
sub-031,44,correct,1,346.41371145427973,-2.059293629058581,True,True,True,correct
sub-031,45,correct,1,540.3178398037975,-1.8006342768233723,True,True,True,correct
sub-031,46,correct,1,318.77805055338257,-1.4236272206253322,True,True,True,correct
sub-031,47,correct,1,507.9378053308485,0.954638965277546,True,True,True,correct
sub-031,48,correct,1,403.3483385195816,-2.1706735625350797,True,True,True,correct
sub-031,49,correct,1,431.6851665330233,0.9557912535512374,True,True,True,correct
sub-031,50,correct,1,447.3486271215292,-3.771652138104651,True,True,True,correct
sub-031,51,correct,1,530.8868373438204,-4.382946974462173,True,True,True,correct
sub-031,52,correct,1,535.2819527634535,0.1381819450664523,True,True,True,correct
sub-031,53,correct,1,466.332258468884,0.7207490441395334,True,True,True,correct
sub-031,54,correct,1,324.1268508518896,-2.6897669226982988,True,True,True,correct
sub-031,55,correct,1,470.84717261961504,-0.3475505888597096,True,True,True,correct
sub-031,56,correct,1,354.899020583446,1.0347822035961094,True,True,True,correct
sub-031,57,correct,1,558.8074838457221,-0.7039546718690695,True,True,True,correct
sub-031,58,correct,1,492.665734817334,0.4043230128281756,True,True,True,correct
sub-031,59,correct,1,512.1715938090505,-2.9769151036891826,True,True,True,correct
sub-031,60,correct,1,532.5585524657245,0.3705122831899063,True,True,True,correct
sub-031,61,correct,1,449.3093724174228,-0.2468404450477948,True,True,True,correct
sub-031,62,correct,1,413.79587530847857,-0.2393778097310182,True,True,True,correct
sub-031,63,correct,1,529.8248856814766,-1.890952971355969,True,True,True,correct
sub-031,64,error,0,303.7224384137787,-3.104344177689027,False,True,True,error
sub-031,65,error,0,370.6731843658159,-1.0150491750050623,False,True,True,error
sub-031,66,correct,1,462.301429549778,-0.2479293611202876,True,True,True,correct
sub-031,67,correct,1,315.09993940833,0.2293202608169573,True,True,True,correct
sub-031,68,correct,1,543.9747812978926,-2.145941350046261,True,True,True,correct
sub-031,69,correct,1,513.1505681499686,-4.595309547793825,True,True,True,correct
sub-031,70,correct,1,450.7041175759848,-2.5267516842676443,True,True,True,correct
sub-031,71,correct,1,507.0335779389304,-1.3681807135648856,True,True,True,correct
sub-031,72,correct,1,535.2675530851149,-0.5630211071856661,True,True,True,correct
sub-031,73,correct,1,298.2709263500127,-1.4920266608112678,True,True,True,correct
sub-031,74,correct,1,427.3158715492658,-3.721401092832103,True,True,True,correct
sub-031,75,correct,1,363.861276530552,-0.0302531584007373,True,True,True,correct
sub-031,76,correct,1,432.5973482281945,2.518569573337828,True,True,True,correct
sub-031,77,correct,1,527.1534115672987,-3.132484643360411,True,True,True,correct
sub-031,78,correct,1,478.0340989847484,0.4333043544185078,True,True,True,correct
sub-031,79,correct,1,387.2664749712642,0.0373037059117158,True,True,True,correct
sub-031,80,error,0,334.8925801187712,-1.8989006407108076,False,True,True,error
sub-031,81,correct,1,396.838815252289,2.77115052937628,True,True,True,correct
sub-031,82,correct,1,466.51679125742464,-0.5421710805871458,True,True,True,correct
sub-031,83,correct,1,430.0496662354817,-0.252286017285421,True,True,True,correct
sub-031,84,correct,1,529.3991501053437,0.6730568860474151,True,True,True,correct
sub-031,85,correct,1,429.3452760134936,-4.090013342922915,True,True,True,correct
sub-031,86,correct,1,327.58224445777125,-4.698860558883451,True,True,True,correct
sub-031,87,correct,1,510.503961614496,-0.7585293152505186,True,True,True,correct
sub-031,88,correct,1,352.68462970597534,3.468414878703321,True,True,True,correct
sub-031,89,correct,1,437.9874376817079,0.5094624728765191,True,True,True,correct
sub-031,90,correct,1,492.6626574619949,0.1136467547585688,True,True,True,correct
sub-031,91,correct,1,375.658591629334,-5.589924799032211,True,True,True,correct
sub-031,92,correct,1,519.509842077921,-3.6455286738013983,True,True,True,correct
sub-031,93,error,0,367.06741002886406,-3.564754078317235,False,True,True,error
sub-031,94,correct,1,479.0989752104892,-0.689710925109415,True,True,True,correct
sub-031,95,correct,1,298.0178775374018,-1.3724593969253638,True,True,True,correct
sub-031,96,correct,1,377.6812069569594,1.1938144003592,True,True,True,correct
sub-031,97,correct,1,571.4814607621464,1.3229452049080217,True,True,True,correct
sub-031,98,correct,1,484.0481231628542,-1.5112112869515668,True,True,True,correct
sub-031,99,correct,1,650.246215474792,-0.7178690963226271,True,True,True,correct
sub-031,100,correct,1,462.1768019933597,-5.111512254360732,True,True,True,correct
sub-031,101,correct,1,545.3591892197412,1.3733342779718969,True,True,True,correct
sub-031,102,correct,1,500.14992088535695,-1.260234835177923,True,True,True,correct
sub-031,103,correct,1,494.877272092845,-1.761594154603026,True,True,True,correct
sub-031,104,correct,1,432.0893572437925,-1.799415557183808,True,True,True,correct
sub-031,105,correct,1,515.5619605891441,-1.888107437718576,True,True,True,correct
sub-031,106,correct,1,482.6993146245653,-1.3061509229119723,True,True,True,correct
sub-031,107,error,0,413.2697610862402,-3.9804286904683672,False,True,True,error
sub-031,108,correct,1,499.23776484699926,-1.3790285435482386,True,True,True,correct
sub-031,109,correct,1,385.8410858472067,-0.1519532024403628,True,True,True,correct
sub-031,110,correct,1,584.9573884327516,-3.3639198930351366,True,True,True,correct
sub-031,111,error,0,477.0638899918192,-3.3854188424979945,False,True,True,error
sub-031,112,correct,1,500.18680491411135,-0.2014062506804375,True,True,True,correct
sub-031,113,correct,1,414.97383605121786,-2.631757903510749,True,True,True,correct
sub-031,114,correct,1,410.2647747488168,-0.0048068328454853,True,True,True,correct
sub-031,115,correct,1,417.4579008675374,1.0840593661127775,True,True,True,correct
sub-031,116,correct,1,402.2640051645018,-0.3119486661170991,True,True,True,correct
sub-031,117,correct,1,484.1577077902225,1.6315347285410453,True,True,True,correct
sub-031,118,correct,1,406.9643211059524,-0.7482322959803253,True,True,True,correct
sub-031,119,correct,1,458.2523195858996,0.8691576151494678,True,True,True,correct
sub-031,120,correct,1,425.2781267236758,0.1629616329181804,True,True,True,correct
sub-031,121,correct,1,467.357279719864,-1.1670414858481113,True,True,True,correct
sub-031,122,error,0,408.02471586303744,-0.0940125050092035,False,True,True,error
sub-031,123,correct,1,547.2800425792783,-3.4751802588061294,True,True,True,correct
sub-031,124,error,0,354.342195320212,-2.629127428158048,False,True,True,error
sub-031,125,correct,1,420.7773630678392,-0.5168977032858938,True,True,True,correct
sub-031,126,correct,1,552.5438414150053,0.8864264957346104,True,True,True,correct
sub-031,127,correct,1,489.0285305781828,-2.436720870936776,True,True,True,correct
sub-031,128,correct,1,525.7018604485115,-0.9540411953200636,True,True,True,correct
sub-031,129,correct,1,476.6326099956205,5.318258377307236,True,True,True,correct
sub-031,130,correct,1,544.992448678084,2.195382152009308,True,True,True,correct
sub-031,131,correct,1,579.954317659839,-2.6395387986008485,True,True,True,correct
sub-031,132,correct,1,518.0656603165504,-3.0123382443590936,True,True,True,correct
sub-031,133,correct,1,494.7508009642659,-0.6859707583499626,True,True,True,correct
sub-031,134,correct,1,484.2425349009179,-2.9335697368973475,True,True,True,correct
sub-031,135,correct,1,544.1812053576447,2.495806522375724,True,True,True,correct
sub-031,136,error,0,520.0083000076161,-3.637934956709089,False,True,True,error
sub-031,137,correct,1,410.9324701767989,2.992593761305152,True,True,True,correct
sub-031,138,correct,1,331.1914382367329,-4.199152128342436,True,True,True,correct
sub-031,139,correct,1,435.0070021217923,-0.6274150923942792,True,True,True,correct
sub-031,140,correct,1,514.7115519669694,-1.72841773221383,True,True,True,correct
sub-031,141,correct,1,409.7826313844233,0.3274678029897682,True,True,True,correct
sub-031,142,error,0,414.4679560498518,-4.21345104227527,False,True,True,error
sub-031,143,correct,1,570.1658962185053,-2.436054511692402,True,True,True,correct
sub-031,144,correct,1,511.490740416837,3.325886398549245,True,True,True,correct
sub-031,145,correct,1,497.3053922758581,-1.191912601935036,True,True,True,correct
sub-031,146,correct,1,405.9987008368902,-1.4721964553754652,True,True,True,correct
sub-031,147,correct,1,378.8270109709839,-0.1968652892688833,True,True,True,correct
sub-031,148,error,0,477.1571874587247,-5.04395075209396,False,True,True,error
sub-031,149,correct,1,563.7710594811535,-1.59190800731839,True,True,True,correct
sub-031,150,error,0,461.94987806282217,-4.4594586756871335,False,True,True,error
sub-031,151,correct,1,590.6451900166403,1.0154375264814768,True,True,True,correct
sub-031,152,correct,1,466.2204837509819,-1.9805593235812524,True,True,True,correct
sub-031,153,correct,1,504.02061049422406,1.118676032835914,True,True,True,correct
sub-031,154,error,0,398.97459607021057,-3.11171098801448,False,True,True,error
sub-031,155,correct,1,527.3591838895603,-0.5470662727013759,True,True,True,correct
sub-031,156,correct,1,395.1737679442343,-1.7802878331916845,True,True,True,correct
sub-031,157,correct,1,433.5429714310968,-0.5329326959096936,True,True,True,correct
sub-031,158,correct,1,571.7205989323888,-0.6564830330104986,True,True,True,correct
sub-031,159,correct,1,456.1171292644431,-2.2386183648545703,True,True,True,correct
sub-031,160,correct,1,459.3688163417646,-3.76352839289327,True,True,True,correct
sub-032,1,correct,1,395.511789152845,1.275820211390247,True,True,True,correct
sub-032,2,error,0,454.9446841469827,1.7930482036294304,False,True,True,error
sub-032,3,error,0,465.54558124050897,-1.0074073317502874,False,True,True,error
sub-032,4,correct,1,483.16764649022,-1.454134220032655,True,True,True,correct
sub-032,5,error,0,350.484141783028,-0.2358706725543624,False,True,True,error
sub-032,6,error,0,304.1986230534183,0.2908531101290452,False,True,True,error
sub-032,7,correct,1,415.0374675296397,-1.34840339615799,True,True,True,correct
sub-032,8,correct,1,382.7528930955349,-2.299601738164101,True,True,True,correct
sub-032,9,correct,1,363.6496438990343,1.1504621156664832,True,True,True,correct
sub-032,10,correct,1,337.76603378119614,1.7242771091104552,True,True,True,correct
sub-032,11,correct,1,575.2863561977912,0.702725965004484,True,True,True,correct
sub-032,12,correct,1,418.9814772350768,-1.1908297801514005,True,True,True,correct
sub-032,13,correct,1,467.5748584864617,-0.7901555917947467,True,True,True,correct
sub-032,14,correct,1,464.5050780224951,-2.005499771096517,True,True,True,correct
sub-032,15,correct,1,458.471168112836,1.9311583880506864,True,True,True,correct
sub-032,16,correct,1,530.8260074443269,-1.193841541273898,True,True,True,correct
sub-032,17,correct,1,451.76183663245325,-2.1628971176073946,True,True,True,correct
sub-032,18,correct,1,485.2865900629429,0.1382469949570248,True,True,True,correct
sub-032,19,correct,1,539.257500723414,-1.3638967854440565,True,True,True,correct
sub-032,20,correct,1,561.7672816108926,-0.5638773109945354,True,True,True,correct
sub-032,21,correct,1,448.21817618559226,-3.6415937460996375,True,True,True,correct
sub-032,22,correct,1,464.510418796337,1.183848661612671,True,True,True,correct
sub-032,23,correct,1,548.5529253390197,1.1086750951419635,True,True,True,correct
sub-032,24,correct,1,452.3964412673072,0.9119586930155008,True,True,True,correct
sub-032,25,correct,1,521.7823577505857,-0.3492997235841529,True,True,True,correct
sub-032,26,error,0,411.7325436006192,-2.114890627186199,False,True,True,error
sub-032,27,correct,1,363.1931456882602,-3.160192389023756,True,True,True,correct
sub-032,28,error,0,339.9064594867033,-3.8491156616008175,False,True,True,error
sub-032,29,correct,1,574.7818879232655,-1.810331170723789,True,True,True,correct
sub-032,30,correct,1,533.9644568663214,-0.554598004140082,True,True,True,correct
sub-032,31,correct,1,381.3499486658898,1.9310342653167851,True,True,True,correct
sub-032,32,error,0,325.6678216176539,-2.4878610052944903,False,True,True,error
sub-032,33,error,0,493.18971742273,-1.0574624529836891,False,True,True,error
sub-032,34,correct,1,345.8862861024446,4.230366322817815,True,True,True,correct
sub-032,35,correct,1,486.5560417887854,-0.398997959538974,True,True,True,correct
sub-032,36,correct,1,495.681977858935,-2.3240611850725506,True,True,True,correct
sub-032,37,correct,1,489.1450176066437,-0.6806902233321642,True,True,True,correct
sub-032,38,correct,1,377.38808763785664,-0.0921902989045087,True,True,True,correct
sub-032,39,correct,1,511.4185013387571,-1.8621744195700856,True,True,True,correct
sub-032,40,correct,1,441.26100468654096,-2.767617873352176,True,True,True,correct
sub-032,41,error,0,371.3933875761013,0.4933627223114845,False,True,True,error
sub-032,42,correct,1,545.14105610057,-2.53794608496119,True,True,True,correct
sub-032,43,correct,1,489.4601095957433,-1.6150527902035223,True,True,True,correct
sub-032,44,error,0,411.7085567386227,-3.739490051299832,False,True,True,error
sub-032,45,correct,1,363.1932102446074,-1.54264172447201,True,True,True,correct
sub-032,46,correct,1,387.4308408543442,0.8794302108317246,True,True,True,correct
sub-032,47,correct,1,451.6559149463167,-1.5289237358836587,True,True,True,correct
sub-032,48,correct,1,490.20521620506304,-1.2818288315668545,True,True,True,correct
sub-032,49,correct,1,439.9491289081423,0.6966087605398804,True,True,True,correct
sub-032,50,correct,1,525.2766388535961,0.0600299183123179,True,True,True,correct
sub-032,51,correct,1,474.13067759783735,-2.6787524367268625,True,True,True,correct
sub-032,52,correct,1,396.3966731150955,-2.2708317410403698,True,True,True,correct
sub-032,53,correct,1,508.5735870518568,-1.7274921227732576,True,True,True,correct
sub-032,54,correct,1,421.8371614496203,-0.7184129596792199,True,True,True,correct
sub-032,55,error,0,392.2370842820354,0.1477182153751317,False,True,True,error
sub-032,56,correct,1,481.2873833802784,2.2402795451752784,True,True,True,correct
sub-032,57,correct,1,493.2272887655103,-4.323833013683698,True,True,True,correct
sub-032,58,correct,1,451.6473415155469,4.536052050738185,True,True,True,correct
sub-032,59,correct,1,417.13134125642887,0.5210349745773936,True,True,True,correct
sub-032,60,correct,1,507.5468116777099,-1.4806030821048903,True,True,True,correct
sub-032,61,correct,1,472.7854163895197,-1.871428676882188,True,True,True,correct
sub-032,62,correct,1,502.6883494032634,0.2985361930361107,True,True,True,correct
sub-032,63,correct,1,510.7829594381366,1.7140081092609836,True,True,True,correct
sub-032,64,error,0,402.9475538402924,0.2651621047104893,False,True,True,error
sub-032,65,error,0,365.37791087555473,-2.0829578085815,False,True,True,error
sub-032,66,correct,1,451.7051176257515,-1.0186075891029542,True,True,True,correct
sub-032,67,correct,1,355.04864732040846,-2.186175586591466,True,True,True,correct
sub-032,68,correct,1,416.16941484156274,0.0313787249385955,True,True,True,correct
sub-032,69,error,0,477.4694031895245,-0.2610095279550156,False,True,True,error
sub-032,70,correct,1,254.70683191483968,0.8743998253635977,True,True,True,correct
sub-032,71,correct,1,519.8551507955166,0.8690098112387218,True,True,True,correct
sub-032,72,correct,1,449.4930671437334,1.400284757353659,True,True,True,correct
sub-032,73,correct,1,603.1253339061757,2.94123549246199,True,True,True,correct
sub-032,74,correct,1,478.1557280914519,-2.290055530681135,True,True,True,correct
sub-032,75,error,0,323.8443508132368,-1.781251521862266,False,True,True,error
sub-032,76,correct,1,470.8183377964011,-0.1775316431998947,True,True,True,correct
sub-032,77,correct,1,488.8749550936887,-3.4472313927559024,True,True,True,correct
sub-032,78,correct,1,510.0286577699136,-2.74703126514147,True,True,True,correct
sub-032,79,correct,1,404.1221619374784,1.721121082744708,True,True,True,correct
sub-032,80,correct,1,433.81968594119576,-0.1849721599105527,True,True,True,correct
sub-032,81,correct,1,599.9935580387979,2.1035354335411336,True,True,True,correct
sub-032,82,correct,1,335.3457874503294,0.0464239883925007,True,True,True,correct
sub-032,83,correct,1,356.3253589898852,1.318045157947017,True,True,True,correct
sub-032,84,correct,1,417.6425152668669,-3.448027629835912,True,True,True,correct
sub-032,85,correct,1,477.118606274416,-1.8406274807907252,True,True,True,correct
sub-032,86,correct,1,289.59048567559535,-1.8328814835980487,True,True,True,correct
sub-032,87,correct,1,512.5205739307789,-0.4844548111025173,True,True,True,correct
sub-032,88,correct,1,593.8367885232183,1.969245886729796,True,True,True,correct
sub-032,89,correct,1,380.2692158424842,-2.4905659588731166,True,True,True,correct
sub-032,90,correct,1,415.1288957360698,-1.2405208467335622,True,True,True,correct
sub-032,91,correct,1,375.818360483716,-2.314243005903696,True,True,True,correct
sub-032,92,correct,1,370.32233955639816,1.023585621054568,True,True,True,correct
sub-032,93,error,0,469.8144994762895,-1.8971030425842343,False,True,True,error
sub-032,94,correct,1,530.8445097513819,-1.609845883643139,True,True,True,correct
sub-032,95,correct,1,515.2334937107553,-0.6333843971134208,True,True,True,correct
sub-032,96,correct,1,472.923141235483,-1.6530792655644009,True,True,True,correct
sub-032,97,correct,1,469.80603324242975,-0.2439229801489262,True,True,True,correct
sub-032,98,correct,1,434.2336464927205,-1.642930268804827,True,True,True,correct
sub-032,99,error,0,336.20513289502753,-1.9926411924932756,False,True,True,error
sub-032,100,correct,1,373.7179372717919,-0.6755441362579018,True,True,True,correct
sub-032,101,correct,1,376.8033568138946,-1.10036118146523,True,True,True,correct
sub-032,102,correct,1,444.7929800423415,-1.5379599153401515,True,True,True,correct
sub-032,103,correct,1,534.8359825150015,0.2636673366213633,True,True,True,correct
sub-032,104,correct,1,431.9028245361986,-0.4951022282936083,True,True,True,correct
sub-032,105,correct,1,590.3283391020187,-0.8148175562955999,True,True,True,correct
sub-032,106,error,0,450.80987177973657,-1.6494159111183797,False,True,True,error
sub-032,107,correct,1,516.2420239976904,-0.7536662698243243,True,True,True,correct
sub-032,108,correct,1,495.0481804778563,-0.6850539462411604,True,True,True,correct
sub-032,109,correct,1,493.2866950290231,0.5560630067591318,True,True,True,correct
sub-032,110,correct,1,524.4561912687656,-3.40838728726536,True,True,True,correct
sub-032,111,correct,1,646.5549547007795,-4.716705929569747,True,True,True,correct
sub-032,112,correct,1,582.132505455554,-0.3615007961734546,True,True,True,correct
sub-032,113,error,0,191.0715770619842,1.7884663873850917,False,True,True,error
sub-032,114,correct,1,458.8867163201973,-2.139734312499036,True,True,True,correct
sub-032,115,correct,1,463.8956960642549,2.1783416805116085,True,True,True,correct
sub-032,116,error,0,307.8539908425432,1.913569445509552,False,True,True,error
sub-032,117,correct,1,450.51070522791673,-2.24122760954525,True,True,True,correct
sub-032,118,correct,1,428.9149273541898,3.181844192001685,True,True,True,correct
sub-032,119,error,0,424.7332197925357,0.170110375108601,False,True,True,error
sub-032,120,correct,1,385.8932938723729,-0.9043078863205412,True,True,True,correct
sub-032,121,correct,1,357.25187774958954,0.0752101516107394,True,True,True,correct
sub-032,122,correct,1,468.2614672897229,1.1123606607113126,True,True,True,correct
sub-032,123,correct,1,393.3240556584144,-3.32992980911221,True,True,True,correct
sub-032,124,correct,1,329.86850161476764,-4.749961252034451,True,True,True,correct
sub-032,125,error,0,429.0079025990588,0.4582249843919128,False,True,True,error
sub-032,126,correct,1,567.1802512207637,-2.0908433650924536,True,True,True,correct
sub-032,127,correct,1,394.82044480020096,0.4901547738105914,True,True,True,correct
sub-032,128,correct,1,513.7890668727392,-3.915142350709749,True,True,True,correct
sub-032,129,correct,1,430.72598957516766,1.7028227368079958,True,True,True,correct
sub-032,130,correct,1,539.7023180201927,2.751885262518706,True,True,True,correct
sub-032,131,correct,1,429.930163466638,0.0398675616846934,True,True,True,correct
sub-032,132,error,0,370.8996257415821,1.185263140587531,False,True,True,error
sub-032,133,correct,1,502.301447822655,-3.032416884509563,True,True,True,correct
sub-032,134,correct,1,468.1571101933674,-3.9266121879165015,True,True,True,correct
sub-032,135,correct,1,422.3056672892741,-3.527905670705901,True,True,True,correct
sub-032,136,correct,1,471.8549875417648,0.2649800747570014,True,True,True,correct
sub-032,137,correct,1,556.6819910410136,-0.1351903033194155,True,True,True,correct
sub-032,138,correct,1,429.2413592097817,0.8487880405946365,True,True,True,correct
sub-032,139,error,0,490.1126973806788,-1.2103925043366468,False,True,True,error
sub-032,140,error,0,452.1866985881283,-2.7093454624742943,False,True,True,error
sub-032,141,correct,1,508.19222357766887,-3.030764753659241,True,True,True,correct
sub-032,142,correct,1,560.6617290908032,-4.165659271170006,True,True,True,correct
sub-032,143,correct,1,500.4335997269904,-0.7415653339431544,True,True,True,correct
sub-032,144,correct,1,419.0730282857668,-3.2773800852215107,True,True,True,correct
sub-032,145,error,0,439.2663805172725,0.4154269708388127,False,True,True,error
sub-032,146,correct,1,480.9404470812007,1.2080009480613056,True,True,True,correct
sub-032,147,correct,1,462.4499700675793,-1.843125156281176,True,True,True,correct
sub-032,148,error,0,458.5562761636687,-1.5214962089573925,False,True,True,error
sub-032,149,correct,1,413.4295651604445,1.033037663862928,True,True,True,correct
sub-032,150,correct,1,468.3151469485543,-0.9720352393441644,True,True,True,correct
sub-032,151,correct,1,486.0690772599167,-1.8828257417824656,True,True,True,correct
sub-032,152,correct,1,548.7830569068494,-1.4526919316893308,True,True,True,correct
sub-032,153,correct,1,407.9862812649397,0.0234593367018522,True,True,True,correct
sub-032,154,correct,1,508.7711473362989,-3.01412207172882,True,True,True,correct
sub-032,155,correct,1,425.7688802835247,-1.3139452506377554,True,True,True,correct
sub-032,156,correct,1,584.9260304176964,-4.573545342891767,True,True,True,correct
sub-032,157,correct,1,395.19325845502107,-1.5183047986454858,True,True,True,correct
sub-032,158,correct,1,361.3836374056105,0.6314971459595772,True,True,True,correct
sub-032,159,correct,1,607.9018854948622,-2.620631078145161,True,True,True,correct
sub-032,160,correct,1,459.2872496442949,0.0885369323735278,True,True,True,correct
sub-033,1,correct,1,483.5647081341229,-0.6965405208522457,True,True,True,correct
sub-033,2,correct,1,610.4774060193449,-1.6882552169189031,True,True,True,correct
sub-033,3,correct,1,457.8345242174274,-1.468553091906554,True,True,True,correct
sub-033,4,correct,1,477.5167347321291,-0.4900771369011724,True,True,True,correct
sub-033,5,error,0,395.5794329303735,-0.5861338720408094,False,True,True,error
sub-033,6,correct,1,398.0761933151392,-1.6534752797507035,True,True,True,correct
sub-033,7,correct,1,460.0522575118561,-2.1832713682497125,True,True,True,correct
sub-033,8,correct,1,311.9929856570993,-2.1058902510799484,True,True,True,correct
sub-033,9,correct,1,549.9520988326343,-1.8702700971144013,True,True,True,correct
sub-033,10,error,0,556.8767809621378,-2.5494814536834824,False,True,True,error
sub-033,11,correct,1,451.2650143835732,-2.1671967526436293,True,True,True,correct
sub-033,12,correct,1,479.60194128003786,-2.584311965340635,True,True,True,correct
sub-033,13,error,0,330.74677859691565,0.9190891857562756,False,True,True,error
sub-033,14,correct,1,442.52820027686266,-0.395614022806334,True,True,True,correct
sub-033,15,correct,1,518.8773344043008,0.6874883762282529,True,True,True,correct
sub-033,16,error,0,434.408540980054,-3.1743753206870133,False,True,True,error
sub-033,17,correct,1,432.4767632241524,1.4060165225171397,True,True,True,correct
sub-033,18,correct,1,604.1093709182148,-4.792034999829053,True,True,True,correct
sub-033,19,correct,1,452.32917889055824,-0.3898738575348268,True,True,True,correct
sub-033,20,correct,1,566.5007607791491,0.5878681830662347,True,True,True,correct
sub-033,21,correct,1,517.5073868478156,-1.0299854104641606,True,True,True,correct
sub-033,22,error,0,467.5539787179216,-0.7976205334004804,False,True,True,error
sub-033,23,error,0,448.07505588592,-0.8302268605577243,False,True,True,error
sub-033,24,correct,1,540.4326523330612,-2.317239457475262,True,True,True,correct
sub-033,25,correct,1,589.0229159103203,1.297342803271243,True,True,True,correct
sub-033,26,correct,1,378.1931453251154,4.156643097337564,True,True,True,correct
sub-033,27,error,0,403.9700163791643,-1.244243772918758,False,True,True,error
sub-033,28,correct,1,494.8985361738832,-1.4725877084366987,True,True,True,correct
sub-033,29,correct,1,457.0695963731222,0.3694104090137312,True,True,True,correct
sub-033,30,correct,1,563.1857472847579,-1.9371447129952168,True,True,True,correct
sub-033,31,correct,1,319.8803649250174,3.2465723139936555,True,True,True,correct
sub-033,32,correct,1,344.3487301687296,-2.086925044799953,True,True,True,correct
sub-033,33,correct,1,526.8378993535091,-0.5857287891042852,True,True,True,correct
sub-033,34,error,0,530.1234948168327,-0.2101699138483774,False,True,True,error
sub-033,35,correct,1,356.4469143856565,1.1784085507468776,True,True,True,correct
sub-033,36,correct,1,483.8570146899638,1.0871251240737183,True,True,True,correct
sub-033,37,correct,1,466.7740358198325,-6.234359494582458,True,True,True,correct
sub-033,38,correct,1,523.3174256972737,-2.485231927148898,True,True,True,correct
sub-033,39,correct,1,414.774431760001,1.646912634097898,True,True,True,correct
sub-033,40,correct,1,467.9533927225572,1.502659336058961,True,True,True,correct
sub-033,41,error,0,336.11238299529816,-0.8949119372937031,False,True,True,error
sub-033,42,correct,1,441.3050447866154,1.0377684462103944,True,True,True,correct
sub-033,43,correct,1,505.1719097214953,0.2624712946782441,True,True,True,correct
sub-033,44,correct,1,408.4777517391455,-4.741126544089748,True,True,True,correct
sub-033,45,error,0,392.5516897176968,-2.4199585527683274,False,True,True,error
sub-033,46,correct,1,378.75412347707015,-0.5449066984226305,True,True,True,correct
sub-033,47,correct,1,551.4917951252071,-2.364088320123129,True,True,True,correct
sub-033,48,error,0,522.1924223263682,-1.5548137624912193,False,True,True,error
sub-033,49,error,0,356.04327062123974,-0.6160533589880757,False,True,True,error
sub-033,50,correct,1,475.7354464504721,-0.8307324887239371,True,True,True,correct
sub-033,51,correct,1,548.3902639815176,-3.1963732698641607,True,True,True,correct
sub-033,52,correct,1,463.0111539450728,-2.609822668043792,True,True,True,correct
sub-033,53,correct,1,546.7837090005274,-4.669302406160858,True,True,True,correct
sub-033,54,correct,1,551.7625776171421,0.3300744391583469,True,True,True,correct
sub-033,55,correct,1,485.1996185306109,-1.7790644624466982,True,True,True,correct
sub-033,56,correct,1,343.6311181433379,-0.466186770194166,True,True,True,correct
sub-033,57,correct,1,560.3740991005903,-1.0926624656859178,True,True,True,correct
sub-033,58,correct,1,391.253906151391,-2.974672185247593,True,True,True,correct
sub-033,59,correct,1,419.70348694034976,1.032026212360866,True,True,True,correct
sub-033,60,correct,1,576.4628933024902,-1.7674305718659673,True,True,True,correct
sub-033,61,correct,1,416.2733879348264,-4.126003315185959,True,True,True,correct
sub-033,62,correct,1,302.31990332076924,1.1045847451095865,True,True,True,correct
sub-033,63,correct,1,504.840279094178,-1.3239512124460122,True,True,True,correct
sub-033,64,correct,1,500.34235493565575,-0.9302942355871932,True,True,True,correct
sub-033,65,correct,1,469.7228829421477,-2.498093210997412,True,True,True,correct
sub-033,66,correct,1,336.91704756263323,-0.5757294890309911,True,True,True,correct
sub-033,67,error,0,495.0092434230894,-3.807626383940346,False,True,True,error
sub-033,68,correct,1,538.5389579073367,0.467490085128622,True,True,True,correct
sub-033,69,error,0,303.4873021989167,-2.2885063469431484,False,True,True,error
sub-033,70,correct,1,529.2227075733241,-0.6676021845762559,True,True,True,correct
sub-033,71,correct,1,622.0072412112395,0.5243031399355826,True,True,True,correct
sub-033,72,error,0,372.7823803750584,-2.413456037151793,False,True,True,error
sub-033,73,correct,1,467.40967245646846,0.4635687377555915,True,True,True,correct
sub-033,74,correct,1,534.6020169061186,0.8494321199581958,True,True,True,correct
sub-033,75,correct,1,518.2970797240348,4.6641300054072365,True,True,True,correct
sub-033,76,correct,1,365.2878640307428,3.481519903707895,True,True,True,correct
sub-033,77,error,0,598.9729913397167,0.3947686227128275,False,True,True,error
sub-033,78,error,0,480.4559186123587,-2.512273342350886,False,True,True,error
sub-033,79,correct,1,537.4776728732485,-4.810618532654575,True,True,True,correct
sub-033,80,correct,1,503.9547339356278,-0.7971354717281413,True,True,True,correct
sub-033,81,correct,1,470.57692496002977,-1.603639797146837,True,True,True,correct
sub-033,82,correct,1,480.9076131889657,-0.7186101418994908,True,True,True,correct
sub-033,83,correct,1,446.77826493797033,0.3573812278402089,True,True,True,correct
sub-033,84,correct,1,560.0155150050365,2.9497776115103003,True,True,True,correct
sub-033,85,correct,1,689.5026152082435,0.1247116405449448,True,True,True,correct
sub-033,86,correct,1,455.664594602654,-0.1062569484838406,True,True,True,correct
sub-033,87,correct,1,445.8793804536848,-2.691032995962859,True,True,True,correct
sub-033,88,correct,1,748.7122049121081,1.935079659004624,True,True,True,correct
sub-033,89,correct,1,386.0549372003448,-0.3508278945948877,True,True,True,correct
sub-033,90,correct,1,582.3327064843776,-2.003587261574645,True,True,True,correct
sub-033,91,error,0,388.6377784978669,-0.5701170160713365,False,True,True,error
sub-033,92,correct,1,310.0941641251666,1.7741115027802,True,True,True,correct
sub-033,93,correct,1,478.9194459220281,-0.2603708683088771,True,True,True,correct
sub-033,94,correct,1,481.61012892908406,-1.3522398030578389,True,True,True,correct
sub-033,95,correct,1,443.4861612488912,-3.0862737909296585,True,True,True,correct
sub-033,96,correct,1,609.9512928317288,-0.8881265009705623,True,True,True,correct
sub-033,97,error,0,395.4324979900016,1.6774776363927442,False,True,True,error
sub-033,98,correct,1,440.0448113246723,1.577826605525955,True,True,True,correct
sub-033,99,error,0,471.92739182752285,-2.881311683589275,False,True,True,error
sub-033,100,correct,1,434.6546945717493,4.380146508598587,True,True,True,correct
sub-033,101,correct,1,540.7733395612563,3.063652618299812,True,True,True,correct
sub-033,102,correct,1,552.896817383062,-4.2274117535856455,True,True,True,correct
sub-033,103,correct,1,507.10971129224856,-0.433046869878804,True,True,True,correct
sub-033,104,error,0,449.6185000620428,1.6266492474816567,False,True,True,error
sub-033,105,error,0,518.6732341033469,-1.107162219999443,False,True,True,error
sub-033,106,correct,1,522.6277186596393,0.8700111376966142,True,True,True,correct
sub-033,107,error,0,212.9922918389567,-3.271488297962488,False,True,True,error
sub-033,108,error,0,373.7186016485216,-1.460962720926558,False,True,True,error
sub-033,109,correct,1,421.39971200458615,-2.383290024797416,True,True,True,correct
sub-033,110,correct,1,565.3542051655731,-2.54093078795842,True,True,True,correct
sub-033,111,correct,1,490.62968336287486,-2.874258305316784,True,True,True,correct
sub-033,112,correct,1,402.0864256605074,0.3937524313060812,True,True,True,correct
sub-033,113,correct,1,457.6320267664633,-2.64206117396544,True,True,True,correct
sub-033,114,correct,1,476.49015721051546,-4.769914586377987,True,True,True,correct
sub-033,115,correct,1,524.638231428068,0.7431953248666452,True,True,True,correct
sub-033,116,correct,1,536.2321564883068,0.5537919999422538,True,True,True,correct
sub-033,117,correct,1,438.2389217478196,-2.704451326653885,True,True,True,correct
sub-033,118,correct,1,503.7281900650015,-2.550415706120711,True,True,True,correct
sub-033,119,correct,1,485.62151580297535,-0.9448331877705256,True,True,True,correct
sub-033,120,correct,1,384.77064736084026,1.7805578771762454,True,True,True,correct
sub-033,121,correct,1,454.2797285214967,1.2503169274658188,True,True,True,correct
sub-033,122,error,0,458.3309690582832,-2.0586064907515493,False,True,True,error
sub-033,123,error,0,389.5693157710491,1.536667272118443,False,True,True,error
sub-033,124,correct,1,393.5880005784439,-1.048569214604066,True,True,True,correct
sub-033,125,correct,1,431.9832001616375,-1.5996597057572572,True,True,True,correct
sub-033,126,correct,1,360.6491954233622,-2.246782601212726,True,True,True,correct
sub-033,127,error,0,367.4117017066424,-1.993897370975596,False,True,True,error
sub-033,128,correct,1,504.36302153653565,-0.2040407527375876,True,True,True,correct
sub-033,129,correct,1,574.0788293885068,-1.2384970654053054,True,True,True,correct
sub-033,130,error,0,458.4823138388797,-3.5419233895643885,False,True,True,error
sub-033,131,correct,1,490.7734206580128,1.6346179315542533,True,True,True,correct
sub-033,132,correct,1,545.697485305293,1.8289060160366324,True,True,True,correct
sub-033,133,correct,1,372.2680049518802,-1.6226261320496047,True,True,True,correct
sub-033,134,error,0,381.93625039577313,-0.8618864372323315,False,True,True,error
sub-033,135,correct,1,422.6723128595524,-3.400860453014801,True,True,True,correct
sub-033,136,correct,1,487.39916022849326,3.213778401046983,True,True,True,correct
sub-033,137,error,0,617.1915409490985,-1.1510644309659408,False,True,True,error
sub-033,138,error,0,250.10398049361768,0.4994648018124585,False,True,True,error
sub-033,139,correct,1,440.0229239512561,-2.21297255596748,True,True,True,correct
sub-033,140,correct,1,486.01378345472506,-2.6488473098387724,True,True,True,correct
sub-033,141,correct,1,486.8586799067454,-1.03654155423514,True,True,True,correct
sub-033,142,correct,1,371.57854951483387,-2.150949416479427,True,True,True,correct
sub-033,143,correct,1,505.3015996594671,-0.5306667223472851,True,True,True,correct
sub-033,144,correct,1,453.58523983201405,-1.4687672680542188,True,True,True,correct
sub-033,145,correct,1,472.2322893675932,-0.7432572807720328,True,True,True,correct
sub-033,146,correct,1,485.9392637435172,-0.7766850238090794,True,True,True,correct
sub-033,147,correct,1,712.6231619216651,-1.9086630779234317,True,True,True,correct
sub-033,148,correct,1,678.6017953765279,-1.1793773846563709,True,True,True,correct
sub-033,149,correct,1,602.3869232864016,0.2359132475127597,True,True,True,correct
sub-033,150,correct,1,399.1479825421898,-0.1020730674949099,True,True,True,correct
sub-033,151,correct,1,461.0467201942116,-1.2679259776423315,True,True,True,correct
sub-033,152,correct,1,579.9249598023672,-1.5400468698818577,True,True,True,correct
sub-033,153,correct,1,372.2218545236849,-1.601693025010691,True,True,True,correct
sub-033,154,error,0,414.19202518289103,-0.8483117796274164,False,True,True,error
sub-033,155,error,0,453.2059131669642,1.1422070154547883,False,True,True,error
sub-033,156,correct,1,442.17736260597786,0.1332136157270302,True,True,True,correct
sub-033,157,correct,1,542.6486067484497,-1.6517763842364452,True,True,True,correct
sub-033,158,correct,1,502.014435563232,3.7533015174036426,True,True,True,correct
sub-033,159,correct,1,447.38005356369234,-0.9248996269244004,True,True,True,correct
sub-033,160,correct,1,361.2403460762006,-4.564685675279341,True,True,True,correct
sub-034,1,error,0,438.6052205457912,-3.3336450177685504,False,True,True,error
sub-034,2,correct,1,472.12873642783177,-0.8937714747372971,True,True,True,correct
sub-034,3,correct,1,694.0158700665861,2.256242939407315,True,True,True,correct
sub-034,4,correct,1,337.70298058343366,0.9817641430185832,True,True,True,correct
sub-034,5,correct,1,353.2500873564515,-1.9245048784364576,True,True,True,correct
sub-034,6,correct,1,493.9080441325432,-0.2213162550178097,True,True,True,correct
sub-034,7,correct,1,619.2895700663128,1.9760926396554157,True,True,True,correct
sub-034,8,correct,1,426.7002645212975,-2.354756422168167,True,True,True,correct
sub-034,9,correct,1,442.35421522564167,2.0049493785933983,True,True,True,correct
sub-034,10,correct,1,313.4763754072436,-3.6431163558699593,True,True,True,correct
sub-034,11,correct,1,441.0006055622574,-1.2086090695872966,True,True,True,correct
sub-034,12,correct,1,473.3657474188891,-0.3318844415255796,True,True,True,correct
sub-034,13,correct,1,388.016631512581,-6.615969923240339,True,True,True,correct
sub-034,14,correct,1,452.4749101939254,-3.2098229165782284,True,True,True,correct
sub-034,15,correct,1,349.61151353466545,-3.428379824091865,True,True,True,correct
sub-034,16,correct,1,671.1903276865172,-1.7305400710265229,True,True,True,correct
sub-034,17,correct,1,422.4199937934564,-2.2747118670940427,True,True,True,correct
sub-034,18,correct,1,587.4855468392334,-3.356249017821888,True,True,True,correct
sub-034,19,correct,1,428.6659227300534,-0.5547434982492355,True,True,True,correct
sub-034,20,error,0,452.5089388708062,0.0501814220773662,False,True,True,error
sub-034,21,correct,1,528.033140564316,-2.4222730769288603,True,True,True,correct
sub-034,22,error,0,374.6669931390673,-4.113862690290256,False,True,True,error
sub-034,23,correct,1,597.2815772841129,1.169194074512985,True,True,True,correct
sub-034,24,correct,1,273.5929868061201,3.979299506538559,True,True,True,correct
sub-034,25,correct,1,508.2311632628814,-3.525939980165453,True,True,True,correct
sub-034,26,correct,1,600.8339815703639,-1.0542068144459638,True,True,True,correct
sub-034,27,error,0,412.0444927208232,-5.375402374173639,False,True,True,error
sub-034,28,correct,1,514.6881359757209,-4.414367890023971,True,True,True,correct
sub-034,29,correct,1,539.1252512624204,-1.5392776782838942,True,True,True,correct
sub-034,30,error,0,485.8526819577529,-0.4654825611539861,False,True,True,error
sub-034,31,correct,1,382.5310122568935,0.1199137402262072,True,True,True,correct
sub-034,32,correct,1,354.7530535537278,-1.7025122482640562,True,True,True,correct
sub-034,33,error,0,300.1127011581434,-3.3552253761579283,False,True,True,error
sub-034,34,error,0,305.97820246888875,-3.32776709096479,False,True,True,error
sub-034,35,error,0,434.5813147162502,-1.341153499865496,False,True,True,error
sub-034,36,correct,1,602.7413368444172,1.5994337803217522,True,True,True,correct
sub-034,37,correct,1,531.1644574723659,3.565697343663529,True,True,True,correct
sub-034,38,correct,1,369.7303142620413,-0.8740389276971997,True,True,True,correct
sub-034,39,correct,1,515.1994488591068,0.0371460013166831,True,True,True,correct
sub-034,40,correct,1,417.119240594587,-1.2221801777628465,True,True,True,correct
sub-034,41,correct,1,294.46472270732494,3.3873250843575446,True,True,True,correct
sub-034,42,correct,1,517.1477351511485,0.4008643508206486,True,True,True,correct
sub-034,43,correct,1,503.6922854260719,-2.411900060212352,True,True,True,correct
sub-034,44,error,0,429.1871923675932,-1.7527721571964794,False,True,True,error
sub-034,45,correct,1,495.90050630370337,-0.2895152504843843,True,True,True,correct
sub-034,46,correct,1,466.46152850529535,0.257620643091857,True,True,True,correct
sub-034,47,error,0,491.0731973658973,-4.4328805334483175,False,True,True,error
sub-034,48,correct,1,416.57415034195225,1.4184913995513873,True,True,True,correct
sub-034,49,error,0,468.9358281601093,-1.6766451397443345,False,True,True,error
sub-034,50,error,0,555.7711631066476,-3.723351135155101,False,True,True,error
sub-034,51,correct,1,513.3183050985298,2.360118064331964,True,True,True,correct
sub-034,52,error,0,399.0809784011023,-6.290788713894719,False,True,True,error
sub-034,53,correct,1,362.7246432192759,-4.690886806721558,True,True,True,correct
sub-034,54,correct,1,430.8591464001614,-5.100951297983364,True,True,True,correct
sub-034,55,correct,1,655.4771064257754,-2.70249475655824,True,True,True,correct
sub-034,56,correct,1,536.2252903738628,-2.7062641198071686,True,True,True,correct
sub-034,57,error,0,422.8566531529683,-4.783027824043771,False,True,True,error
sub-034,58,correct,1,438.5619317481591,-1.146817007967881,True,True,True,correct
sub-034,59,correct,1,379.8964377819122,-3.847008728239878,True,True,True,correct
sub-034,60,correct,1,428.6495520480868,2.670071969119028,True,True,True,correct
sub-034,61,correct,1,473.3118616884725,-0.6943892543395589,True,True,True,correct
sub-034,62,correct,1,444.5403351827332,-1.5668709516863162,True,True,True,correct
sub-034,63,correct,1,514.0914192121588,-2.372328022348665,True,True,True,correct
sub-034,64,correct,1,573.9540671852977,-0.4987272586570327,True,True,True,correct
sub-034,65,correct,1,457.9115882265747,0.9956118172040987,True,True,True,correct
sub-034,66,correct,1,518.28212299646,1.6975347692654152,True,True,True,correct
sub-034,67,correct,1,525.7746633911747,1.1610161156066503,True,True,True,correct
sub-034,68,error,0,523.7759239285016,-4.154107012144788,False,True,True,error
sub-034,69,correct,1,536.0354312916862,-1.488195336854363,True,True,True,correct
sub-034,70,correct,1,364.69218982474666,-0.8003737982948123,True,True,True,correct
sub-034,71,correct,1,530.9120301851985,1.159654545960846,True,True,True,correct
sub-034,72,correct,1,400.5734739270381,1.2941009726166122,True,True,True,correct
sub-034,73,correct,1,364.12251600825374,-1.0102513358071203,True,True,True,correct
sub-034,74,correct,1,561.7656999430983,-4.267575470713165,True,True,True,correct
sub-034,75,correct,1,574.2030477876116,-0.6890268054852122,True,True,True,correct
sub-034,76,correct,1,444.7226339232545,-7.892524306814646,True,True,True,correct
sub-034,77,error,0,393.7171966740183,-0.4399791131324106,False,True,True,error
sub-034,78,correct,1,586.7164612923712,-5.759011671321148,True,True,True,correct
sub-034,79,correct,1,595.056816808659,-0.5175427050834773,True,True,True,correct
sub-034,80,error,0,467.6536756602603,-1.018831179419704,False,True,True,error
sub-034,81,correct,1,558.7118208387841,-2.31304904547984,True,True,True,correct
sub-034,82,correct,1,607.0557166785156,-2.0150485920317465,True,True,True,correct
sub-034,83,correct,1,585.9408789499851,-1.9560177178392535,True,True,True,correct
sub-034,84,correct,1,504.2295624854679,1.112388102702649,True,True,True,correct
sub-034,85,correct,1,573.2248974651387,-3.8407357901809824,True,True,True,correct
sub-034,86,correct,1,343.97190742758244,1.371726244906921,True,True,True,correct
sub-034,87,correct,1,509.24027103778985,-0.6459902529660961,True,True,True,correct
sub-034,88,error,0,454.81833203708726,-5.79784458297971,False,True,True,error
sub-034,89,correct,1,476.7350146239962,0.3861539244527934,True,True,True,correct
sub-034,90,correct,1,572.1440175922457,4.4448964766739545,True,True,True,correct
sub-034,91,correct,1,486.6270320764837,0.859571639395661,True,True,True,correct
sub-034,92,error,0,408.3321247119882,-5.678973003589681,False,True,True,error
sub-034,93,correct,1,396.7800616761695,-4.258102772077796,True,True,True,correct
sub-034,94,error,0,436.5501389508256,-0.0824058840497325,False,True,True,error
sub-034,95,correct,1,650.5252236799043,-2.184618858005841,True,True,True,correct
sub-034,96,correct,1,518.5849912088061,-3.933016375786438,True,True,True,correct
sub-034,97,correct,1,631.8459278306079,-0.2827498752101553,True,True,True,correct
sub-034,98,correct,1,541.3133181048008,3.134423222224445,True,True,True,correct
sub-034,99,correct,1,395.4476007302525,-1.437372724293776,True,True,True,correct
sub-034,100,correct,1,618.2879955131252,0.8662016075484804,True,True,True,correct
sub-034,101,correct,1,400.8650364286606,1.3362442352314152,True,True,True,correct
sub-034,102,error,0,435.0733905988498,-3.7776482278974073,False,True,True,error
sub-034,103,error,0,457.2632451257874,-1.8423167858653164,False,True,True,error
sub-034,104,correct,1,559.7616988328269,-0.1467104815159101,True,True,True,correct
sub-034,105,correct,1,421.0718563169796,-1.457087983751837,True,True,True,correct
sub-034,106,error,0,482.5655306665235,0.4000122867631859,False,True,True,error
sub-034,107,error,0,490.8316357686388,-1.493057277477254,False,True,True,error
sub-034,108,correct,1,419.55391455625954,-2.7502616200477474,True,True,True,correct
sub-034,109,error,0,353.77419866861857,-2.7656634014350323,False,True,True,error
sub-034,110,correct,1,408.2820521809346,0.9502645407926704,True,True,True,correct
sub-034,111,correct,1,474.4727933966752,-0.7060162229151355,True,True,True,correct
sub-034,112,error,0,438.4308900226633,-5.3119686193333,False,True,True,error
sub-034,113,error,0,405.7299987292545,-0.3436280142689969,False,True,True,error
sub-034,114,correct,1,522.0734426672543,-0.6925902052830859,True,True,True,correct
sub-034,115,correct,1,431.7750433044016,1.8595968994940395,True,True,True,correct
sub-034,116,correct,1,579.6895709566606,1.129290064352139,True,True,True,correct
sub-034,117,correct,1,456.0008998779951,2.6202356475288298,True,True,True,correct
sub-034,118,error,0,316.6741285942623,-0.9532210783868148,False,True,True,error
sub-034,119,error,0,544.5457577533839,-1.26012130265452,False,True,True,error
sub-034,120,error,0,400.9993199603321,-1.1843932237686032,False,True,True,error
sub-034,121,error,0,454.51030640430383,-2.240362667732251,False,True,True,error
sub-034,122,correct,1,574.2370024450322,0.7539567711213639,True,True,True,correct
sub-034,123,correct,1,436.1557062255185,-2.3684164646644126,True,True,True,correct
sub-034,124,error,0,476.0414319068286,-3.972772195091596,False,True,True,error
sub-034,125,correct,1,375.4244962172659,-0.1797586172833402,True,True,True,correct
sub-034,126,correct,1,452.63203940571753,1.1204686283129972,True,True,True,correct
sub-034,127,correct,1,437.7102053155752,-0.8278671110099767,True,True,True,correct
sub-034,128,correct,1,433.7005685781263,1.5032698572361942,True,True,True,correct
sub-034,129,correct,1,439.6395482866349,-2.7648241354941883,True,True,True,correct
sub-034,130,correct,1,484.6058826453585,-1.6601686827890447,True,True,True,correct
sub-034,131,correct,1,474.3163743657263,0.9420451361803156,True,True,True,correct
sub-034,132,correct,1,439.6279587716255,1.841854414605309,True,True,True,correct
sub-034,133,error,0,397.4690021906583,-5.193979239916322,False,True,True,error
sub-034,134,correct,1,452.6744277479272,-1.2784671654247175,True,True,True,correct
sub-034,135,correct,1,478.2209427076816,-1.2821203708355535,True,True,True,correct
sub-034,136,error,0,303.31240467033393,-1.2221485710627027,False,True,True,error
sub-034,137,correct,1,538.5147208803388,-0.9377815281029512,True,True,True,correct
sub-034,138,correct,1,271.5507870778548,-3.362730981065781,True,True,True,correct
sub-034,139,correct,1,525.0903318741924,-0.4858167895160819,True,True,True,correct
sub-034,140,correct,1,547.6682389111616,0.875113911545665,True,True,True,correct
sub-034,141,correct,1,422.2388886216562,0.0530831505113277,True,True,True,correct
sub-034,142,correct,1,456.5142830643524,-2.188709332758388,True,True,True,correct
sub-034,143,correct,1,592.6938199951404,-1.4557536291608066,True,True,True,correct
sub-034,144,correct,1,535.8419685001165,-0.782005545830588,True,True,True,correct
sub-034,145,error,0,590.2875386184037,-2.4266158547260788,False,True,True,error
sub-034,146,error,0,534.8326718332943,-6.799297952090544,False,True,True,error
sub-034,147,correct,1,409.7478614829856,2.427490624376099,True,True,True,correct
sub-034,148,error,0,406.1176494514467,-3.707771549899074,False,True,True,error
sub-034,149,correct,1,469.1252451079313,0.1094690261389795,True,True,True,correct
sub-034,150,error,0,334.79359544515927,-3.088351954217192,False,True,True,error
sub-034,151,correct,1,425.8228079687875,2.703755441464404,True,True,True,correct
sub-034,152,correct,1,150.0,-0.6318071437381119,True,True,True,correct
sub-034,153,correct,1,585.8372861787554,-4.112974326227802,True,True,True,correct
sub-034,154,correct,1,395.08316807629774,-2.3807729326436755,True,True,True,correct
sub-034,155,correct,1,511.3987917528361,-0.75131188299664,True,True,True,correct
sub-034,156,correct,1,373.3656369066626,-3.044748716089389,True,True,True,correct
sub-034,157,correct,1,423.7026944377124,-0.4616407256232236,True,True,True,correct
sub-034,158,correct,1,500.7591293682731,-0.0468872825831461,True,True,True,correct
sub-034,159,correct,1,632.3994501190714,-0.0380353206712326,True,True,True,correct
sub-034,160,error,0,431.7636821259342,-2.061047475894271,False,True,True,error
sub-035,1,correct,1,430.8473759572069,1.3489338672374178,True,True,True,correct
sub-035,2,correct,1,457.4422464217868,-4.715067701504457,True,True,True,correct
sub-035,3,error,0,654.3644743814913,-4.535965516818562,False,True,True,error
sub-035,4,correct,1,375.59444250758526,-0.476538096662788,True,True,True,correct
sub-035,5,correct,1,443.5165276430234,-2.5465552150299224,True,True,True,correct
sub-035,6,correct,1,542.623891179033,-1.6644147189118896,True,True,True,correct
sub-035,7,correct,1,523.0285476198266,-1.2346219596364216,True,True,True,correct
sub-035,8,correct,1,401.9475671425965,-2.0409387506036234,True,True,True,correct
sub-035,9,error,0,448.9945071170343,0.2156031923049386,False,True,True,error
sub-035,10,correct,1,554.6438831094825,-4.862866802136582,True,True,True,correct
sub-035,11,correct,1,465.9364937195485,-0.8674730896561106,True,True,True,correct
sub-035,12,correct,1,369.74102928763904,-2.241766081980097,True,True,True,correct
sub-035,13,correct,1,495.46568230709846,-0.1213986798434098,True,True,True,correct
sub-035,14,correct,1,512.1344456615893,-1.5190759689895132,True,True,True,correct
sub-035,15,correct,1,502.11487244773423,1.1621542267810567,True,True,True,correct
sub-035,16,correct,1,495.38282809220914,2.084879650009933,True,True,True,correct
sub-035,17,correct,1,407.5642738299218,0.0309225123883511,True,True,True,correct
sub-035,18,correct,1,323.4268620543679,-0.7223448420321278,True,True,True,correct
sub-035,19,correct,1,572.23215578085,-0.610438395076706,True,True,True,correct
sub-035,20,error,0,425.5313524752783,-0.1842619604364588,False,True,True,error
sub-035,21,error,0,306.55854879755907,-2.112928075454625,False,True,True,error
sub-035,22,correct,1,376.2692251209269,-0.8770813844588099,True,True,True,correct
sub-035,23,correct,1,348.8275381462028,-2.524475799740452,True,True,True,correct
sub-035,24,error,0,535.9801336256122,-1.3516671741666857,False,True,True,error
sub-035,25,error,0,513.1644525039576,-3.575578713037651,False,True,True,error
sub-035,26,correct,1,502.16130761560976,-0.5191662082527317,True,True,True,correct
sub-035,27,correct,1,509.2215337276857,-3.2409897644412853,True,True,True,correct
sub-035,28,correct,1,363.70457939202754,-1.7191790172056445,True,True,True,correct
sub-035,29,correct,1,464.96320990488766,-2.8030415313072634,True,True,True,correct
sub-035,30,correct,1,621.213649485404,-2.805659593693843,True,True,True,correct
sub-035,31,correct,1,356.3287303169924,-1.1722594508159023,True,True,True,correct
sub-035,32,correct,1,478.2344844370977,-0.5242044589606196,True,True,True,correct
sub-035,33,correct,1,520.7106068288721,1.9761168936895128,True,True,True,correct
sub-035,34,correct,1,546.2662757865224,2.156307189514933,True,True,True,correct
sub-035,35,error,0,488.9162151395823,-2.394790169235832,False,True,True,error
sub-035,36,error,0,515.505776070451,-0.4769745920150732,False,True,True,error
sub-035,37,correct,1,581.8384913738457,-3.2756902433864683,True,True,True,correct
sub-035,38,correct,1,459.0892198460528,-0.2842719095179067,True,True,True,correct
sub-035,39,correct,1,452.06137147422703,-3.026298567698702,True,True,True,correct
sub-035,40,correct,1,574.7690408585953,-1.6791137817118544,True,True,True,correct
sub-035,41,correct,1,393.6049679077229,-4.213641637491002,True,True,True,correct
sub-035,42,correct,1,473.6705005134857,2.4817712126615508,True,True,True,correct
sub-035,43,correct,1,498.6530546668544,-1.3053329861133445,True,True,True,correct
sub-035,44,correct,1,360.289367026798,0.839815904139402,True,True,True,correct
sub-035,45,correct,1,483.6670869490436,-1.6711046860526686,True,True,True,correct
sub-035,46,error,0,479.5693103580445,-1.5192758985767618,False,True,True,error
sub-035,47,correct,1,627.7951211264646,0.7935948395448549,True,True,True,correct
sub-035,48,correct,1,416.9728064397798,-1.106610502853954,True,True,True,correct
sub-035,49,correct,1,496.06241973308914,-3.588702753479189,True,True,True,correct
sub-035,50,correct,1,455.6744180890501,1.2116860466132826,True,True,True,correct
sub-035,51,correct,1,440.6642842048288,-5.067730766678829,True,True,True,correct
sub-035,52,correct,1,516.2433574191912,-0.3675904807146729,True,True,True,correct
sub-035,53,correct,1,381.4560695829992,0.004362194087128,True,True,True,correct
sub-035,54,correct,1,349.5727834661948,-0.7811237323953697,True,True,True,correct
sub-035,55,correct,1,407.1922190301796,-3.3747219527249355,True,True,True,correct
sub-035,56,correct,1,643.9066148855491,-4.491310997801541,True,True,True,correct
sub-035,57,correct,1,530.4256503139242,-1.6961653998741066,True,True,True,correct
sub-035,58,correct,1,354.43619589324874,-1.534193848173994,True,True,True,correct
sub-035,59,error,0,340.659577723149,-0.1058623830230005,False,True,True,error
sub-035,60,correct,1,275.1243337566785,0.3750229310286048,True,True,True,correct
sub-035,61,correct,1,461.634088806334,-3.62702351791588,True,True,True,correct
sub-035,62,correct,1,408.2936806341157,-2.863030779757388,True,True,True,correct
sub-035,63,error,0,282.2841927126344,-3.23005782402202,False,True,True,error
sub-035,64,correct,1,371.6483961982075,-4.8093328832251965,True,True,True,correct
sub-035,65,correct,1,370.49656131266977,-2.1228908761726704,True,True,True,correct
sub-035,66,correct,1,472.6143671481138,1.7191628296036872,True,True,True,correct
sub-035,67,correct,1,559.8433354144078,-2.0855097708155066,True,True,True,correct
sub-035,68,correct,1,309.9959959658975,-3.143928219475346,True,True,True,correct
sub-035,69,correct,1,456.75548178311215,3.2160519854372565,True,True,True,correct
sub-035,70,correct,1,583.7488553786523,-2.8985201863115435,True,True,True,correct
sub-035,71,correct,1,549.593722077203,-0.8509907999361712,True,True,True,correct
sub-035,72,correct,1,431.39825770996646,-1.4633887798726173,True,True,True,correct
sub-035,73,correct,1,492.3890846400084,3.584294486794525,True,True,True,correct
sub-035,74,correct,1,436.930200204835,1.0238342140053105,True,True,True,correct
sub-035,75,correct,1,495.6983608702925,-1.80289294321563,True,True,True,correct
sub-035,76,correct,1,527.7120285414784,-1.895731518514833,True,True,True,correct
sub-035,77,error,0,418.1255286672063,-1.510050674106319,False,True,True,error
sub-035,78,correct,1,370.851669590083,1.083897135041643,True,True,True,correct
sub-035,79,correct,1,466.0671840430823,0.3524329524363525,True,True,True,correct
sub-035,80,error,0,436.33117291645766,-0.4257653407784931,False,True,True,error
sub-035,81,error,0,425.3793544244552,-0.3922331112453374,False,True,True,error
sub-035,82,error,0,329.52149938746453,0.0450246905297917,False,True,True,error
sub-035,83,error,0,364.1069728581774,1.2735801776007736,False,True,True,error
sub-035,84,error,0,444.147843128024,-1.0261426674422869,False,True,True,error
sub-035,85,correct,1,362.894103541713,-1.4180122423150925,True,True,True,correct
sub-035,86,correct,1,384.8241823193084,-2.387848850362108,True,True,True,correct
sub-035,87,error,0,506.6980406364408,-6.484338821377472,False,True,True,error
sub-035,88,correct,1,491.06436397578045,-0.2526156788763695,True,True,True,correct
sub-035,89,correct,1,552.1879859850656,-2.986695637163208,True,True,True,correct
sub-035,90,correct,1,543.9430399776952,-0.2520516162826345,True,True,True,correct
sub-035,91,error,0,452.0373692711775,-4.037872578243719,False,True,True,error
sub-035,92,correct,1,531.6751265237868,1.377287826504934,True,True,True,correct
sub-035,93,error,0,579.2602065917108,-0.9553783009709848,False,True,True,error
sub-035,94,correct,1,499.7054400507719,-5.160099206203302,True,True,True,correct
sub-035,95,correct,1,393.261231321113,2.123342139572609,True,True,True,correct
sub-035,96,error,0,620.3211765035383,1.5136608516261107,False,True,True,error
sub-035,97,error,0,298.97586419792003,-1.9310245107305184,False,True,True,error
sub-035,98,error,0,407.52911196043806,1.046618992040949,False,True,True,error
sub-035,99,correct,1,515.7763306527957,-2.8779596704914,True,True,True,correct
sub-035,100,correct,1,386.4002194770271,0.3033196317822484,True,True,True,correct
sub-035,101,error,0,563.0531833770112,-5.635997697264044,False,True,True,error
sub-035,102,correct,1,468.13432442430167,-1.1380116955872797,True,True,True,correct
sub-035,103,correct,1,427.3261894474559,0.7915016847178094,True,True,True,correct
sub-035,104,correct,1,441.6570518721877,0.9039081537363258,True,True,True,correct
sub-035,105,correct,1,424.2475230568664,-1.9784431032426044,True,True,True,correct
sub-035,106,correct,1,649.8114094554392,-1.5760388606861353,True,True,True,correct
sub-035,107,correct,1,583.2189042831706,-0.7822653481669378,True,True,True,correct
sub-035,108,error,0,452.0067360054044,1.6019668086002543,False,True,True,error
sub-035,109,correct,1,524.9736400933937,-1.2054342089096433,True,True,True,correct
sub-035,110,correct,1,467.7517430409997,-1.436598533543235,True,True,True,correct
sub-035,111,correct,1,462.8631196901847,1.8474210907397,True,True,True,correct
sub-035,112,correct,1,482.1819349287168,1.6031024408533916,True,True,True,correct
sub-035,113,correct,1,416.4238552236396,1.8160224231709612,True,True,True,correct
sub-035,114,correct,1,363.4472869597144,1.4740652001723795,True,True,True,correct
sub-035,115,correct,1,550.5112379320396,-1.9027240008405368,True,True,True,correct
sub-035,116,correct,1,363.46732132747184,1.8045284750385049,True,True,True,correct
sub-035,117,correct,1,322.13632390046735,1.6902489571804546,True,True,True,correct
sub-035,118,correct,1,432.73832925113857,-2.740417886008438,True,True,True,correct
sub-035,119,correct,1,475.7489636589271,-2.7473943268911283,True,True,True,correct
sub-035,120,correct,1,339.83230076817125,1.946873541318612,True,True,True,correct
sub-035,121,correct,1,506.6080358245147,-1.103264676194838,True,True,True,correct
sub-035,122,correct,1,455.6620484897013,-1.5470518949634182,True,True,True,correct
sub-035,123,correct,1,422.8253950526043,-5.246059303360272,True,True,True,correct
sub-035,124,correct,1,481.839629431926,3.426707706035748,True,True,True,correct
sub-035,125,correct,1,420.1613510701857,-2.495104537595429,True,True,True,correct
sub-035,126,correct,1,430.677905828391,-1.944296982342075,True,True,True,correct
sub-035,127,correct,1,571.6981107017393,-1.296752972611135,True,True,True,correct
sub-035,128,correct,1,487.2634141386234,0.7744552453455822,True,True,True,correct
sub-035,129,error,0,520.0359283856891,-2.0108250866774195,False,True,True,error
sub-035,130,correct,1,437.5381814548776,0.3391402677751567,True,True,True,correct
sub-035,131,correct,1,318.6715807416547,-1.6548996797019506,True,True,True,correct
sub-035,132,correct,1,360.3748163564173,-1.6875983352018853,True,True,True,correct
sub-035,133,correct,1,366.2186202020464,-0.6435080517241988,True,True,True,correct
sub-035,134,correct,1,523.9216209878299,-0.1579173063961101,True,True,True,correct
sub-035,135,correct,1,346.9508342092559,-5.22559256289057,True,True,True,correct
sub-035,136,correct,1,457.02982459831065,-3.683174289182309,True,True,True,correct
sub-035,137,correct,1,327.3481265310882,-1.87780616058679,True,True,True,correct
sub-035,138,correct,1,403.2923629990621,-1.7350123138916105,True,True,True,correct
sub-035,139,correct,1,543.5811648675992,-0.1945640900771251,True,True,True,correct
sub-035,140,correct,1,509.0624819307882,0.0731276265527827,True,True,True,correct
sub-035,141,correct,1,457.6122929683971,-3.528621153202012,True,True,True,correct
sub-035,142,correct,1,481.66054543420114,-2.097821029544983,True,True,True,correct
sub-035,143,correct,1,558.8462647333215,-3.605948244202769,True,True,True,correct
sub-035,144,correct,1,360.1712618943961,1.3692323649207727,True,True,True,correct
sub-035,145,error,0,466.4786256089952,-5.626104030910423,False,True,True,error
sub-035,146,correct,1,413.7681294719831,-2.53038173061008,True,True,True,correct
sub-035,147,correct,1,472.00059298167423,-1.360938367740965,True,True,True,correct
sub-035,148,correct,1,534.7569283854306,-2.023393195603821,True,True,True,correct
sub-035,149,correct,1,410.18333596045886,2.7902952661475338,True,True,True,correct
sub-035,150,correct,1,370.4015168677536,0.4270611565766391,True,True,True,correct
sub-035,151,correct,1,511.935066669919,0.8917935837806457,True,True,True,correct
sub-035,152,correct,1,534.2366027707227,-3.4233921522924504,True,True,True,correct
sub-035,153,correct,1,550.9073974856761,-2.4371058601048325,True,True,True,correct
sub-035,154,correct,1,414.63006606636657,-0.3003513537413568,True,True,True,correct
sub-035,155,correct,1,499.0814303767884,1.5352313661738637,True,True,True,correct
sub-035,156,correct,1,506.80977670141743,-3.3933799675114056,True,True,True,correct
sub-035,157,correct,1,478.21319049473465,-1.1486490532982576,True,True,True,correct
sub-035,158,correct,1,441.4865017303368,-0.2437854313008512,True,True,True,correct
sub-035,159,correct,1,456.54152163161626,-2.169472853357175,True,True,True,correct
sub-035,160,correct,1,430.7567421017236,-0.4992524124782539,True,True,True,correct
sub-036,1,correct,1,492.4298488192279,0.3341503941684624,True,True,True,correct
sub-036,2,correct,1,472.0923595236126,1.1525807837568334,True,True,True,correct
sub-036,3,correct,1,632.7531513029642,3.869703726752853,True,True,True,correct
sub-036,4,correct,1,419.2903435889255,0.4349636774978196,True,True,True,correct
sub-036,5,correct,1,435.8817996728575,0.7837133582435193,True,True,True,correct
sub-036,6,error,0,532.6846920561939,-2.961191391434911,False,True,True,error
sub-036,7,correct,1,409.7105429096102,1.4253143670675512,True,True,True,correct
sub-036,8,correct,1,563.8852947885682,-2.2517451291573627,True,True,True,correct
sub-036,9,correct,1,511.4424040666089,-0.772721732457331,True,True,True,correct
sub-036,10,error,0,388.81501026171713,-3.401702971901029,False,True,True,error
sub-036,11,correct,1,449.8879676118845,2.028497335211485,True,True,True,correct
sub-036,12,correct,1,452.0010125434219,1.913583888242212,True,True,True,correct
sub-036,13,correct,1,313.35845543105336,-2.8187418919021816,True,True,True,correct
sub-036,14,correct,1,444.5029341048559,-0.6583045733298619,True,True,True,correct
sub-036,15,correct,1,476.0653820252489,2.335148648366755,True,True,True,correct
sub-036,16,correct,1,273.89272324292455,0.6389679829817354,True,True,True,correct
sub-036,17,correct,1,442.477068188634,-1.7738512418781278,True,True,True,correct
sub-036,18,correct,1,471.17455391674514,-1.8175285687066756,True,True,True,correct
sub-036,19,correct,1,518.0895272364144,1.3948653386484282,True,True,True,correct
sub-036,20,correct,1,349.8138534087941,-0.0637650905576869,True,True,True,correct
sub-036,21,correct,1,553.6747275018208,-0.2091525051563021,True,True,True,correct
sub-036,22,correct,1,681.5725637938234,1.6131649438301074,True,True,True,correct
sub-036,23,correct,1,338.23867121597186,1.1383914561428368,True,True,True,correct
sub-036,24,correct,1,602.7663948512212,2.084977560918996,True,True,True,correct
sub-036,25,correct,1,438.9203769727442,-2.1602932383878137,True,True,True,correct
sub-036,26,error,0,333.92142373058806,1.1021493451529014,False,True,True,error
sub-036,27,correct,1,399.64634976351965,-1.4630525001777153,True,True,True,correct
sub-036,28,correct,1,540.0654353631048,0.0749059968707714,True,True,True,correct
sub-036,29,correct,1,366.2190424091371,-0.1764522293318849,True,True,True,correct
sub-036,30,correct,1,584.3771834592478,-0.7335501909082806,True,True,True,correct
sub-036,31,correct,1,615.3756562685494,0.7311985749140326,True,True,True,correct
sub-036,32,correct,1,545.3631115424374,-1.065174892948942,True,True,True,correct
sub-036,33,correct,1,484.3672659447259,1.0597110683185205,True,True,True,correct
sub-036,34,correct,1,525.1929516486767,2.2802077792470072,True,True,True,correct
sub-036,35,correct,1,404.3395119166424,1.2401460928369858,True,True,True,correct
sub-036,36,correct,1,453.4490186842359,-0.38541158439704,True,True,True,correct
sub-036,37,correct,1,593.292749721493,-1.2266293014506833,True,True,True,correct
sub-036,38,correct,1,513.3257859042884,1.085471313180242,True,True,True,correct
sub-036,39,correct,1,459.53019435887126,-1.3190358884112197,True,True,True,correct
sub-036,40,correct,1,364.8046946595968,2.9196766678903128,True,True,True,correct
sub-036,41,error,0,368.7362818019235,-1.0393777998042248,False,True,True,error
sub-036,42,correct,1,401.4103852213317,1.5172348796587007,True,True,True,correct
sub-036,43,correct,1,521.5275746854893,-0.6584185176695395,True,True,True,correct
sub-036,44,correct,1,687.8345541225058,-1.1057340874315438,True,True,True,correct
sub-036,45,correct,1,542.7743715893203,1.7802058763797275,True,True,True,correct
sub-036,46,correct,1,551.0198142440066,0.2623493195508717,True,True,True,correct
sub-036,47,correct,1,598.4159178471041,-1.752383939209536,True,True,True,correct
sub-036,48,correct,1,430.398686162623,-0.3180853604522014,True,True,True,correct
sub-036,49,correct,1,333.6117033718235,0.3788325643484566,True,True,True,correct
sub-036,50,correct,1,502.9766806710641,-0.5258888618762949,True,True,True,correct
sub-036,51,correct,1,428.7603383760132,-0.7496867856975401,True,True,True,correct
sub-036,52,correct,1,452.30032401556105,1.536955383651637,True,True,True,correct
sub-036,53,correct,1,422.10765413987104,1.2448120490660295,True,True,True,correct
sub-036,54,correct,1,390.6618757231816,0.8795407435920066,True,True,True,correct
sub-036,55,correct,1,524.0588820266303,-3.0120591185118077,True,True,True,correct
sub-036,56,correct,1,581.1201500947224,2.099831838953656,True,True,True,correct
sub-036,57,correct,1,600.5415980745654,-2.061036384961902,True,True,True,correct
sub-036,58,correct,1,560.5620433984584,1.6041531219942868,True,True,True,correct
sub-036,59,correct,1,423.6943536143791,-0.1396588875032734,True,True,True,correct
sub-036,60,correct,1,572.8068886594274,0.4474173045792636,True,True,True,correct
sub-036,61,correct,1,368.905646037732,0.0310937289018753,True,True,True,correct
sub-036,62,correct,1,592.9944918185577,-1.9592554262005824,True,True,True,correct
sub-036,63,correct,1,361.2539644944084,0.9125384643373324,True,True,True,correct
sub-036,64,correct,1,641.6943680953963,-1.0360461237007983,True,True,True,correct
sub-036,65,error,0,463.57335807587856,0.2167779848595044,False,True,True,error
sub-036,66,correct,1,349.9142520572616,1.763050363136771,True,True,True,correct
sub-036,67,correct,1,626.5501457645537,-1.5908647471907076,True,True,True,correct
sub-036,68,correct,1,353.497691494162,1.0093324793305396,True,True,True,correct
sub-036,69,correct,1,599.5734044342629,0.0124842047665088,True,True,True,correct
sub-036,70,correct,1,498.39458493584686,-3.582334571878412,True,True,True,correct
sub-036,71,correct,1,519.8573438281568,0.7182760144257141,True,True,True,correct
sub-036,72,correct,1,606.923314142429,-1.8040951826617075,True,True,True,correct
sub-036,73,error,0,424.0441407824746,-0.4436968709157137,False,True,True,error
sub-036,74,error,0,503.2112685842881,1.1412620120614765,False,True,True,error
sub-036,75,correct,1,575.2008022074253,1.6795532973758072,True,True,True,correct
sub-036,76,correct,1,476.4078864139681,-1.218615711348488,True,True,True,correct
sub-036,77,correct,1,479.6205070512385,-0.0786735735187589,True,True,True,correct
sub-036,78,correct,1,430.75576836149526,-2.6747618104574604,True,True,True,correct
sub-036,79,correct,1,442.3689106359542,-2.167658831383948,True,True,True,correct
sub-036,80,error,0,539.7363501976157,-0.523996651968457,False,True,True,error
sub-036,81,error,0,562.2294633034688,-0.2937374555933988,False,True,True,error
sub-036,82,correct,1,526.258628195576,3.1813817734416068,True,True,True,correct
sub-036,83,correct,1,360.7559351191625,2.6059386754991047,True,True,True,correct
sub-036,84,error,0,416.7674174576064,-0.3780651477166147,False,True,True,error
sub-036,85,correct,1,475.2386662395009,-0.6137468154355927,True,True,True,correct
sub-036,86,correct,1,544.6521652694366,1.2672857518357434,True,True,True,correct
sub-036,87,correct,1,392.9501244360906,1.3025447524591716,True,True,True,correct
sub-036,88,correct,1,665.5357737298309,0.1347219167453711,True,True,True,correct
sub-036,89,error,0,237.8889790153546,1.303601348309069,False,True,True,error
sub-036,90,correct,1,366.2582184087751,-0.6484642413722841,True,True,True,correct
sub-036,91,correct,1,542.9043890191186,-2.737295608085069,True,True,True,correct
sub-036,92,correct,1,491.4730568613881,-0.922402904945894,True,True,True,correct
sub-036,93,correct,1,472.1943609098441,1.7716072356885006,True,True,True,correct
sub-036,94,correct,1,493.6064795124375,1.000518043001532,True,True,True,correct
sub-036,95,correct,1,531.5663725555345,-3.4300945990240885,True,True,True,correct
sub-036,96,correct,1,323.4264386158552,0.5313783372253779,True,True,True,correct
sub-036,97,correct,1,589.4307507368935,-2.338190151667887,True,True,True,correct
sub-036,98,correct,1,712.9875674817151,-0.0928562065913679,True,True,True,correct
sub-036,99,correct,1,485.0481399604176,-1.1339583512497495,True,True,True,correct
sub-036,100,correct,1,492.233039212028,-0.2456186080125074,True,True,True,correct
sub-036,101,correct,1,491.3728055947551,1.3667660069917904,True,True,True,correct
sub-036,102,correct,1,403.0614063762949,2.042170693973018,True,True,True,correct
sub-036,103,error,0,529.321345228947,1.3887536198700354,False,True,True,error
sub-036,104,correct,1,544.9207672672478,1.5169860074211798,True,True,True,correct
sub-036,105,error,0,392.9088258058748,-0.0316526186504895,False,True,True,error
sub-036,106,correct,1,499.40934015013545,-4.727249770835922,True,True,True,correct
sub-036,107,correct,1,488.29220720421057,0.1262208123169763,True,True,True,correct
sub-036,108,correct,1,374.94708500964447,-0.0773795961916414,True,True,True,correct
sub-036,109,correct,1,423.21567505461337,1.5069007160647756,True,True,True,correct
sub-036,110,error,0,462.0142553988027,-1.2711188674043734,False,True,True,error
sub-036,111,correct,1,431.4698042947851,-2.755647302843027,True,True,True,correct
sub-036,112,error,0,527.7596464601131,-0.7341347858384386,False,True,True,error
sub-036,113,correct,1,392.5838716976658,1.4603687448938878,True,True,True,correct
sub-036,114,error,0,592.4292376054682,2.2156534723356485,False,True,True,error
sub-036,115,correct,1,536.3684785107805,1.1743230941608809,True,True,True,correct
sub-036,116,correct,1,408.85675915490623,-0.1051350997195469,True,True,True,correct
sub-036,117,correct,1,533.0550792375419,-5.330289671643071,True,True,True,correct
sub-036,118,correct,1,523.0181471341765,-3.1904919715311806,True,True,True,correct
sub-036,119,error,0,372.4149420272231,0.2522409193095409,False,True,True,error
sub-036,120,correct,1,534.0027768036846,-0.6338822530056678,True,True,True,correct
sub-036,121,error,0,433.6643958979825,1.3148525445722716,False,True,True,error
sub-036,122,correct,1,477.56301966758383,-1.6214384830345268,True,True,True,correct
sub-036,123,correct,1,477.82366898893554,3.001782342742475,True,True,True,correct
sub-036,124,correct,1,482.5263759327995,1.7060431344165978,True,True,True,correct
sub-036,125,correct,1,603.2426916653683,1.4432020983487643,True,True,True,correct
sub-036,126,correct,1,490.55703824590586,0.2092201115503497,True,True,True,correct
sub-036,127,correct,1,446.8841223981558,-4.326820223041301,True,True,True,correct
sub-036,128,correct,1,476.0508681424797,-1.0602014081769462,True,True,True,correct
sub-036,129,error,0,209.69203760119063,-0.2374960968589486,False,True,True,error
sub-036,130,correct,1,380.8655977011133,-2.657512727335562,True,True,True,correct
sub-036,131,correct,1,371.0515874227141,2.5490654741945686,True,True,True,correct
sub-036,132,correct,1,485.08837558369095,1.581080737795798,True,True,True,correct
sub-036,133,correct,1,382.8215050083441,2.401362083548718,True,True,True,correct
sub-036,134,correct,1,343.0534642901243,-0.2809251063654477,True,True,True,correct
sub-036,135,correct,1,344.5662199334536,2.184185560880556,True,True,True,correct
sub-036,136,correct,1,486.2302725735726,-0.0715698629900761,True,True,True,correct
sub-036,137,correct,1,403.61300219406274,-1.4741243681101002,True,True,True,correct
sub-036,138,correct,1,412.8320692387145,3.061976449753104,True,True,True,correct
sub-036,139,correct,1,575.2100796268876,-0.046219384696049,True,True,True,correct
sub-036,140,error,0,400.9259069863961,-1.9963932914696425,False,True,True,error
sub-036,141,correct,1,333.16456048072405,-2.7381580766355205,True,True,True,correct
sub-036,142,error,0,470.1095979892479,-5.526760925681082,False,True,True,error
sub-036,143,correct,1,426.82367765049776,-3.073646785352145,True,True,True,correct
sub-036,144,correct,1,522.5357068310298,2.444203310830616,True,True,True,correct
sub-036,145,correct,1,434.5861232578841,-0.0516014237903311,True,True,True,correct
sub-036,146,error,0,478.8510990910388,-2.3224283208481395,False,True,True,error
sub-036,147,correct,1,430.7955938237731,-4.521571649158281,True,True,True,correct
sub-036,148,correct,1,459.0988452870212,-0.6060042825371672,True,True,True,correct
sub-036,149,correct,1,626.9068951830341,3.2691987112613248,True,True,True,correct
sub-036,150,correct,1,414.7328135289872,0.3441774319926057,True,True,True,correct
sub-036,151,correct,1,466.7957064021185,4.785810055206603,True,True,True,correct
sub-036,152,error,0,485.66465660358153,2.7862134070255298,False,True,True,error
sub-036,153,correct,1,397.4813654394751,-1.999559780114008,True,True,True,correct
sub-036,154,correct,1,457.0929875127253,-3.300884421430476,True,True,True,correct
sub-036,155,correct,1,478.9348370845463,-0.7419764685275764,True,True,True,correct
sub-036,156,correct,1,489.9646117601408,1.4585362271766116,True,True,True,correct
sub-036,157,correct,1,454.6691669474939,-3.39315739641659,True,True,True,correct
sub-036,158,correct,1,393.6838242405584,-0.3228762173300209,True,True,True,correct
sub-036,159,correct,1,476.2222854027018,2.9462239424849708,True,True,True,correct
sub-036,160,error,0,415.75001350639445,-1.0028223790015631,False,True,True,error
sub-037,1,correct,1,464.18366326138073,2.2900999384984444,True,True,True,correct
sub-037,2,correct,1,504.363375056041,-1.2336155487811231,True,True,True,correct
sub-037,3,error,0,404.2662743591237,-2.026466827015753,False,True,True,error
sub-037,4,correct,1,473.9511260798896,0.6245013987127479,True,True,True,correct
sub-037,5,correct,1,615.7613330678258,-3.775367168600656,True,True,True,correct
sub-037,6,correct,1,423.55296094317305,-1.7651812071514037,True,True,True,correct
sub-037,7,correct,1,541.6557495434262,-2.801257668064623,True,True,True,correct
sub-037,8,correct,1,473.4600597078528,-0.8972551200208183,True,True,True,correct
sub-037,9,error,0,363.660048466221,-2.1543731368047423,False,True,True,error
sub-037,10,error,0,368.3640593661459,-2.356149259029845,False,True,True,error
sub-037,11,correct,1,443.51473318362446,2.4970878893836645,True,True,True,correct
sub-037,12,correct,1,425.09134295855256,0.7550536207240119,True,True,True,correct
sub-037,13,correct,1,494.45382770298886,-2.314488474394408,True,True,True,correct
sub-037,14,correct,1,400.5364626112829,-0.7360148950387202,True,True,True,correct
sub-037,15,error,0,482.8394401499976,0.6233036551168076,False,True,True,error
sub-037,16,correct,1,445.31969766143067,-0.9385690495412156,True,True,True,correct
sub-037,17,correct,1,462.71572451826586,-1.9855778361681509,True,True,True,correct
sub-037,18,correct,1,459.777076889608,-0.4907460533951037,True,True,True,correct
sub-037,19,correct,1,507.0260724750498,-2.740503815809479,True,True,True,correct
sub-037,20,correct,1,530.9134366577938,-1.922776057744382,True,True,True,correct
sub-037,21,correct,1,487.9469365205667,2.006523706317698,True,True,True,correct
sub-037,22,correct,1,333.4055270139447,3.4257430689769537,True,True,True,correct
sub-037,23,correct,1,358.4293400983256,3.828292580201348,True,True,True,correct
sub-037,24,correct,1,442.9394236682368,-0.3446989591449497,True,True,True,correct
sub-037,25,correct,1,512.2657867336438,-1.091109422595936,True,True,True,correct
sub-037,26,correct,1,399.41468029976505,-1.4211855264113942,True,True,True,correct
sub-037,27,error,0,227.9333650723005,-1.2964601818367525,False,True,True,error
sub-037,28,correct,1,552.1461688399926,-0.5837541475133059,True,True,True,correct
sub-037,29,error,0,500.2755083461842,-5.276808242086124,False,True,True,error
sub-037,30,correct,1,435.8606158386388,-1.247151966560304,True,True,True,correct
sub-037,31,correct,1,456.0997009335416,-2.3218835167964165,True,True,True,correct
sub-037,32,correct,1,599.7297860843175,-2.9583350952831444,True,True,True,correct
sub-037,33,correct,1,451.98426229155166,-0.6025955353627535,True,True,True,correct
sub-037,34,correct,1,500.84581316752417,-0.3363931808121678,True,True,True,correct
sub-037,35,correct,1,370.60533589019855,2.631149502190921,True,True,True,correct
sub-037,36,correct,1,505.7648648865934,-0.9370806909314467,True,True,True,correct
sub-037,37,correct,1,429.0826117329644,1.5121844379859193,True,True,True,correct
sub-037,38,correct,1,479.0450972683204,1.9445755970328575,True,True,True,correct
sub-037,39,correct,1,374.7474336094676,1.172002136831611,True,True,True,correct
sub-037,40,error,0,558.7679773607229,-3.2239650549044505,False,True,True,error
sub-037,41,correct,1,527.8556868438861,3.900776532732343,True,True,True,correct
sub-037,42,correct,1,430.2487396541597,-3.8444165855728767,True,True,True,correct
sub-037,43,error,0,433.9962875663596,-3.461084553315791,False,True,True,error
sub-037,44,correct,1,452.0558406612308,-3.7839069137815255,True,True,True,correct
sub-037,45,correct,1,547.2603704704819,0.8370569455830992,True,True,True,correct
sub-037,46,correct,1,414.13771233714925,-4.939572746790769,True,True,True,correct
sub-037,47,correct,1,559.2709005960917,-0.7011576496552153,True,True,True,correct
sub-037,48,correct,1,498.7280550133088,-0.2119382541558694,True,True,True,correct
sub-037,49,error,0,506.1911758585428,-0.6863905075928884,False,True,True,error
sub-037,50,correct,1,504.6746092740432,2.6852665500094166,True,True,True,correct
sub-037,51,correct,1,413.0775542581396,2.4385961969551144,True,True,True,correct
sub-037,52,correct,1,390.6557306533364,-0.202088727370636,True,True,True,correct
sub-037,53,correct,1,450.2518744838493,-2.5613071890699746,True,True,True,correct
sub-037,54,correct,1,533.4881026519771,0.3397712941516583,True,True,True,correct
sub-037,55,correct,1,528.2525208392706,-0.9977546007307604,True,True,True,correct
sub-037,56,correct,1,518.3419398721229,-1.8822261339815969,True,True,True,correct
sub-037,57,correct,1,379.9692076933839,1.0349136797403766,True,True,True,correct
sub-037,58,correct,1,439.3644295909253,2.7300778271808577,True,True,True,correct
sub-037,59,correct,1,579.0232373058245,2.361936304794011,True,True,True,correct
sub-037,60,correct,1,356.41081609306326,0.0148744069311425,True,True,True,correct
sub-037,61,correct,1,493.5980093764066,-1.571343418134007,True,True,True,correct
sub-037,62,correct,1,455.7133914127269,0.354682374543537,True,True,True,correct
sub-037,63,correct,1,469.4228215972312,-0.5483212112071475,True,True,True,correct
sub-037,64,correct,1,551.1377625738473,-1.3765803298951147,True,True,True,correct
sub-037,65,error,0,518.3077367330858,-3.187362546990044,False,True,True,error
sub-037,66,correct,1,380.25641884941456,0.8436872554316375,True,True,True,correct
sub-037,67,correct,1,353.8135791086708,2.0539544155298306,True,True,True,correct
sub-037,68,correct,1,565.3346813171743,-0.3167197027700972,True,True,True,correct
sub-037,69,correct,1,456.79298590521967,-1.3223589900708634,True,True,True,correct
sub-037,70,error,0,403.7386878882109,-2.997749669420496,False,True,True,error
sub-037,71,correct,1,450.1328612827832,-1.5385612542062668,True,True,True,correct
sub-037,72,correct,1,631.564665600894,2.210538787749554,True,True,True,correct
sub-037,73,error,0,573.6889503445841,-4.114261547891745,False,True,True,error
sub-037,74,correct,1,529.489184205834,-3.2047265633010675,True,True,True,correct
sub-037,75,correct,1,603.1679269284789,-2.1271699065427105,True,True,True,correct
sub-037,76,correct,1,447.2064477636874,-2.149566174123068,True,True,True,correct
sub-037,77,correct,1,319.11876341543666,0.8563392722448733,True,True,True,correct
sub-037,78,correct,1,480.9023194276129,0.6472548288165307,True,True,True,correct
sub-037,79,correct,1,430.0003485708996,-0.348984098925438,True,True,True,correct
sub-037,80,correct,1,360.1268788495036,-1.8057068099358224,True,True,True,correct
sub-037,81,correct,1,459.9680387141332,-2.011311454441786,True,True,True,correct
sub-037,82,correct,1,417.8893818130928,-0.9538818418152192,True,True,True,correct
sub-037,83,correct,1,457.6295911990231,0.4492067706308377,True,True,True,correct
sub-037,84,error,0,571.5888042597132,-1.958213698050589,False,True,True,error
sub-037,85,correct,1,443.9478579484161,-1.368596277143249,True,True,True,correct
sub-037,86,correct,1,494.457801778718,-2.890689995099943,True,True,True,correct
sub-037,87,correct,1,301.5873682696946,-0.4405614316880259,True,True,True,correct
sub-037,88,correct,1,410.1612618262566,-2.2130551879131146,True,True,True,correct
sub-037,89,correct,1,482.6418756343794,0.2867691921044639,True,True,True,correct
sub-037,90,correct,1,367.0201780768123,-3.0003122727019447,True,True,True,correct
sub-037,91,correct,1,442.2388630806437,-0.0229944503037152,True,True,True,correct
sub-037,92,correct,1,402.0703448891925,2.0292723337606025,True,True,True,correct
sub-037,93,error,0,570.9734357986815,-2.3774680627890223,False,True,True,error
sub-037,94,error,0,428.4371659483979,-3.0768622853576426,False,True,True,error
sub-037,95,error,0,516.2385872530051,-2.060902307185998,False,True,True,error
sub-037,96,correct,1,579.0930651275103,0.4938107092864894,True,True,True,correct
sub-037,97,correct,1,501.61341212267934,1.975787131847293,True,True,True,correct
sub-037,98,correct,1,490.6189913490951,0.0601183591554924,True,True,True,correct
sub-037,99,correct,1,485.6784097275561,-2.242250163892493,True,True,True,correct
sub-037,100,correct,1,463.2019285836223,-3.543076236272125,True,True,True,correct
sub-037,101,correct,1,477.3832123852441,-1.217915970221739,True,True,True,correct
sub-037,102,correct,1,373.1320536055695,-0.3695290921695514,True,True,True,correct
sub-037,103,error,0,439.02537610993465,2.0323905507571576,False,True,True,error
sub-037,104,correct,1,481.47487896272605,-0.449105007861012,True,True,True,correct
sub-037,105,correct,1,620.4179974801752,1.1137261073936129,True,True,True,correct
sub-037,106,correct,1,489.0259971321061,1.400682446397877,True,True,True,correct
sub-037,107,correct,1,607.191633631068,-1.0974139616795038,True,True,True,correct
sub-037,108,error,0,549.922189936735,-0.3902514972423561,False,True,True,error
sub-037,109,correct,1,676.2745977858119,2.265544599875849,True,True,True,correct
sub-037,110,correct,1,529.8632510493146,0.6801100665113249,True,True,True,correct
sub-037,111,correct,1,498.006933295598,2.315595478153615,True,True,True,correct
sub-037,112,correct,1,671.9366389519383,-3.11630299422925,True,True,True,correct
sub-037,113,correct,1,504.4647105319257,-2.805372342740239,True,True,True,correct
sub-037,114,correct,1,555.3410552796738,-2.0180923888734377,True,True,True,correct
sub-037,115,correct,1,469.1823485979753,-0.2382808236020344,True,True,True,correct
sub-037,116,error,0,430.6444033259674,-1.965221018971964,False,True,True,error
sub-037,117,correct,1,569.4454865492935,-0.2954773347619394,True,True,True,correct
sub-037,118,correct,1,439.2558889087874,-6.488948575876919,True,True,True,correct
sub-037,119,correct,1,627.2356818336594,-1.3296010798000504,True,True,True,correct
sub-037,120,correct,1,342.33471074062413,1.8118783417079656,True,True,True,correct
sub-037,121,correct,1,539.0648422730335,-3.749943391679208,True,True,True,correct
sub-037,122,correct,1,464.1208458072881,1.1175604482875288,True,True,True,correct
sub-037,123,correct,1,457.5155902207747,-1.1475251828981214,True,True,True,correct
sub-037,124,correct,1,603.0449785149864,-0.3943997995169819,True,True,True,correct
sub-037,125,correct,1,282.1249742315689,2.6751976004042595,True,True,True,correct
sub-037,126,correct,1,550.9434909288487,2.1503241139156755,True,True,True,correct
sub-037,127,correct,1,455.5311605735671,2.6914356249116063,True,True,True,correct
sub-037,128,correct,1,641.6332062258293,0.3494428639085112,True,True,True,correct
sub-037,129,error,0,373.4625485415074,0.9263457386845996,False,True,True,error
sub-037,130,correct,1,465.4117378908302,1.471760878395867,True,True,True,correct
sub-037,131,correct,1,642.2613032354114,-1.4067376371193498,True,True,True,correct
sub-037,132,correct,1,477.07681291611925,1.9946397763035373,True,True,True,correct
sub-037,133,correct,1,550.6841416512116,-0.2077923270810553,True,True,True,correct
sub-037,134,error,0,392.1975261882802,-2.9451869877233845,False,True,True,error
sub-037,135,correct,1,394.89048647917,1.4051411227911534,True,True,True,correct
sub-037,136,correct,1,610.2200521511626,0.0295995719306852,True,True,True,correct
sub-037,137,correct,1,307.06657096859226,-0.3814768705537475,True,True,True,correct
sub-037,138,error,0,411.0090266398468,-0.8068545621303984,False,True,True,error
sub-037,139,correct,1,662.2024473227975,-4.312956001662037,True,True,True,correct
sub-037,140,correct,1,400.9012521218001,1.2700484368003484,True,True,True,correct
sub-037,141,correct,1,429.9462565269158,-1.444207245849178,True,True,True,correct
sub-037,142,error,0,404.658510644619,-3.358641715929962,False,True,True,error
sub-037,143,correct,1,378.69512122907247,-1.0623711966149123,True,True,True,correct
sub-037,144,correct,1,352.0948213437865,-1.0229631553464666,True,True,True,correct
sub-037,145,correct,1,427.1109114743936,-0.4974315239127031,True,True,True,correct
sub-037,146,correct,1,495.1824444033596,3.062745185664357,True,True,True,correct
sub-037,147,correct,1,370.2917708561308,-2.60664314852043,True,True,True,correct
sub-037,148,correct,1,398.1848804504054,1.8594465300117764,True,True,True,correct
sub-037,149,correct,1,346.5108396011948,-3.991860777716045,True,True,True,correct
sub-037,150,error,0,401.8724933884612,-1.0694929704205327,False,True,True,error
sub-037,151,correct,1,551.2652465768533,2.0214146799342507,True,True,True,correct
sub-037,152,correct,1,492.0862437638929,0.758494054783458,True,True,True,correct
sub-037,153,correct,1,402.5202941783177,-0.3831267357105687,True,True,True,correct
sub-037,154,correct,1,554.5840294784749,-4.386102140686906,True,True,True,correct
sub-037,155,correct,1,486.2415789782542,-1.7021951685702532,True,True,True,correct
sub-037,156,correct,1,541.567473284556,2.894979920884218,True,True,True,correct
sub-037,157,correct,1,575.3909836570018,1.786441415049017,True,True,True,correct
sub-037,158,correct,1,481.53688081533215,-1.86258254631053,True,True,True,correct
sub-037,159,correct,1,393.6710661980498,-1.1293900865141016,True,True,True,correct
sub-037,160,correct,1,561.7307262227438,3.087556772408122,True,True,True,correct
sub-038,1,correct,1,457.1541870976973,-0.3936558243487484,True,True,True,correct
sub-038,2,correct,1,399.5157110625276,-0.3244797343611509,True,True,True,correct
sub-038,3,correct,1,678.4325976166591,-3.5748382118961177,True,True,True,correct
sub-038,4,correct,1,526.4611373020791,-3.260984577891093,True,True,True,correct
sub-038,5,correct,1,371.7777704875358,1.47192803933386,True,True,True,correct
sub-038,6,correct,1,373.8933901784464,-2.959900069284752,True,True,True,correct
sub-038,7,correct,1,374.0578591662136,-4.106340256802171,True,True,True,correct
sub-038,8,error,0,439.4595668484184,-0.2833348563991555,False,True,True,error
sub-038,9,correct,1,583.1167878148851,-1.9559151211738008,True,True,True,correct
sub-038,10,correct,1,484.606112219814,0.4945836608526103,True,True,True,correct
sub-038,11,correct,1,512.0618876177608,-5.608207149851479,True,True,True,correct
sub-038,12,correct,1,569.3489133971945,-2.1006073373401115,True,True,True,correct
sub-038,13,correct,1,530.2425506838381,0.3477531775670518,True,True,True,correct
sub-038,14,correct,1,364.28076965132345,0.3690508081212714,True,True,True,correct
sub-038,15,error,0,397.65758698961895,-1.6222415156044203,False,True,True,error
sub-038,16,correct,1,301.43761637019657,-0.6648140036826509,True,True,True,correct
sub-038,17,correct,1,414.2339921524176,-0.7346961586352383,True,True,True,correct
sub-038,18,correct,1,502.0737082266712,-3.3095182976757456,True,True,True,correct
sub-038,19,correct,1,452.8631021347573,-1.8911076463739045,True,True,True,correct
sub-038,20,correct,1,533.0208767679107,-2.3554201673955166,True,True,True,correct
sub-038,21,correct,1,470.4668190587188,-1.923279134454091,True,True,True,correct
sub-038,22,correct,1,321.77303504697056,0.3223445659396485,True,True,True,correct
sub-038,23,correct,1,587.4743274934078,-2.190229741944676,True,True,True,correct
sub-038,24,correct,1,492.901810443854,-0.3068258920272256,True,True,True,correct
sub-038,25,error,0,514.6995881565042,0.6326912780142169,False,True,True,error
sub-038,26,correct,1,502.8972530131532,-0.19092512894653,True,True,True,correct
sub-038,27,correct,1,573.5450928574344,0.4750829917455764,True,True,True,correct
sub-038,28,correct,1,489.6944245788028,-1.5667061147304453,True,True,True,correct
sub-038,29,correct,1,521.1206655425095,0.4372435418871648,True,True,True,correct
sub-038,30,correct,1,501.6790166619433,-3.4501164154291195,True,True,True,correct
sub-038,31,correct,1,434.5507406449236,3.248113036518587,True,True,True,correct
sub-038,32,correct,1,485.36369182087816,0.2550302694408152,True,True,True,correct
sub-038,33,correct,1,450.3671619169582,0.8332606403434691,True,True,True,correct
sub-038,34,correct,1,316.8557788170817,-3.9694678379056776,True,True,True,correct
sub-038,35,correct,1,477.9913588389312,1.862518070783699,True,True,True,correct
sub-038,36,error,0,519.5968105694566,-8.251924897119608,False,True,True,error
sub-038,37,correct,1,403.5386016979605,-4.660005526017107,True,True,True,correct
sub-038,38,correct,1,525.3681094453686,-1.2030442899127487,True,True,True,correct
sub-038,39,error,0,400.9369545994809,-0.8655882194055405,False,True,True,error
sub-038,40,error,0,408.9361913250574,-1.7286037362185132,False,True,True,error
sub-038,41,correct,1,573.1634167632669,1.8290223014994456,True,True,True,correct
sub-038,42,correct,1,435.6581655737708,-0.473958552551989,True,True,True,correct
sub-038,43,correct,1,516.1413084927522,-2.4879671825308787,True,True,True,correct
sub-038,44,correct,1,394.4368303861012,3.049354049035669,True,True,True,correct
sub-038,45,correct,1,540.6159813239396,2.0288279133920395,True,True,True,correct
sub-038,46,correct,1,467.8844855865024,-1.5927935976100938,True,True,True,correct
sub-038,47,correct,1,429.316871555318,-2.3293981488129902,True,True,True,correct
sub-038,48,correct,1,425.34373294259694,-0.6299953481450535,True,True,True,correct
sub-038,49,correct,1,364.4208889191624,-0.7221094408920348,True,True,True,correct
sub-038,50,error,0,531.2404856248783,-3.0254681421042795,False,True,True,error
sub-038,51,correct,1,541.6389899394071,0.390113516465998,True,True,True,correct
sub-038,52,correct,1,392.829614623954,2.057833122912111,True,True,True,correct
sub-038,53,correct,1,409.8310046914348,3.290230577478621,True,True,True,correct
sub-038,54,correct,1,460.3653238526246,2.420952552129874,True,True,True,correct
sub-038,55,correct,1,562.7406636857788,-2.677316370398598,True,True,True,correct
sub-038,56,correct,1,539.216153770029,2.4283128041048894,True,True,True,correct
sub-038,57,correct,1,463.1227113301182,-2.5867216739788064,True,True,True,correct
sub-038,58,correct,1,430.1260049713879,2.874571350342445,True,True,True,correct
sub-038,59,error,0,467.5583902867824,-5.160519794601193,False,True,True,error
sub-038,60,correct,1,454.99301561698655,-0.6489500215141883,True,True,True,correct
sub-038,61,correct,1,547.4510680176427,-5.131260153976954,True,True,True,correct
sub-038,62,correct,1,431.8181253167754,-8.41338725932236,True,True,True,correct
sub-038,63,correct,1,345.98391666510906,0.7718330090649154,True,True,True,correct
sub-038,64,correct,1,439.5612538337012,-0.0686026335869181,True,True,True,correct
sub-038,65,correct,1,369.5492260150007,0.2932102049277917,True,True,True,correct
sub-038,66,correct,1,452.7255541832116,-0.0394137702744191,True,True,True,correct
sub-038,67,correct,1,492.0657598613494,0.7780529096529242,True,True,True,correct
sub-038,68,correct,1,421.4146389233644,-0.7832868236014177,True,True,True,correct
sub-038,69,correct,1,384.295428697892,-3.89197842945984,True,True,True,correct
sub-038,70,error,0,452.9365363099534,0.203128067548973,False,True,True,error
sub-038,71,error,0,484.9845165255522,-0.7668686925951833,False,True,True,error
sub-038,72,correct,1,308.9899297424099,2.946955015130141,True,True,True,correct
sub-038,73,error,0,420.5325565714288,0.6300814891651156,False,True,True,error
sub-038,74,correct,1,389.0701558093464,-0.9704122077373752,True,True,True,correct
sub-038,75,correct,1,352.2102938592574,-3.066186367010213,True,True,True,correct
sub-038,76,correct,1,483.51811932739247,-1.186456400503566,True,True,True,correct
sub-038,77,correct,1,409.40948933042034,0.4365978355730832,True,True,True,correct
sub-038,78,error,0,382.47696964108985,-4.147248985175216,False,True,True,error
sub-038,79,correct,1,574.4193221284388,-0.4264964053283177,True,True,True,correct
sub-038,80,correct,1,546.3965583554767,1.136513669567893,True,True,True,correct
sub-038,81,correct,1,573.4074257792745,-0.5629240629280969,True,True,True,correct
sub-038,82,correct,1,536.6333436852162,0.2561492977170018,True,True,True,correct
sub-038,83,correct,1,450.9468433796033,-1.6117160158301826,True,True,True,correct
sub-038,84,correct,1,490.6356519812458,1.5709833574626262,True,True,True,correct
sub-038,85,correct,1,432.6163341175577,-0.8202607092565515,True,True,True,correct
sub-038,86,correct,1,564.6527198699941,-0.2504880975017879,True,True,True,correct
sub-038,87,correct,1,463.8127396896661,-0.1990683336742649,True,True,True,correct
sub-038,88,correct,1,467.94894971130407,2.385956627211365,True,True,True,correct
sub-038,89,correct,1,441.3490398091938,-2.942973099345428,True,True,True,correct
sub-038,90,correct,1,475.9539724468956,0.1827861714100211,True,True,True,correct
sub-038,91,correct,1,637.2341746418545,2.047319535776792,True,True,True,correct
sub-038,92,correct,1,593.1354323207266,0.0088284941906938,True,True,True,correct
sub-038,93,correct,1,456.7487897394348,2.0470940650319216,True,True,True,correct
sub-038,94,correct,1,425.7509748739792,-4.815971114384646,True,True,True,correct
sub-038,95,correct,1,521.9242856496994,1.2290359089266585,True,True,True,correct
sub-038,96,correct,1,330.2140255244842,-3.5462910849507505,True,True,True,correct
sub-038,97,correct,1,438.2872816098469,-2.5662680736348404,True,True,True,correct
sub-038,98,correct,1,646.6776356897274,0.4063996320909769,True,True,True,correct
sub-038,99,correct,1,387.1031950192311,-0.6903860719971967,True,True,True,correct
sub-038,100,correct,1,552.3359030795507,-0.7313074610728928,True,True,True,correct
sub-038,101,correct,1,446.637080669118,-0.825409409131606,True,True,True,correct
sub-038,102,correct,1,312.164896302114,-0.3839217166409944,True,True,True,correct
sub-038,103,error,0,469.1262916020107,0.4120774586074116,False,True,True,error
sub-038,104,correct,1,513.4596707142464,-0.0748713334987325,True,True,True,correct
sub-038,105,correct,1,409.220948998922,-0.6167683981461551,True,True,True,correct
sub-038,106,error,0,368.2247142056853,-0.9538362076488908,False,True,True,error
sub-038,107,correct,1,484.1208317064769,2.421590077139944,True,True,True,correct
sub-038,108,correct,1,433.0037553430628,-4.869416193176594,True,True,True,correct
sub-038,109,correct,1,349.9453460354287,-3.305797384355342,True,True,True,correct
sub-038,110,correct,1,375.3450749848727,-3.4654639254556545,True,True,True,correct
sub-038,111,correct,1,394.3305361101559,-3.718253585391172,True,True,True,correct
sub-038,112,correct,1,489.6352345671425,-1.5951567876622104,True,True,True,correct
sub-038,113,correct,1,502.99728834888913,-3.803262748963444,True,True,True,correct
sub-038,114,correct,1,525.0180983822873,-2.3192587694325417,True,True,True,correct
sub-038,115,correct,1,509.9449837240345,-2.088260919397882,True,True,True,correct
sub-038,116,correct,1,581.5924856633783,0.8466210333187975,True,True,True,correct
sub-038,117,correct,1,500.0106879245325,-1.7827116280198885,True,True,True,correct
sub-038,118,correct,1,511.4355179910863,-1.383203827040166,True,True,True,correct
sub-038,119,correct,1,298.8959836954692,3.2604749058738283,True,True,True,correct
sub-038,120,error,0,463.7914076929098,-3.2027387672540595,False,True,True,error
sub-038,121,correct,1,549.3405802679292,-0.5148098940626498,True,True,True,correct
sub-038,122,correct,1,524.3374853378895,-1.4542260781059626,True,True,True,correct
sub-038,123,correct,1,369.688177086125,0.4211400982338901,True,True,True,correct
sub-038,124,correct,1,576.8480214466687,-1.6344133489937709,True,True,True,correct
sub-038,125,correct,1,428.14025133704007,0.569276935620684,True,True,True,correct
sub-038,126,correct,1,565.4149525965294,1.2742099198019874,True,True,True,correct
sub-038,127,correct,1,481.7009697785003,1.3976035099063029,True,True,True,correct
sub-038,128,correct,1,582.4728891579003,-3.2260290520604977,True,True,True,correct
sub-038,129,correct,1,321.6446395529476,-2.6981480765950465,True,True,True,correct
sub-038,130,correct,1,531.0469360407085,3.8896851435669,True,True,True,correct
sub-038,131,correct,1,490.30919111736,-4.673915617838202,True,True,True,correct
sub-038,132,correct,1,581.1746908663172,-1.9679573241224293,True,True,True,correct
sub-038,133,error,0,391.7700130423883,-5.5934863642303565,False,True,True,error
sub-038,134,correct,1,469.3514652513128,-0.5892128701582453,True,True,True,correct
sub-038,135,correct,1,309.7373841385189,-2.960477457066097,True,True,True,correct
sub-038,136,correct,1,543.7365325260821,0.630595298576507,True,True,True,correct
sub-038,137,correct,1,554.4694667659594,-0.2216498469439973,True,True,True,correct
sub-038,138,correct,1,320.3832980092352,-0.3543889400418799,True,True,True,correct
sub-038,139,error,0,438.1925843447133,-2.153644127208748,False,True,True,error
sub-038,140,correct,1,587.4233711432221,1.2620806523049422,True,True,True,correct
sub-038,141,error,0,314.84271608787907,1.639127324394607,False,True,True,error
sub-038,142,correct,1,513.4774223404293,-0.7888693223652643,True,True,True,correct
sub-038,143,error,0,369.2657246477986,-0.925554713631723,False,True,True,error
sub-038,144,correct,1,672.6597468975856,1.9192481574168891,True,True,True,correct
sub-038,145,correct,1,577.83640808627,-3.280659521766823,True,True,True,correct
sub-038,146,correct,1,559.5079299859115,-4.202525780520889,True,True,True,correct
sub-038,147,correct,1,456.2729928961273,3.264156292248136,True,True,True,correct
sub-038,148,correct,1,590.1998377846626,-2.462152191282251,True,True,True,correct
sub-038,149,error,0,425.6594614813458,-3.013131069054216,False,True,True,error
sub-038,150,correct,1,518.0250067492254,1.4083862833077352,True,True,True,correct
sub-038,151,correct,1,475.1337057745672,-5.995707123442258,True,True,True,correct
sub-038,152,correct,1,401.4600796844314,-0.8377797884639331,True,True,True,correct
sub-038,153,correct,1,675.9712211892089,-4.176834360397097,True,True,True,correct
sub-038,154,correct,1,468.67602672489056,-1.25595825312816,True,True,True,correct
sub-038,155,correct,1,519.5456139058705,1.4857080597836712,True,True,True,correct
sub-038,156,correct,1,646.2879095906443,-0.4005591427630842,True,True,True,correct
sub-038,157,correct,1,506.6736559853063,2.448604689798758,True,True,True,correct
sub-038,158,correct,1,438.2848842332078,0.1931205706617397,True,True,True,correct
sub-038,159,error,0,477.5990050066955,0.9494440079393832,False,True,True,error
sub-038,160,correct,1,461.8271795717337,0.3058031450817674,True,True,True,correct
sub-039,1,error,0,419.2235427645824,-1.4485411866445663,False,True,True,error
sub-039,2,correct,1,554.5284461545605,-1.6646747523848773,True,True,True,correct
sub-039,3,correct,1,347.1220302347475,-1.4460705759373589,True,True,True,correct
sub-039,4,correct,1,497.51837583882144,-2.952085533618727,True,True,True,correct
sub-039,5,correct,1,565.2044293356008,0.3421495920309503,True,True,True,correct
sub-039,6,correct,1,488.00502359234537,-1.071569053829016,True,True,True,correct
sub-039,7,error,0,414.5604986832639,-1.53061050097478,False,True,True,error
sub-039,8,correct,1,414.90087263607774,1.742048175606111,True,True,True,correct
sub-039,9,correct,1,315.7352255986064,-3.481359597137535,True,True,True,correct
sub-039,10,correct,1,414.3842092702553,1.5809815846524478,True,True,True,correct
sub-039,11,correct,1,385.97360084141854,-2.220740695582947,True,True,True,correct
sub-039,12,correct,1,493.77596382288834,1.75070137992254,True,True,True,correct
sub-039,13,error,0,481.1885915688625,1.003280340382645,False,True,True,error
sub-039,14,correct,1,644.2239041865407,-3.417546589105388,True,True,True,correct
sub-039,15,correct,1,585.075185685884,-3.5217224801107228,True,True,True,correct
sub-039,16,correct,1,618.4546886489887,-0.8227649136644863,True,True,True,correct
sub-039,17,correct,1,504.5769868019116,2.1799649832263794,True,True,True,correct
sub-039,18,correct,1,297.8828322660101,2.552573788212586,True,True,True,correct
sub-039,19,correct,1,428.5836591232112,0.9209609128495712,True,True,True,correct
sub-039,20,correct,1,544.3812702005605,0.4993259064472772,True,True,True,correct
sub-039,21,correct,1,483.9468551181506,-3.639946469824777,True,True,True,correct
sub-039,22,correct,1,514.2717336996241,1.1490855590437532,True,True,True,correct
sub-039,23,correct,1,551.7777261538579,0.2498709533627801,True,True,True,correct
sub-039,24,correct,1,468.1722805134083,2.240389273705962,True,True,True,correct
sub-039,25,correct,1,587.1125883645781,-1.6750192352407818,True,True,True,correct
sub-039,26,error,0,438.0753615390924,1.0252009347109134,False,True,True,error
sub-039,27,correct,1,624.7397209730202,-2.045100776334277,True,True,True,correct
sub-039,28,correct,1,429.33287123035495,-1.6336181687162048,True,True,True,correct
sub-039,29,correct,1,527.6101738254708,0.6451693323259695,True,True,True,correct
sub-039,30,correct,1,473.016863325866,1.1086827977496758,True,True,True,correct
sub-039,31,correct,1,407.1920402337685,0.6997934461529045,True,True,True,correct
sub-039,32,correct,1,561.388496022953,-2.963524554877522,True,True,True,correct
sub-039,33,error,0,401.2568145831224,-2.281357072625856,False,True,True,error
sub-039,34,correct,1,492.215450110165,-0.5016652272751229,True,True,True,correct
sub-039,35,error,0,381.61406515766896,-1.7397862150146817,False,True,True,error
sub-039,36,error,0,470.3034505715655,-2.6585287677879044,False,True,True,error
sub-039,37,correct,1,436.77768515756543,-0.1121371488331105,True,True,True,correct
sub-039,38,correct,1,374.3789548367009,-4.487878735011167,True,True,True,correct
sub-039,39,error,0,428.8988148382113,-0.4521356023496015,False,True,True,error
sub-039,40,correct,1,246.3204803522244,1.0073024734567049,True,True,True,correct
sub-039,41,correct,1,482.025023956238,-0.9229779039869632,True,True,True,correct
sub-039,42,correct,1,388.801338554686,0.7148856916345889,True,True,True,correct
sub-039,43,correct,1,520.6540998925786,-2.993283882303464,True,True,True,correct
sub-039,44,error,0,370.6165751822341,-2.0166265858991284,False,True,True,error
sub-039,45,correct,1,549.4356420975845,1.350626974811196,True,True,True,correct
sub-039,46,correct,1,362.3640592640514,-0.2449538173878126,True,True,True,correct
sub-039,47,error,0,460.3008710141752,-4.346698585922447,False,True,True,error
sub-039,48,correct,1,406.1820290383073,-2.512840618805008,True,True,True,correct
sub-039,49,correct,1,462.7642917419413,0.0913445190742296,True,True,True,correct
sub-039,50,error,0,542.6836227403167,-1.388126939349439,False,True,True,error
sub-039,51,correct,1,657.266104884336,1.4383889558997152,True,True,True,correct
sub-039,52,correct,1,567.255681827806,1.56480188870413,True,True,True,correct
sub-039,53,correct,1,417.32559824879786,-1.9654456773980369,True,True,True,correct
sub-039,54,correct,1,619.3982237918528,-0.5239737373369905,True,True,True,correct
sub-039,55,correct,1,269.8237463653088,1.5603320119199735,True,True,True,correct
sub-039,56,correct,1,396.68015278772623,-0.8713875307180248,True,True,True,correct
sub-039,57,correct,1,457.2424794313387,3.106209151307306,True,True,True,correct
sub-039,58,correct,1,433.8610228660232,-3.356466806446347,True,True,True,correct
sub-039,59,correct,1,477.0534981401318,1.7088837034433406,True,True,True,correct
sub-039,60,correct,1,526.1252342237432,-3.743036232699046,True,True,True,correct
sub-039,61,error,0,508.78678777312007,-1.1793493817343217,False,True,True,error
sub-039,62,correct,1,506.7455240713329,-0.7448860921186796,True,True,True,correct
sub-039,63,correct,1,346.4968173466526,-0.4478706270453544,True,True,True,correct
sub-039,64,correct,1,472.914030235276,-1.7713038184807486,True,True,True,correct
sub-039,65,correct,1,488.8870067135111,-2.85874180372762,True,True,True,correct
sub-039,66,error,0,304.9073781043496,-0.1187846989437884,False,True,True,error
sub-039,67,correct,1,481.6286761460445,1.0568818945747829,True,True,True,correct
sub-039,68,correct,1,556.1115839994774,1.582355117434158,True,True,True,correct
sub-039,69,correct,1,516.9249970961362,-1.071471830407336,True,True,True,correct
sub-039,70,correct,1,339.220098468454,-0.7209283857231448,True,True,True,correct
sub-039,71,error,0,445.9052063230062,-0.8426938515196839,False,True,True,error
sub-039,72,correct,1,475.3975383407833,-2.548708774856017,True,True,True,correct
sub-039,73,error,0,426.6610736462712,-0.3523738111583625,False,True,True,error
sub-039,74,error,0,412.4538525484455,-4.411579195353587,False,True,True,error
sub-039,75,correct,1,494.3550658500379,0.4842599701736212,True,True,True,correct
sub-039,76,correct,1,355.0228829843568,3.21292071904458,True,True,True,correct
sub-039,77,correct,1,464.55603651738176,-3.435873591381802,True,True,True,correct
sub-039,78,correct,1,404.107589321466,-2.05709704081002,True,True,True,correct
sub-039,79,correct,1,461.58627404375727,-1.182175560325648,True,True,True,correct
sub-039,80,correct,1,448.0462258216347,-0.1449715280042097,True,True,True,correct
sub-039,81,correct,1,414.2498370139567,-3.1647114635263187,True,True,True,correct
sub-039,82,error,0,312.20279224786475,0.817722836208318,False,True,True,error
sub-039,83,error,0,463.3391124436136,-2.6200805158632168,False,True,True,error
sub-039,84,correct,1,593.6198019250786,-0.0441454836366687,True,True,True,correct
sub-039,85,correct,1,397.3654537667412,0.7925863916034674,True,True,True,correct
sub-039,86,correct,1,474.90581299139166,-0.6410726329016713,True,True,True,correct
sub-039,87,correct,1,498.9264176198175,-1.5641719104658476,True,True,True,correct
sub-039,88,error,0,348.9021966218626,-1.4283992221892907,False,True,True,error
sub-039,89,error,0,348.9286265084879,1.227564092551447,False,True,True,error
sub-039,90,correct,1,297.98342191382034,0.2915194083332257,True,True,True,correct
sub-039,91,correct,1,443.1281820351038,-1.890350854300708,True,True,True,correct
sub-039,92,correct,1,477.5603850781361,-1.8966143548528247,True,True,True,correct
sub-039,93,correct,1,554.1918440491852,0.8687957479743811,True,True,True,correct
sub-039,94,correct,1,476.421150231218,1.551044616111473,True,True,True,correct
sub-039,95,error,0,414.31421838894767,-0.4022284607530901,False,True,True,error
sub-039,96,correct,1,428.09721665887616,1.403766783255009,True,True,True,correct
sub-039,97,error,0,419.8537253561259,0.2696520679999108,False,True,True,error
sub-039,98,correct,1,497.45439429084985,-1.7615707024242206,True,True,True,correct
sub-039,99,correct,1,397.1371252882989,-2.9597827609040115,True,True,True,correct
sub-039,100,correct,1,534.1282728721065,-0.1832738980396193,True,True,True,correct
sub-039,101,error,0,463.4440051456433,0.7816864666676282,False,True,True,error
sub-039,102,correct,1,441.58884204424544,-2.903498022157293,True,True,True,correct
sub-039,103,error,0,409.42347549266646,1.7941385160642644,False,True,True,error
sub-039,104,correct,1,517.9762796098859,-3.202380682806956,True,True,True,correct
sub-039,105,correct,1,405.82363836621846,0.3307517102355513,True,True,True,correct
sub-039,106,correct,1,495.1749955306527,0.3870371719557071,True,True,True,correct
sub-039,107,correct,1,594.9962841256217,-0.6898343138571426,True,True,True,correct
sub-039,108,correct,1,548.3258148283994,-1.1567160513393944,True,True,True,correct
sub-039,109,correct,1,303.8943615154601,0.9554667289154946,True,True,True,correct
sub-039,110,correct,1,462.22594429066976,-1.2421446300896606,True,True,True,correct
sub-039,111,correct,1,527.4191170962525,1.1246053426103964,True,True,True,correct
sub-039,112,correct,1,510.4011511494651,-0.8371848912723387,True,True,True,correct
sub-039,113,correct,1,480.25251279174665,-4.040461001202552,True,True,True,correct
sub-039,114,correct,1,402.2419334887292,-2.750786342823859,True,True,True,correct
sub-039,115,correct,1,377.6204992270003,-2.785261055587853,True,True,True,correct
sub-039,116,correct,1,416.2204091824783,2.276591853688428,True,True,True,correct
sub-039,117,correct,1,491.6293792877362,-1.2501719076646665,True,True,True,correct
sub-039,118,error,0,364.8625613824397,1.482967347761022,False,True,True,error
sub-039,119,correct,1,415.8429719103132,-1.6504717933933917,True,True,True,correct
sub-039,120,correct,1,282.78126122288654,1.8941613082568225,True,True,True,correct
sub-039,121,correct,1,447.8371812012747,0.3843032560688304,True,True,True,correct
sub-039,122,error,0,471.5577339660103,-0.0365100517375258,False,True,True,error
sub-039,123,correct,1,513.8422998609199,-1.67439692652368,True,True,True,correct
sub-039,124,correct,1,372.1364703035336,-3.055261019533852,True,True,True,correct
sub-039,125,correct,1,348.80869733028567,-1.4758944169751398,True,True,True,correct
sub-039,126,correct,1,459.5272134245553,1.5071100725107305,True,True,True,correct
sub-039,127,error,0,372.14680622112223,1.870828365764932,False,True,True,error
sub-039,128,correct,1,382.2079952275762,-2.013968802149797,True,True,True,correct
sub-039,129,correct,1,456.6990051574816,-0.2910345953444712,True,True,True,correct
sub-039,130,correct,1,601.2772773214283,0.0972051256819115,True,True,True,correct
sub-039,131,correct,1,514.2060495988422,0.463147048164142,True,True,True,correct
sub-039,132,error,0,410.715965657258,2.186153788248176,False,True,True,error
sub-039,133,correct,1,448.1422414021732,1.2504521341663477,True,True,True,correct
sub-039,134,correct,1,541.3683221854699,-2.258302367458321,True,True,True,correct
sub-039,135,correct,1,472.38962957265977,-5.583445558060838,True,True,True,correct
sub-039,136,correct,1,431.3249949997636,0.5518235360450341,True,True,True,correct
sub-039,137,correct,1,443.2149748275696,-0.6063026391744883,True,True,True,correct
sub-039,138,correct,1,516.1992332242489,-2.012635690399745,True,True,True,correct
sub-039,139,correct,1,552.6248876545158,-4.278612016043832,True,True,True,correct
sub-039,140,correct,1,412.9806951670988,-0.6201520584120901,True,True,True,correct
sub-039,141,correct,1,451.17593394347847,-2.0222893950205547,True,True,True,correct
sub-039,142,error,0,494.1550190075919,-3.0372116808257563,False,True,True,error
sub-039,143,error,0,551.0881403265925,-2.373163485824425,False,True,True,error
sub-039,144,error,0,325.3222680639966,4.112171894633036,False,True,True,error
sub-039,145,error,0,503.3398194982738,-1.7947778171400826,False,True,True,error
sub-039,146,error,0,593.9090132255859,1.252551263506835,False,True,True,error
sub-039,147,correct,1,575.109368602946,-4.042193902259425,True,True,True,correct
sub-039,148,error,0,430.2968994033523,-1.2470867229445166,False,True,True,error
sub-039,149,correct,1,521.0938927752642,-1.780294707472862,True,True,True,correct
sub-039,150,correct,1,415.4488502156281,0.6912134915892181,True,True,True,correct
sub-039,151,correct,1,496.2536824332071,1.0083119528163205,True,True,True,correct
sub-039,152,correct,1,527.3908721820466,-0.4041120063162989,True,True,True,correct
sub-039,153,correct,1,427.4011432168469,-2.157819480294072,True,True,True,correct
sub-039,154,correct,1,384.1548921010777,-0.2118106572132645,True,True,True,correct
sub-039,155,error,0,420.6781697314048,-1.900320252683832,False,True,True,error
sub-039,156,correct,1,456.6044841000882,-4.049828580609988,True,True,True,correct
sub-039,157,correct,1,507.8722896511224,0.077958277137959,True,True,True,correct
sub-039,158,correct,1,526.6089308460004,-2.245105527227183,True,True,True,correct
sub-039,159,correct,1,391.7008012020376,0.3397528077230309,True,True,True,correct
sub-039,160,error,0,468.1614194130552,-5.186137719622938,False,True,True,error
sub-040,1,correct,1,585.1784540331928,1.49397495932079,True,True,True,correct
sub-040,2,correct,1,573.5975290976312,-3.740625903245734,True,True,True,correct
sub-040,3,correct,1,460.2360564603384,-2.486322468092641,True,True,True,correct
sub-040,4,correct,1,523.8180183756858,2.268255693141448,True,True,True,correct
sub-040,5,correct,1,600.3105887478793,0.4295645905376284,True,True,True,correct
sub-040,6,correct,1,516.4451543211676,-0.323719891531335,True,True,True,correct
sub-040,7,correct,1,391.8861597377481,2.669092894570321,True,True,True,correct
sub-040,8,correct,1,604.4977332947831,-2.174461188052986,True,True,True,correct
sub-040,9,correct,1,407.1017838261613,-2.996965000252428,True,True,True,correct
sub-040,10,correct,1,494.64311568343,1.366898372142293,True,True,True,correct
sub-040,11,correct,1,556.4211895216118,-0.6492259618690921,True,True,True,correct
sub-040,12,correct,1,671.902059127708,-2.1574290461453054,True,True,True,correct
sub-040,13,correct,1,350.21023088915,-1.606390456767452,True,True,True,correct
sub-040,14,correct,1,446.6300856918488,0.1667376771334721,True,True,True,correct
sub-040,15,correct,1,536.2567181456844,-0.69694484336173,True,True,True,correct
sub-040,16,correct,1,481.7657723188286,2.790167962675361,True,True,True,correct
sub-040,17,correct,1,397.8302722561645,-1.362769185983426,True,True,True,correct
sub-040,18,correct,1,514.4801067467944,1.4533737644063898,True,True,True,correct
sub-040,19,correct,1,334.5520751348271,-2.3817119272133884,True,True,True,correct
sub-040,20,correct,1,537.6264320286158,0.6409000714560114,True,True,True,correct
sub-040,21,correct,1,351.0436931469659,-1.917817264421095,True,True,True,correct
sub-040,22,correct,1,476.2799609777087,-1.299420247580693,True,True,True,correct
sub-040,23,correct,1,373.8079778107794,-1.7240306865331612,True,True,True,correct
sub-040,24,correct,1,474.8401318625603,-0.7914820937294011,True,True,True,correct
sub-040,25,correct,1,507.1079278110519,-1.6655564263651994,True,True,True,correct
sub-040,26,correct,1,500.8030551835528,2.89285013760663,True,True,True,correct
sub-040,27,correct,1,462.256468953663,-3.887591440859513,True,True,True,correct
sub-040,28,correct,1,491.5571781234106,-3.171393394765854,True,True,True,correct
sub-040,29,correct,1,503.0391108921357,-2.805342293057821,True,True,True,correct
sub-040,30,correct,1,467.9481543665486,-4.06451421991048,True,True,True,correct
sub-040,31,correct,1,430.19801179727546,0.6452641318626444,True,True,True,correct
sub-040,32,correct,1,547.5115257890055,-0.513655253805597,True,True,True,correct
sub-040,33,correct,1,621.1348669418934,0.6064651656537783,True,True,True,correct
sub-040,34,correct,1,484.5032582694111,-2.0502292510683957,True,True,True,correct
sub-040,35,correct,1,548.3385875295229,-1.4252952618092043,True,True,True,correct
sub-040,36,correct,1,448.0877063980925,-1.686744169387424,True,True,True,correct
sub-040,37,correct,1,464.0313424778659,-4.030528430590855,True,True,True,correct
sub-040,38,correct,1,433.9060051478998,-0.2150987096347495,True,True,True,correct
sub-040,39,correct,1,397.2079947734405,-0.4795720553369225,True,True,True,correct
sub-040,40,correct,1,552.477145468998,-2.5333606710414456,True,True,True,correct
sub-040,41,error,0,408.1968787221165,-0.9891358997033096,False,True,True,error
sub-040,42,correct,1,496.312328558964,1.7052067307495729,True,True,True,correct
sub-040,43,correct,1,601.7065708127092,-2.224497953425539,True,True,True,correct
sub-040,44,error,0,463.213034575544,-4.667905441198226,False,True,True,error
sub-040,45,correct,1,504.65285294205546,-1.4709875420203755,True,True,True,correct
sub-040,46,correct,1,562.4481088428113,0.6557658359720375,True,True,True,correct
sub-040,47,correct,1,375.01645160106,-5.339560899009136,True,True,True,correct
sub-040,48,error,0,369.6371635364955,-1.9797923319314583,False,True,True,error
sub-040,49,correct,1,484.3868151817101,-2.438535642199885,True,True,True,correct
sub-040,50,correct,1,394.01844265618354,2.994254259992976,True,True,True,correct
sub-040,51,correct,1,479.6986854296562,-2.4867603210769564,True,True,True,correct
sub-040,52,correct,1,426.84474799741946,0.765243433198669,True,True,True,correct
sub-040,53,correct,1,424.3287158937431,-0.4366203353931752,True,True,True,correct
sub-040,54,correct,1,398.1078271018181,-2.820594446442992,True,True,True,correct
sub-040,55,correct,1,545.6524918351574,-1.7063269870794224,True,True,True,correct
sub-040,56,error,0,536.2114691631546,1.521648901811843,False,True,True,error
sub-040,57,correct,1,440.4217790951202,-0.9269819990911948,True,True,True,correct
sub-040,58,correct,1,435.68217569108873,-1.2698077689573777,True,True,True,correct
sub-040,59,correct,1,446.5285510845756,-1.8254009213756093,True,True,True,correct
sub-040,60,correct,1,399.41342600304495,-1.3358514564350044,True,True,True,correct
sub-040,61,error,0,383.180227265439,0.5792425247327053,False,True,True,error
sub-040,62,error,0,426.28227813569737,-3.682106950604301,False,True,True,error
sub-040,63,correct,1,622.6433582780223,1.1836423298459766,True,True,True,correct
sub-040,64,correct,1,476.97942026953547,-4.744700237976311,True,True,True,correct
sub-040,65,correct,1,294.40518326580235,0.5785266061116863,True,True,True,correct
sub-040,66,correct,1,440.4857785745506,2.7741298358893647,True,True,True,correct
sub-040,67,correct,1,616.3827598531493,-0.795900412893263,True,True,True,correct
sub-040,68,correct,1,391.7360738658525,-0.4880114958343321,True,True,True,correct
sub-040,69,correct,1,545.6514219350814,-0.8626889891052133,True,True,True,correct
sub-040,70,error,0,282.5026697848582,-0.9552270352234596,False,True,True,error
sub-040,71,correct,1,520.076446356628,0.8692471798725694,True,True,True,correct
sub-040,72,error,0,349.6587295245762,-1.8297266485032269,False,True,True,error
sub-040,73,correct,1,449.0768814262008,-1.7713383134162544,True,True,True,correct
sub-040,74,correct,1,462.2123970364774,-3.1728377184369694,True,True,True,correct
sub-040,75,correct,1,413.8266702121117,3.0227773152937343,True,True,True,correct
sub-040,76,correct,1,485.5204760538656,1.778075772821945,True,True,True,correct
sub-040,77,correct,1,422.9500658911708,-0.5820054326181592,True,True,True,correct
sub-040,78,correct,1,488.8809380256669,-0.0384254500476684,True,True,True,correct
sub-040,79,correct,1,446.7791832742468,2.2924490107925277,True,True,True,correct
sub-040,80,correct,1,548.3595069469378,-0.6689558955826356,True,True,True,correct
sub-040,81,error,0,378.1988709270906,-2.271405194169809,False,True,True,error
sub-040,82,error,0,408.9329162951458,1.2196583038380722,False,True,True,error
sub-040,83,error,0,435.2757120911206,0.0525028290234816,False,True,True,error
sub-040,84,correct,1,362.6941495475641,-0.2090156699178806,True,True,True,correct
sub-040,85,correct,1,339.50366024759484,2.864381022482007,True,True,True,correct
sub-040,86,correct,1,369.017712894345,0.5340303757148184,True,True,True,correct
sub-040,87,correct,1,549.2821401490264,-2.16412896637594,True,True,True,correct
sub-040,88,error,0,467.80062420344046,-2.728998980150565,False,True,True,error
sub-040,89,error,0,400.87086011410986,-3.735412563087806,False,True,True,error
sub-040,90,correct,1,286.6820523055609,0.8343909081445064,True,True,True,correct
sub-040,91,correct,1,549.7412443165416,2.6853243560118054,True,True,True,correct
sub-040,92,correct,1,416.3625674848232,-1.4005713220886624,True,True,True,correct
sub-040,93,error,0,420.48316737708495,-1.770531560652341,False,True,True,error
sub-040,94,correct,1,534.6340796682501,-2.169441873017908,True,True,True,correct
sub-040,95,correct,1,346.42074751272827,2.200132980648672,True,True,True,correct
sub-040,96,error,0,434.4381479230024,-2.4495351898346263,False,True,True,error
sub-040,97,correct,1,240.6682627337811,-1.0139090063401492,True,True,True,correct
sub-040,98,correct,1,546.9127447893173,0.5802727622159805,True,True,True,correct
sub-040,99,correct,1,407.5186012671785,0.7957222589445816,True,True,True,correct
sub-040,100,correct,1,337.9033929688551,-1.274962080124724,True,True,True,correct
sub-040,101,correct,1,407.4076931459962,0.8574241778371896,True,True,True,correct
sub-040,102,correct,1,436.9430017613312,0.4962737102153982,True,True,True,correct
sub-040,103,correct,1,397.76452528681847,-1.8591149277230408,True,True,True,correct
sub-040,104,correct,1,480.2799820283519,-3.5891534258092817,True,True,True,correct
sub-040,105,correct,1,429.8208096672303,-2.828001786342205,True,True,True,correct
sub-040,106,error,0,466.2453684762143,-2.338475845396712,False,True,True,error
sub-040,107,correct,1,371.62871239099326,-0.7959716276359504,True,True,True,correct
sub-040,108,correct,1,673.0118216503502,0.5548165180162137,True,True,True,correct
sub-040,109,correct,1,484.4256412066091,-2.462999487219151,True,True,True,correct
sub-040,110,correct,1,544.3303630921658,1.4504792600189456,True,True,True,correct
sub-040,111,correct,1,441.63210459107154,-2.5471084717497376,True,True,True,correct
sub-040,112,correct,1,398.88345544950096,0.9569295543383028,True,True,True,correct
sub-040,113,correct,1,491.8218544636004,-1.2999137573462998,True,True,True,correct
sub-040,114,correct,1,426.0525315127884,1.7507620993798705,True,True,True,correct
sub-040,115,correct,1,352.39708752579503,-0.4890427968615295,True,True,True,correct
sub-040,116,correct,1,383.9749192074076,-3.803209747748488,True,True,True,correct
sub-040,117,error,0,500.36033425408766,-1.308303221412172,False,True,True,error
sub-040,118,correct,1,401.2467863079589,1.2605124739193148,True,True,True,correct
sub-040,119,correct,1,551.251123470508,1.0680351760199531,True,True,True,correct
sub-040,120,correct,1,549.6842140854957,-3.791895795423508,True,True,True,correct
sub-040,121,correct,1,478.8521933987552,-2.7350775509741947,True,True,True,correct
sub-040,122,correct,1,377.6376215249952,0.9625595254955616,True,True,True,correct
sub-040,123,correct,1,441.56530010701545,-3.1706741170923887,True,True,True,correct
sub-040,124,error,0,485.53814299612975,-1.9637538076450864,False,True,True,error
sub-040,125,correct,1,470.8659796006374,0.2747940869964114,True,True,True,correct
sub-040,126,correct,1,442.08102176725066,-2.998434476034303,True,True,True,correct
sub-040,127,correct,1,448.767716311344,2.31032554114487,True,True,True,correct
sub-040,128,correct,1,232.30985167041925,4.616847228558486,True,True,True,correct
sub-040,129,correct,1,520.0223526486394,-1.479209962053488,True,True,True,correct
sub-040,130,correct,1,591.123259279099,-0.4578454991843866,True,True,True,correct
sub-040,131,correct,1,424.3809870960464,-1.2719577199480945,True,True,True,correct
sub-040,132,correct,1,374.9802856158625,0.5423849118238668,True,True,True,correct
sub-040,133,correct,1,348.3744163869984,-2.945339024037489,True,True,True,correct
sub-040,134,correct,1,405.6335177652936,1.1916577419559555,True,True,True,correct
sub-040,135,correct,1,383.1061250621765,-1.5237153649895636,True,True,True,correct
sub-040,136,correct,1,417.0552937751078,-1.8479686528363255,True,True,True,correct
sub-040,137,correct,1,432.6652815270442,-0.3819186288881466,True,True,True,correct
sub-040,138,correct,1,342.77177303957814,-1.5214676130355755,True,True,True,correct
sub-040,139,correct,1,607.6407236203934,-2.5357123023679007,True,True,True,correct
sub-040,140,correct,1,408.1970450102935,-0.3024441472717396,True,True,True,correct
sub-040,141,error,0,486.6437836371598,-4.635632605170468,False,True,True,error
sub-040,142,correct,1,372.8025166676677,-0.6345673049209051,True,True,True,correct
sub-040,143,correct,1,352.84151602463294,-2.785580845777336,True,True,True,correct
sub-040,144,correct,1,448.5901111521509,-0.5073072376118207,True,True,True,correct
sub-040,145,correct,1,498.97401709408376,-2.1567150298126503,True,True,True,correct
sub-040,146,error,0,357.76506673200527,0.909873163741416,False,True,True,error
sub-040,147,error,0,348.3676527085654,-0.2213243982004089,False,True,True,error
sub-040,148,error,0,488.230200067905,-4.383929746663854,False,True,True,error
sub-040,149,correct,1,533.3901644965224,2.97004159810456,True,True,True,correct
sub-040,150,correct,1,446.7719184050205,0.5306862503991572,True,True,True,correct
sub-040,151,correct,1,479.7421759829503,-0.3815985311602652,True,True,True,correct
sub-040,152,error,0,405.2766907232112,-1.391858688651428,False,True,True,error
sub-040,153,correct,1,636.2286751858112,-4.652434933590803,True,True,True,correct
sub-040,154,error,0,363.612625651308,-3.3760781532621618,False,True,True,error
sub-040,155,correct,1,597.5467442251785,-1.6198741086065782,True,True,True,correct
sub-040,156,correct,1,373.5183478618184,2.49014302376243,True,True,True,correct
sub-040,157,correct,1,535.8916971393461,4.049977452476067,True,True,True,correct
sub-040,158,correct,1,505.3285135515443,-2.748541209291353,True,True,True,correct
sub-040,159,error,0,507.3952981784192,-1.2827637503007758,False,True,True,error
sub-040,160,correct,1,537.3379926115646,-1.9982129102124535,True,True,True,correct
